no_correlativo,aeronave,crew_chief,operador,agente_rampa,agente_mostrador,agente_fajas,agente_rayos_x,agente_limpieza
13818,1,1,1,5,1,1,1,5
13819,1,1,1,5,1,1,1,5
13820,1,1,1,5,1,1,1,5
13821,1,1,1,5,1,1,1,5
13823,1,1,1,5,1,1,1,5
13824,1,1,1,5,1,1,1,5
13825,1,1,1,5,1,1,1,5
13826,1,1,1,5,1,1,1,5
13827,1,1,1,5,1,1,1,5
13828,1,1,1,5,1,1,1,5
13829,1,1,1,5,1,1,1,5
13830,1,1,1,5,1,1,1,5
13831,1,1,1,5,1,1,1,5
13832,1,1,1,5,1,1,1,5
13833,1,1,1,5,1,1,1,5
13834,1,1,1,5,1,1,1,5
13835,1,1,1,5,1,1,1,5
13836,1,1,1,5,1,1,1,5
13837,1,1,1,5,1,1,1,5
13838,1,1,1,5,1,1,1,5
13839,1,1,1,5,1,1,1,5
13840,1,1,1,5,1,1,1,5
13841,1,1,1,5,1,1,1,5
13842,1,1,1,5,1,1,1,5
13843,1,1,1,5,1,1,1,5
13844,1,1,1,5,1,1,1,5
13845,1,1,1,5,1,1,1,5
13847,1,1,1,5,1,1,1,5
14178,1,1,1,5,1,1,1,5
14179,1,1,1,5,1,1,1,5
14181,1,1,1,5,1,1,1,5
14182,1,1,1,5,1,1,1,5
14183,1,1,1,5,1,1,1,5
14184,1,1,1,5,1,1,1,5
14185,1,1,1,5,1,1,1,5
14186,1,1,1,5,1,1,1,5
14187,1,1,1,5,1,1,1,5
14188,1,1,1,5,1,1,1,5
14189,1,1,1,5,1,1,1,5
14190,1,1,1,5,1,1,1,5
14191,1,1,1,5,1,1,1,5
14192,1,1,1,5,1,1,1,5
14193,1,1,1,5,1,1,1,5
14194,1,1,1,5,1,1,1,5
14195,1,1,1,5,1,1,1,5
14197,1,1,1,5,1,1,1,5
14198,1,1,1,5,1,1,1,5
14199,1,1,1,5,1,1,1,5
14200,1,1,1,5,1,1,1,5
14201,1,1,1,5,1,1,1,5
14202,1,1,1,5,1,1,1,5
14203,1,1,1,5,1,1,1,5
14204,1,1,1,5,1,1,1,5
14205,1,1,1,5,1,1,1,5
14206,1,1,1,5,1,1,1,5
14207,1,1,1,5,1,1,1,5
14358,1,1,1,5,1,1,1,5
14359,3,1,1,4,1,1,1,4
14360,3,1,1,4,1,1,1,4
14362,3,1,1,4,1,1,1,4
14363,3,1,1,4,1,1,1,4
14364,3,1,1,4,1,1,1,4
14365,3,1,1,4,1,1,1,4
14366,3,1,1,4,1,1,1,4
14367,3,1,1,4,1,1,1,4
14368,3,1,1,4,1,1,1,4
14369,3,1,1,4,1,1,1,4
14370,3,1,1,4,1,1,1,4
14371,3,1,1,4,1,1,1,4
14372,3,1,1,4,1,1,1,4
14373,3,1,1,4,1,1,1,4
14374,3,1,1,4,1,1,1,4
14375,3,1,1,4,1,1,1,4
14376,3,1,1,4,1,1,1,4
14377,3,1,1,4,1,1,1,4
14378,3,1,1,4,1,1,1,4
14379,3,1,1,4,1,1,1,4
14380,3,1,1,4,1,1,1,4
14381,3,1,1,4,1,1,1,4
14382,3,1,1,4,1,1,1,4
14383,3,1,1,4,1,1,1,4
14384,3,1,1,4,1,1,1,4
14385,3,1,1,4,1,1,1,4
14386,3,1,1,4,1,1,1,4
14387,3,1,1,4,1,1,1,4
15159,290,1,1,6,1,3,2,6
15165,290,1,1,6,1,3,2,6
15166,290,1,1,6,1,3,2,6
15170,290,1,1,6,1,3,2,6
15174,290,1,1,6,1,3,2,6
15175,290,1,1,6,1,3,2,6
15186,290,1,1,6,1,0,2,0
15187,290,1,1,6,1,0,2,0
15218,290,1,1,6,1,3,2,6
15219,290,1,1,6,1,3,2,6
15220,290,1,1,6,1,3,2,6
15221,290,1,1,6,1,3,2,6
15222,290,1,1,6,1,3,2,6
15223,290,1,1,6,1,3,2,6
15224,290,1,1,6,1,3,2,6
15225,290,1,1,6,1,3,2,6
15226,290,1,1,6,1,3,2,6
15227,290,1,1,6,1,3,2,6
15228,290,1,1,6,1,3,2,6
15229,290,1,1,6,1,3,2,6
15231,290,1,1,6,1,3,2,6
15232,290,1,1,6,1,3,2,6
15234,290,1,1,6,1,3,2,6
15235,290,1,1,6,1,3,2,6
15236,290,1,1,6,1,3,2,6
15237,290,1,1,6,1,3,2,6
15238,290,1,1,6,1,3,2,6
15239,290,1,1,6,1,3,2,6
15240,290,1,1,6,1,3,2,6
15241,290,1,1,6,1,3,2,6
15242,290,1,1,6,1,3,2,6
15243,290,1,1,6,1,3,2,6
15244,290,1,1,6,1,3,2,6
15245,290,1,1,6,1,3,2,6
15302,290,1,1,6,1,3,2,6
15303,290,1,1,6,1,3,2,6
15304,290,1,1,6,1,3,2,6
15305,290,1,1,6,1,3,2,6
15306,290,1,1,6,1,3,2,6
15307,290,1,1,6,1,3,2,6
15308,290,1,1,6,1,3,2,6
15309,290,1,1,6,1,3,2,6
15310,290,1,1,6,1,3,2,6
15311,290,1,1,6,1,3,2,6
15312,290,1,1,6,1,3,2,6
15313,290,1,1,6,1,3,2,6
15314,290,1,1,6,1,3,2,6
15315,290,1,1,6,1,3,2,6
15316,290,1,1,6,1,3,2,6
15317,290,1,1,6,1,3,2,6
15318,290,1,1,6,1,3,2,6
15319,290,1,1,6,1,3,2,6
15320,290,1,1,6,1,3,2,6
15321,290,1,1,6,1,3,2,6
15322,290,1,1,6,1,3,2,6
15323,290,1,1,6,1,3,2,6
15324,290,1,1,6,1,3,2,6
15326,290,1,1,6,1,3,2,6
15327,290,1,1,6,1,3,2,6
15328,290,1,1,6,1,3,2,6
15329,290,1,1,6,1,3,2,6
15398,290,1,1,6,1,3,2,6
15399,290,1,1,6,1,3,2,6
15400,290,1,1,6,1,3,2,6
15401,290,1,1,6,1,3,2,6
15402,290,1,1,6,1,3,2,6
15403,290,1,1,6,1,3,2,6
15404,290,1,1,6,1,3,2,6
15405,290,1,1,6,1,3,2,6
15406,290,1,1,6,1,3,2,6
15407,290,1,1,6,1,3,2,6
15408,290,1,1,6,1,3,2,6
15409,290,1,1,6,1,3,2,6
15410,290,1,1,6,1,3,2,6
15411,290,1,1,6,1,3,2,6
15412,290,1,1,6,1,3,2,6
15413,290,1,1,6,1,3,2,6
15414,290,1,1,6,1,3,2,6
15415,290,1,1,6,1,3,2,6
15416,290,1,1,6,1,3,2,6
15417,290,1,1,6,1,3,2,6
15418,290,1,1,6,1,3,2,6
15420,290,1,1,6,1,3,2,6
15421,290,1,1,6,1,3,2,6
15422,290,1,1,6,1,3,2,6
15423,290,1,1,6,1,3,2,6
15424,290,1,1,6,1,3,2,6
15425,290,1,1,6,1,3,2,6
15566,290,1,1,6,1,0,2,0
15567,290,1,1,6,1,0,2,0
15568,290,1,1,6,1,0,2,0
15569,290,1,1,6,1,0,2,0
15570,290,1,1,6,1,0,2,0
15572,290,1,1,6,1,0,2,0
15573,290,1,1,6,1,0,2,0
15574,290,1,1,6,1,0,2,0
15576,290,1,1,6,1,0,2,0
15577,290,1,1,6,1,0,2,0
15579,290,1,1,6,1,0,2,0
15580,290,1,1,6,1,0,2,0
15581,290,1,1,6,1,0,2,0
15582,290,1,1,6,1,0,2,0
15583,290,1,1,6,1,0,2,0
15584,290,1,1,6,1,0,2,0
15585,290,1,1,6,1,0,2,0
15586,290,1,1,6,1,0,2,0
15587,290,1,1,6,1,0,2,0
15588,290,1,1,6,1,0,2,0
15589,290,1,1,6,1,0,2,0
15590,290,1,1,6,1,0,2,0
15591,290,1,1,6,1,0,2,0
15592,290,1,1,6,1,0,2,0
15593,290,1,1,6,1,0,2,0
15651,257,1,1,5,1,0,1,0
15666,257,1,1,5,1,0,1,0
15671,257,1,1,5,1,0,1,0
15681,257,1,1,5,1,0,1,0
15720,257,1,1,5,1,0,1,0
15723,257,1,1,5,1,0,1,0
15771,257,1,1,5,1,0,1,0
15773,257,1,1,5,1,0,1,0
15821,257,1,1,5,1,0,1,0
15822,257,1,1,5,1,0,1,0
15823,257,1,1,5,1,0,1,0
15852,294,1,1,6,1,1,1,6
15853,294,1,1,6,1,1,1,6
15854,294,1,1,6,1,1,1,6
15855,294,1,1,6,1,1,1,6
15856,294,1,1,6,1,1,1,6
15857,294,1,1,6,1,1,1,6
15858,294,1,1,6,1,1,1,6
15897,294,1,1,6,1,1,1,6
15898,294,1,1,6,1,1,1,6
15899,294,1,1,6,1,1,1,6
15900,294,1,1,6,1,1,1,6
15901,294,1,1,6,1,1,1,6
15902,294,1,1,6,1,1,1,6
15903,294,1,1,6,1,1,1,6
15904,294,1,1,6,1,1,1,6
15905,294,1,1,6,1,1,1,6
15906,294,1,1,6,1,1,1,6
15907,294,1,1,6,1,1,1,6
15908,294,1,1,6,1,1,1,6
15909,294,1,1,6,1,1,1,6
15910,294,1,1,6,1,1,1,6
15911,294,1,1,6,1,1,1,6
15912,294,1,1,6,1,1,1,6
15913,294,1,1,6,1,1,1,6
15914,294,1,1,6,1,1,1,6
15915,294,1,1,6,1,1,1,6
15916,294,1,1,6,1,1,1,6
15917,294,1,1,6,1,1,1,6
15918,294,1,1,6,1,1,1,6
15981,257,1,1,5,1,0,1,0
16000,290,1,1,6,1,0,2,0
16007,257,1,1,5,1,0,1,0
16012,257,1,1,5,1,0,1,0
16017,257,1,1,5,1,0,1,0
16203,257,1,1,5,1,0,1,0
16204,257,1,1,5,1,0,1,0
16205,257,1,1,5,1,0,1,0
16206,257,1,1,5,1,0,1,0
16207,257,1,1,5,1,0,1,0
16208,257,1,1,5,1,0,1,0
16209,257,1,1,5,1,0,1,0
16210,257,1,1,5,1,0,1,0
16211,257,1,1,5,1,0,1,0
16212,257,1,1,5,1,0,1,0
16213,257,1,1,5,1,0,1,0
16214,257,1,1,5,1,0,1,0
16215,257,1,1,5,1,0,1,0
16216,257,1,1,5,1,0,1,0
16217,257,1,1,5,1,0,1,0
16218,257,1,1,5,1,0,1,0
16219,257,1,1,5,1,0,1,0
16220,257,1,1,5,1,0,1,0
16221,257,1,1,5,1,0,1,0
16222,257,1,1,5,1,0,1,0
16223,257,1,1,5,1,0,1,0
16224,257,1,1,5,1,0,1,0
16225,257,1,1,5,1,0,1,0
16226,257,1,1,5,1,0,1,0
16227,257,1,1,5,1,0,1,0
16580,257,1,1,5,1,0,1,0
16583,257,1,1,5,1,0,1,0
16586,257,1,1,5,1,0,1,0
16587,257,1,1,5,1,0,1,0
16588,257,1,1,5,1,0,1,0
16589,257,1,1,5,1,0,1,0
16590,257,1,1,5,1,0,1,0
16594,257,1,1,5,1,0,1,0
16595,257,1,1,5,1,0,1,0
16596,257,1,1,5,1,0,1,0
16598,257,1,1,5,1,0,1,0
16599,257,1,1,5,1,0,1,0
16600,257,1,1,5,1,0,1,0
16601,257,1,1,5,1,0,1,0
16602,257,1,1,5,1,0,1,0
16705,257,1,1,5,1,0,1,0
16706,257,1,1,5,1,0,1,0
16707,257,1,1,5,1,0,1,0
16709,257,1,1,5,1,0,1,0
16710,257,1,1,5,1,0,1,0
16711,257,1,1,5,1,0,1,0
16712,257,1,1,5,1,0,1,0
16713,257,1,1,5,1,0,1,0
16714,257,1,1,5,1,0,1,0
16715,257,1,1,5,1,0,1,0
16716,257,1,1,5,1,0,1,0
16717,257,1,1,5,1,0,1,0
16718,257,1,1,5,1,0,1,0
16719,257,1,1,5,1,0,1,0
16721,257,1,1,5,1,0,1,0
16722,257,1,1,5,1,0,1,0
16723,257,1,1,5,1,0,1,0
16724,257,1,1,5,1,0,1,0
16726,257,1,1,5,1,0,1,0
16727,257,1,1,5,1,0,1,0
16812,257,1,1,5,1,0,1,0
16813,257,1,1,5,1,0,1,0
16814,257,1,1,5,1,0,1,0
16815,257,1,1,5,1,0,1,0
16816,257,1,1,5,1,0,1,0
16817,257,1,1,5,1,0,1,0
16818,257,1,1,5,1,0,1,0
16819,257,1,1,5,1,0,1,0
16820,257,1,1,5,1,0,1,0
16821,257,1,1,5,1,0,1,0
16822,257,1,1,5,1,0,1,0
16823,257,1,1,5,1,0,1,0
16824,257,1,1,5,1,0,1,0
16825,257,1,1,5,1,0,1,0
16826,257,1,1,5,1,0,1,0
16827,257,1,1,5,1,0,1,0
16828,257,1,1,5,1,0,1,0
16986,290,1,1,6,1,0,2,0
16994,290,1,1,6,1,3,2,6
16995,290,1,1,6,1,3,2,6
16996,290,1,1,6,1,3,2,6
16997,290,1,1,6,1,3,2,6
16998,290,1,1,6,1,3,2,6
16999,290,1,1,6,1,3,2,6
17569,294,1,1,6,1,1,1,6
17570,294,1,1,6,1,1,1,6
17571,294,1,1,6,1,1,1,6
17572,294,1,1,6,1,1,1,6
17573,294,1,1,6,1,1,1,6
17574,294,1,1,6,1,1,1,6
17612,294,1,1,6,1,1,1,6
17613,294,1,1,6,1,1,1,6
17614,294,1,1,6,1,1,1,6
17615,294,1,1,6,1,1,1,6
17616,294,1,1,6,1,1,1,6
17617,294,1,1,6,1,1,1,6
17618,294,1,1,6,1,1,1,6
17619,294,1,1,6,1,1,1,6
17620,294,1,1,6,1,1,1,6
17621,294,1,1,6,1,1,1,6
17622,294,1,1,6,1,1,1,6
17623,294,1,1,6,1,1,1,6
17624,294,1,1,6,1,1,1,6
17625,294,1,1,6,1,1,1,6
17626,294,1,1,6,1,1,1,6
17627,294,1,1,6,1,1,1,6
17628,294,1,1,6,1,1,1,6
17629,294,1,1,6,1,1,1,6
17630,294,1,1,6,1,1,1,6
17631,294,1,1,6,1,1,1,6
17632,294,1,1,6,1,1,1,6
17633,294,1,1,6,1,1,1,6
17634,294,1,1,6,1,1,1,6
17635,294,1,1,6,1,1,1,6
17636,294,1,1,6,1,1,1,6
17749,1,1,1,5,1,1,1,5
17750,1,1,1,5,1,1,1,5
17751,1,1,1,5,1,1,1,5
17752,1,1,1,5,1,1,1,5
17753,1,1,1,5,1,1,1,5
17754,1,1,1,5,1,1,1,5
17755,3,1,1,4,1,1,1,4
17756,1,1,1,5,1,1,1,5
17757,1,1,1,5,1,1,1,5
17758,1,1,1,5,1,1,1,5
17759,1,1,1,5,1,1,1,5
17760,1,1,1,5,1,1,1,5
17761,1,1,1,5,1,1,1,5
17762,1,1,1,5,1,1,1,5
17763,1,1,1,5,1,1,1,5
17764,1,1,1,5,1,1,1,5
17765,1,1,1,5,1,1,1,5
17766,1,1,1,5,1,1,1,5
17767,1,1,1,5,1,1,1,5
17768,1,1,1,5,1,1,1,5
17769,1,1,1,5,1,1,1,5
17770,1,1,1,5,1,1,1,5
17771,1,1,1,5,1,1,1,5
17772,1,1,1,5,1,1,1,5
17773,1,1,1,5,1,1,1,5
17774,1,1,1,5,1,1,1,5
17775,1,1,1,5,1,1,1,5
17776,1,1,1,5,1,1,1,5
17777,1,1,1,5,1,1,1,5
17778,1,1,1,5,1,1,1,5
17779,1,1,1,5,1,1,1,5
17935,3,1,1,4,1,1,1,4
17936,3,1,1,4,1,1,1,4
17937,3,1,1,4,1,1,1,4
17938,3,1,1,4,1,1,1,4
17939,3,1,1,4,1,1,1,4
17940,3,1,1,4,1,1,1,4
17941,3,1,1,4,1,1,1,4
17942,3,1,1,4,1,1,1,4
17943,3,1,1,4,1,1,1,4
17944,3,1,1,4,1,1,1,4
17945,3,1,1,4,1,1,1,4
17946,3,1,1,4,1,1,1,4
17947,3,1,1,4,1,1,1,4
17948,1,1,1,5,1,1,1,5
17949,3,1,1,4,1,1,1,4
17950,3,1,1,4,1,1,1,4
17951,3,1,1,4,1,1,1,4
17952,3,1,1,4,1,1,1,4
17953,3,1,1,4,1,1,1,4
17954,3,1,1,4,1,1,1,4
17955,3,1,1,4,1,1,1,4
17956,3,1,1,4,1,1,1,4
17957,1,1,1,5,1,1,1,5
17958,3,1,1,4,1,1,1,4
17959,3,1,1,4,1,1,1,4
17960,3,1,1,4,1,1,1,4
17961,3,1,1,4,1,1,1,4
17962,3,1,1,4,1,1,1,4
17963,3,1,1,4,1,1,1,4
17964,3,1,1,4,1,1,1,4
17965,3,1,1,4,1,1,1,4
18060,290,1,1,6,1,3,2,6
18092,290,1,1,6,1,3,2,6
18093,290,1,1,6,1,3,2,6
18094,290,1,1,6,1,3,2,6
18095,290,1,1,6,1,3,2,6
18096,290,1,1,6,1,3,2,6
18097,290,1,1,6,1,3,2,6
18098,290,1,1,6,1,3,2,6
18099,290,1,1,6,1,3,2,6
18100,290,1,1,6,1,3,2,6
18101,290,1,1,6,1,3,2,6
18102,290,1,1,6,1,3,2,6
18103,290,1,1,6,1,3,2,6
18104,290,1,1,6,1,3,2,6
18105,290,1,1,6,1,3,2,6
18106,290,1,1,6,1,3,2,6
18107,290,1,1,6,1,3,2,6
18108,290,1,1,6,1,3,2,6
18109,290,1,1,6,1,3,2,6
18110,290,1,1,6,1,3,2,6
18111,290,1,1,6,1,3,2,6
18112,290,1,1,6,1,3,2,6
18113,290,1,1,6,1,3,2,6
18114,290,1,1,6,1,3,2,6
18115,290,1,1,6,1,3,2,6
18116,290,1,1,6,1,3,2,6
18117,290,1,1,6,1,3,2,6
18118,290,1,1,6,1,3,2,6
18119,290,1,1,6,1,3,2,6
18120,290,1,1,6,1,3,2,6
18121,290,1,1,6,1,3,2,6
18183,290,1,1,6,1,3,2,6
18184,290,1,1,6,1,3,2,6
18185,290,1,1,6,1,3,2,6
18186,290,1,1,6,1,3,2,6
18187,290,1,1,6,1,3,2,6
18188,290,1,1,6,1,3,2,6
18189,290,1,1,6,1,3,2,6
18190,290,1,1,6,1,3,2,6
18191,290,1,1,6,1,3,2,6
18192,290,1,1,6,1,3,2,6
18193,290,1,1,6,1,3,2,6
18194,290,1,1,6,1,3,2,6
18195,290,1,1,6,1,3,2,6
18196,290,1,1,6,1,3,2,6
18197,290,1,1,6,1,3,2,6
18199,290,1,1,6,1,3,2,6
18200,290,1,1,6,1,3,2,6
18201,290,1,1,6,1,3,2,6
18202,290,1,1,6,1,3,2,6
18203,290,1,1,6,1,3,2,6
18204,290,1,1,6,1,3,2,6
18205,290,1,1,6,1,3,2,6
18206,290,1,1,6,1,3,2,6
18207,290,1,1,6,1,3,2,6
18208,290,1,1,6,1,3,2,6
18209,290,1,1,6,1,3,2,6
18210,290,1,1,6,1,3,2,6
18211,290,1,1,6,1,3,2,6
18212,290,1,1,6,1,3,2,6
18213,290,1,1,6,1,3,2,6
18253,290,1,1,6,1,3,2,6
18254,290,1,1,6,1,3,2,6
18290,290,1,1,6,1,3,2,6
18291,290,1,1,6,1,3,2,6
18292,290,1,1,6,1,3,2,6
18293,290,1,1,6,1,3,2,6
18294,290,1,1,6,1,3,2,6
18295,290,1,1,6,1,3,2,6
18296,290,1,1,6,1,3,2,6
18297,290,1,1,6,1,3,2,6
18298,290,1,1,6,1,3,2,6
18299,290,1,1,6,1,3,2,6
18300,290,1,1,6,1,3,2,6
18301,290,1,1,6,1,3,2,6
18302,290,1,1,6,1,3,2,6
18303,290,1,1,6,1,3,2,6
18304,290,1,1,6,1,3,2,6
18305,290,1,1,6,1,3,2,6
18306,290,1,1,6,1,3,2,6
18307,290,1,1,6,1,3,2,6
18308,290,1,1,6,1,3,2,6
18309,290,1,1,6,1,3,2,6
18310,290,1,1,6,1,3,2,6
18311,290,1,1,6,1,3,2,6
18312,290,1,1,6,1,3,2,6
18313,290,1,1,6,1,3,2,6
18314,290,1,1,6,1,3,2,6
18315,290,1,1,6,1,3,2,6
18316,290,1,1,6,1,3,2,6
18317,290,1,1,6,1,3,2,6
18318,290,1,1,6,1,3,2,6
18319,290,1,1,6,1,3,2,6
18474,290,1,1,6,1,0,2,0
18475,290,1,1,6,1,0,2,0
18476,290,1,1,6,1,0,2,0
18477,290,1,1,6,1,0,2,0
18478,290,1,1,6,1,0,2,0
18479,290,1,1,6,1,0,2,0
18480,290,1,1,6,1,0,2,0
18481,290,1,1,6,1,0,2,0
18482,290,1,1,6,1,0,2,0
18483,290,1,1,6,1,0,2,0
18484,290,1,1,6,1,0,2,0
18485,290,1,1,6,1,0,2,0
18486,290,1,1,6,1,0,2,0
18487,290,1,1,6,1,0,2,0
18488,290,1,1,6,1,0,2,0
18489,290,1,1,6,1,0,2,0
18490,290,1,1,6,1,0,2,0
18491,290,1,1,6,1,0,2,0
18492,290,1,1,6,1,0,2,0
18494,290,1,1,6,1,0,2,0
18495,290,1,1,6,1,0,2,0
18496,290,1,1,6,1,0,2,0
18497,290,1,1,6,1,0,2,0
18498,290,1,1,6,1,0,2,0
18499,290,1,1,6,1,0,2,0
18500,290,1,1,6,1,0,2,0
18501,290,1,1,6,1,0,2,0
18502,290,1,1,6,1,0,2,0
18503,290,1,1,6,1,0,2,0
18504,290,1,1,6,1,0,2,0
18610,257,1,1,5,1,0,1,0
18611,257,1,1,5,1,0,1,0
18853,257,1,1,5,1,0,1,0
18854,257,1,1,5,1,0,1,0
18855,257,1,1,5,1,0,1,0
18856,257,1,1,5,1,0,1,0
18857,257,1,1,5,1,0,1,0
18858,257,1,1,5,1,0,1,0
18859,257,1,1,5,1,0,1,0
18860,257,1,1,5,1,0,1,0
18861,257,1,1,5,1,0,1,0
18862,257,1,1,5,1,0,1,0
18863,257,1,1,5,1,0,1,0
18864,257,1,1,5,1,0,1,0
18865,257,1,1,5,1,0,1,0
18866,257,1,1,5,1,0,1,0
18867,257,1,1,5,1,0,1,0
18868,257,1,1,5,1,0,1,0
18869,257,1,1,5,1,0,1,0
18870,257,1,1,5,1,0,1,0
18871,257,1,1,5,1,0,1,0
18872,257,1,1,5,1,0,1,0
18873,257,1,1,5,1,0,1,0
18874,257,1,1,5,1,0,1,0
18875,257,1,1,5,1,0,1,0
18876,257,1,1,5,1,0,1,0
18877,257,1,1,5,1,0,1,0
18878,257,1,1,5,1,0,1,0
18879,257,1,1,5,1,0,1,0
18880,257,1,1,5,1,0,1,0
18881,257,1,1,5,1,0,1,0
18882,257,1,1,5,1,0,1,0
18883,257,1,1,5,1,0,1,0
19323,257,1,1,5,1,0,1,0
19325,257,1,1,5,1,0,1,0
19330,257,1,1,5,1,0,1,0
19331,257,1,1,5,1,0,1,0
19332,257,1,1,5,1,0,1,0
19334,257,1,1,5,1,0,1,0
19338,257,1,1,5,1,0,1,0
19339,257,1,1,5,1,0,1,0
19340,257,1,1,5,1,0,1,0
19343,257,1,1,5,1,0,1,0
19345,257,1,1,5,1,0,1,0
19346,257,1,1,5,1,0,1,0
19347,257,1,1,5,1,0,1,0
19348,257,1,1,5,1,0,1,0
19349,257,1,1,5,1,0,1,0
19633,257,1,1,5,1,0,1,0
19634,257,1,1,5,1,0,1,0
19635,257,1,1,5,1,0,1,0
19636,257,1,1,5,1,0,1,0
19637,257,1,1,5,1,0,1,0
19638,257,1,1,5,1,0,1,0
19639,257,1,1,5,1,0,1,0
19640,257,1,1,5,1,0,1,0
19641,257,1,1,5,1,0,1,0
19642,257,1,1,5,1,0,1,0
19643,257,1,1,5,1,0,1,0
19644,257,1,1,5,1,0,1,0
19645,257,1,1,5,1,0,1,0
19646,257,1,1,5,1,0,1,0
19647,257,1,1,5,1,0,1,0
19648,257,1,1,5,1,0,1,0
19649,257,1,1,5,1,0,1,0
19650,257,1,1,5,1,0,1,0
19651,257,1,1,5,1,0,1,0
19652,257,1,1,5,1,0,1,0
19653,257,1,1,5,1,0,1,0
19654,257,1,1,5,1,0,1,0
19655,257,1,1,5,1,0,1,0
19656,257,1,1,5,1,0,1,0
19657,257,1,1,5,1,0,1,0
19658,257,1,1,5,1,0,1,0
19659,257,1,1,5,1,0,1,0
19660,257,1,1,5,1,0,1,0
19661,257,1,1,5,1,0,1,0
19662,257,1,1,5,1,0,1,0
19663,257,1,1,5,1,0,1,0
19745,257,1,1,5,1,0,1,0
19775,257,1,1,5,1,0,1,0
19776,257,1,1,5,1,0,1,0
19783,257,1,1,5,1,2,1,5
19836,257,1,1,5,1,0,1,0
19837,257,1,1,5,1,0,1,0
19838,257,1,1,5,1,0,1,0
19839,257,1,1,5,1,0,1,0
19840,257,1,1,5,1,0,1,0
19841,257,1,1,5,1,0,1,0
19842,257,1,1,5,1,0,1,0
19843,257,1,1,5,1,0,1,0
19844,257,1,1,5,1,0,1,0
19845,257,1,1,5,1,0,1,0
19846,257,1,1,5,1,0,1,0
19847,257,1,1,5,1,0,1,0
19848,257,1,1,5,1,0,1,0
19849,257,1,1,5,1,0,1,0
19850,257,1,1,5,1,0,1,0
19851,257,1,1,5,1,0,1,0
19852,257,1,1,5,1,0,1,0
19853,257,1,1,5,1,0,1,0
19854,257,1,1,5,1,0,1,0
19855,257,1,1,5,1,0,1,0
19856,257,1,1,5,1,0,1,0
19857,257,1,1,5,1,0,1,0
19905,290,1,1,6,1,3,2,6
19918,290,1,1,6,1,0,2,0
19981,257,1,1,5,1,0,1,0
19993,257,1,1,5,1,2,1,5
20004,257,1,1,5,1,0,1,0
20043,257,1,1,5,1,0,1,0
20072,257,1,1,5,1,0,1,0
20076,290,1,1,6,1,3,2,6
20318,257,1,1,5,1,0,1,0
20319,257,1,1,5,1,0,1,0
20320,257,1,1,5,1,0,1,0
20321,257,1,1,5,1,0,1,0
20322,257,1,1,5,1,0,1,0
20323,257,1,1,5,1,0,1,0
20324,257,1,1,5,1,0,1,0
20325,257,1,1,5,1,0,1,0
20326,257,1,1,5,1,0,1,0
20327,257,1,1,5,1,0,1,0
20328,257,1,1,5,1,0,1,0
20329,257,1,1,5,1,0,1,0
20330,257,1,1,5,1,0,1,0
20331,257,1,1,5,1,0,1,0
20332,257,1,1,5,1,0,1,0
20333,257,1,1,5,1,0,1,0
20334,257,1,1,5,1,0,1,0
20335,257,1,1,5,1,0,1,0
20336,257,1,1,5,1,0,1,0
20337,257,1,1,5,1,0,1,0
20338,257,1,1,5,1,0,1,0
20339,257,1,1,5,1,0,1,0
20340,257,1,1,5,1,0,1,0
20341,257,1,1,5,1,0,1,0
20342,257,1,1,5,1,0,1,0
20343,257,1,1,5,1,0,1,0
20344,257,1,1,5,1,0,1,0
20345,257,1,1,5,1,0,1,0
20346,257,1,1,5,1,0,1,0
20347,257,1,1,5,1,0,1,0
20348,257,1,1,5,1,0,1,0
20455,257,1,1,5,1,0,1,0
20456,257,1,1,5,1,0,1,0
20457,257,1,1,5,1,0,1,0
20458,257,1,1,5,1,0,1,0
20459,257,1,1,5,1,0,1,0
20460,257,1,1,5,1,0,1,0
20461,257,1,1,5,1,0,1,0
20462,257,1,1,5,1,0,1,0
20463,257,1,1,5,1,0,1,0
20464,257,1,1,5,1,0,1,0
20465,257,1,1,5,1,0,1,0
20466,257,1,1,5,1,0,1,0
20467,257,1,1,5,1,0,1,0
20468,257,1,1,5,1,0,1,0
20469,257,1,1,5,1,0,1,0
20470,257,1,1,5,1,0,1,0
20472,257,1,1,5,1,0,1,0
20473,257,1,1,5,1,0,1,0
20474,257,1,1,5,1,0,1,0
20475,257,1,1,5,1,0,1,0
20476,257,1,1,5,1,0,1,0
20585,257,1,1,5,1,0,1,0
20591,257,1,1,5,1,0,1,0
20593,257,1,1,5,1,0,1,0
20594,257,1,1,5,1,0,1,0
20596,257,1,1,5,1,0,1,0
20597,257,1,1,5,1,0,1,0
20598,257,1,1,5,1,0,1,0
20599,257,1,1,5,1,0,1,0
20602,257,1,1,5,1,0,1,0
20603,257,1,1,5,1,0,1,0
20605,257,1,1,5,1,0,1,0
20606,257,1,1,5,1,0,1,0
20607,257,1,1,5,1,0,1,0
20608,257,1,1,5,1,0,1,0
20738,257,1,1,5,1,0,1,0
20739,257,1,1,5,1,0,1,0
20740,257,1,1,5,1,0,1,0
20741,257,1,1,5,1,0,1,0
20742,257,1,1,5,1,0,1,0
20743,257,1,1,5,1,0,1,0
20744,257,1,1,5,1,0,1,0
20745,257,1,1,5,1,0,1,0
20746,257,1,1,5,1,0,1,0
20747,257,1,1,5,1,0,1,0
20748,257,1,1,5,1,0,1,0
20749,257,1,1,5,1,0,1,0
20750,257,1,1,5,1,0,1,0
20751,257,1,1,5,1,0,1,0
20752,257,1,1,5,1,0,1,0
20753,257,1,1,5,1,0,1,0
20754,257,1,1,5,1,0,1,0
20755,257,1,1,5,1,0,1,0
20756,257,1,1,5,1,0,1,0
20757,257,1,1,5,1,0,1,0
20758,257,1,1,5,1,0,1,0
20759,257,1,1,5,1,0,1,0
20760,257,1,1,5,1,0,1,0
20761,257,1,1,5,1,0,1,0
20762,257,1,1,5,1,0,1,0
20763,257,1,1,5,1,0,1,0
20764,257,1,1,5,1,0,1,0
20765,257,1,1,5,1,0,1,0
20766,257,1,1,5,1,0,1,0
20767,257,1,1,5,1,0,1,0
20768,257,1,1,5,1,0,1,0
21355,257,1,1,5,1,0,1,0
21356,257,1,1,5,1,0,1,0
21357,257,1,1,5,1,0,1,0
21358,257,1,1,5,1,0,1,0
21359,257,1,1,5,1,0,1,0
21361,257,1,1,5,1,0,1,0
21362,257,1,1,5,1,0,1,0
21363,257,1,1,5,1,0,1,0
21364,257,1,1,5,1,0,1,0
21366,257,1,1,5,1,0,1,0
21367,257,1,1,5,1,0,1,0
21459,1,1,1,5,1,1,1,5
21460,1,1,1,5,1,1,1,5
21461,1,1,1,5,1,1,1,5
21462,1,1,1,5,1,1,1,5
21463,1,1,1,5,1,1,1,5
21464,1,1,1,5,1,1,1,5
21465,1,1,1,5,1,1,1,5
21466,1,1,1,5,1,1,1,5
21467,1,1,1,5,1,1,1,5
21468,1,1,1,5,1,1,1,5
21469,1,1,1,5,1,1,1,5
21470,1,1,1,5,1,1,1,5
21471,1,1,1,5,1,1,1,5
21472,1,1,1,5,1,1,1,5
21473,1,1,1,5,1,1,1,5
21474,1,1,1,5,1,1,1,5
21475,1,1,1,5,1,1,1,5
21476,1,1,1,5,1,1,1,5
21477,1,1,1,5,1,1,1,5
21478,1,1,1,5,1,1,1,5
21479,1,1,1,5,1,1,1,5
21480,1,1,1,5,1,1,1,5
21481,1,1,1,5,1,1,1,5
21482,1,1,1,5,1,1,1,5
21483,1,1,1,5,1,1,1,5
21484,1,1,1,5,1,1,1,5
21485,1,1,1,5,1,1,1,5
21486,1,1,1,5,1,1,1,5
21487,1,1,1,5,1,1,1,5
21488,1,1,1,5,1,1,1,5
21489,1,1,1,5,1,1,1,5
21635,1,1,1,5,1,1,1,5
21636,1,1,1,5,1,1,1,5
21637,1,1,1,5,1,1,1,5
21638,1,1,1,5,1,1,1,5
21639,1,1,1,5,1,1,1,5
21640,1,1,1,5,1,1,1,5
21641,1,1,1,5,1,1,1,5
21642,1,1,1,5,1,1,1,5
21643,1,1,1,5,1,1,1,5
21644,1,1,1,5,1,1,1,5
21645,1,1,1,5,1,1,1,5
21646,1,1,1,5,1,1,1,5
21647,1,1,1,5,1,1,1,5
21648,1,1,1,5,1,1,1,5
21649,1,1,1,5,1,1,1,5
21650,1,1,1,5,1,1,1,5
21651,1,1,1,5,1,1,1,5
21652,1,1,1,5,1,1,1,5
21653,1,1,1,5,1,1,1,5
21654,1,1,1,5,1,1,1,5
21655,1,1,1,5,1,1,1,5
21656,1,1,1,5,1,1,1,5
21657,1,1,1,5,1,1,1,5
21658,1,1,1,5,1,1,1,5
21659,1,1,1,5,1,1,1,5
21660,1,1,1,5,1,1,1,5
21801,3,1,1,4,1,1,1,4
21802,3,1,1,4,1,1,1,4
21803,3,1,1,4,1,1,1,4
21804,3,1,1,4,1,1,1,4
21805,3,1,1,4,1,1,1,4
21806,3,1,1,4,1,1,1,4
21807,3,1,1,4,1,1,1,4
21808,1,1,1,5,1,1,1,5
21809,3,1,1,4,1,1,1,4
21810,3,1,1,4,1,1,1,4
21811,3,1,1,4,1,1,1,4
21812,3,1,1,4,1,1,1,4
21813,3,1,1,4,1,1,1,4
21814,3,1,1,4,1,1,1,4
21815,3,1,1,4,1,1,1,4
21816,3,1,1,4,1,1,1,4
21817,3,1,1,4,1,1,1,4
21818,3,1,1,4,1,1,1,4
21819,3,1,1,4,1,1,1,4
21820,1,1,1,5,1,1,1,5
21821,3,1,1,4,1,1,1,4
21822,3,1,1,4,1,1,1,4
21823,1,1,1,5,1,1,1,5
21824,3,1,1,4,1,1,1,4
21825,3,1,1,4,1,1,1,4
21826,3,1,1,4,1,1,1,4
21827,3,1,1,4,1,1,1,4
21828,3,1,1,4,1,1,1,4
21829,3,1,1,4,1,1,1,4
21830,3,1,1,4,1,1,1,4
21831,3,1,1,4,1,1,1,4
21956,290,1,1,6,1,3,2,6
21957,290,1,1,6,1,3,2,6
21958,290,1,1,6,1,3,2,6
21959,290,1,1,6,1,3,2,6
21960,290,1,1,6,1,3,2,6
21961,290,1,1,6,1,3,2,6
21962,290,1,1,6,1,3,2,6
21963,290,1,1,6,1,3,2,6
21964,290,1,1,6,1,3,2,6
21965,290,1,1,6,1,3,2,6
21966,290,1,1,6,1,3,2,6
21967,290,1,1,6,1,3,2,6
21968,290,1,1,6,1,3,2,6
21969,290,1,1,6,1,3,2,6
21970,290,1,1,6,1,3,2,6
21971,290,1,1,6,1,3,2,6
21972,290,1,1,6,1,3,2,6
21973,290,1,1,6,1,3,2,6
21974,290,1,1,6,1,3,2,6
21975,290,1,1,6,1,3,2,6
21976,290,1,1,6,1,3,2,6
21977,290,1,1,6,1,3,2,6
21978,290,1,1,6,1,3,2,6
21979,290,1,1,6,1,3,2,6
21980,290,1,1,6,1,3,2,6
21981,290,1,1,6,1,3,2,6
21982,290,1,1,6,1,3,2,6
21983,290,1,1,6,1,3,2,6
21984,290,1,1,6,1,3,2,6
21985,290,1,1,6,1,3,2,6
21986,290,1,1,6,1,3,2,6
22049,290,1,1,6,1,0,2,0
22050,290,1,1,6,1,0,2,0
22051,290,1,1,6,1,0,2,0
22052,290,1,1,6,1,0,2,0
22053,290,1,1,6,1,0,2,0
22054,290,1,1,6,1,0,2,0
22055,290,1,1,6,1,0,2,0
22056,290,1,1,6,1,0,2,0
22057,290,1,1,6,1,0,2,0
22058,290,1,1,6,1,0,2,0
22059,290,1,1,6,1,0,2,0
22060,290,1,1,6,1,0,2,0
22061,290,1,1,6,1,0,2,0
22062,290,1,1,6,1,0,2,0
22063,290,1,1,6,1,0,2,0
22064,290,1,1,6,1,0,2,0
22065,290,1,1,6,1,0,2,0
22066,290,1,1,6,1,0,2,0
22067,290,1,1,6,1,0,2,0
22068,290,1,1,6,1,0,2,0
22069,290,1,1,6,1,0,2,0
22070,290,1,1,6,1,0,2,0
22071,290,1,1,6,1,0,2,0
22072,290,1,1,6,1,0,2,0
22073,290,1,1,6,1,0,2,0
22074,290,1,1,6,1,0,2,0
22075,290,1,1,6,1,0,2,0
22076,290,1,1,6,1,0,2,0
22077,290,1,1,6,1,0,2,0
22078,290,1,1,6,1,0,2,0
22079,290,1,1,6,1,0,2,0
22126,290,1,1,6,1,3,2,6
22128,290,1,1,6,1,3,2,6
22129,290,1,1,6,1,3,2,6
22130,290,1,1,6,1,3,2,6
22131,290,1,1,6,1,3,2,6
22132,290,1,1,6,1,3,2,6
22134,290,1,1,6,1,3,2,6
22136,290,1,1,6,1,3,2,6
22137,290,1,1,6,1,3,2,6
22139,290,1,1,6,1,3,2,6
22172,290,1,1,6,1,3,2,6
22173,290,1,1,6,1,3,2,6
22174,290,1,1,6,1,3,2,6
22175,290,1,1,6,1,3,2,6
22176,290,1,1,6,1,3,2,6
22177,290,1,1,6,1,3,2,6
22178,290,1,1,6,1,3,2,6
22179,290,1,1,6,1,3,2,6
22180,290,1,1,6,1,3,2,6
22181,290,1,1,6,1,3,2,6
22182,290,1,1,6,1,3,2,6
22183,290,1,1,6,1,3,2,6
22184,290,1,1,6,1,3,2,6
22185,290,1,1,6,1,3,2,6
22186,290,1,1,6,1,3,2,6
22206,290,1,1,6,1,3,2,6
22207,290,1,1,6,1,3,2,6
22241,290,1,1,6,1,3,2,6
22242,290,1,1,6,1,3,2,6
22243,290,1,1,6,1,3,2,6
22245,290,1,1,6,1,3,2,6
22246,290,1,1,6,1,3,2,6
22247,290,1,1,6,1,3,2,6
22248,290,1,1,6,1,3,2,6
22249,290,1,1,6,1,3,2,6
22250,290,1,1,6,1,3,2,6
22251,290,1,1,6,1,3,2,6
22252,290,1,1,6,1,3,2,6
22253,290,1,1,6,1,3,2,6
22254,290,1,1,6,1,3,2,6
22255,290,1,1,6,1,3,2,6
22256,290,1,1,6,1,3,2,6
22257,290,1,1,6,1,3,2,6
22258,290,1,1,6,1,3,2,6
22259,290,1,1,6,1,3,2,6
22260,290,1,1,6,1,3,2,6
22261,290,1,1,6,1,3,2,6
22262,290,1,1,6,1,3,2,6
22263,290,1,1,6,1,3,2,6
22264,290,1,1,6,1,3,2,6
22265,290,1,1,6,1,3,2,6
22266,290,1,1,6,1,3,2,6
22267,290,1,1,6,1,3,2,6
22268,290,1,1,6,1,3,2,6
22269,290,1,1,6,1,3,2,6
22270,290,1,1,6,1,3,2,6
22271,290,1,1,6,1,3,2,6
22451,294,1,1,6,1,1,1,6
22455,294,1,1,6,1,1,1,6
22460,294,1,1,6,1,1,1,6
22462,294,1,1,6,1,1,1,6
22465,294,1,1,6,1,1,1,6
22469,294,1,1,6,1,1,1,6
22473,294,1,1,6,1,1,1,6
22477,294,1,1,6,1,1,1,6
23072,290,1,1,6,1,3,2,6
23073,290,1,1,6,1,3,2,6
23074,290,1,1,6,1,3,2,6
23075,290,1,1,6,1,3,2,6
23076,290,1,1,6,1,3,2,6
23077,290,1,1,6,1,3,2,6
23090,290,1,1,6,1,3,2,6
23091,290,1,1,6,1,3,2,6
23092,290,1,1,6,1,3,2,6
23093,290,1,1,6,1,3,2,6
23094,290,1,1,6,1,3,2,6
23095,290,1,1,6,1,3,2,6
23108,290,1,1,6,1,3,2,6
23109,290,1,1,6,1,3,2,6
23110,290,1,1,6,1,3,2,6
23111,290,1,1,6,1,3,2,6
23112,290,1,1,6,1,3,2,6
23113,290,1,1,6,1,3,2,6
23144,290,1,1,6,1,0,2,0
23145,290,1,1,6,1,0,2,0
23146,290,1,1,6,1,0,2,0
23147,290,1,1,6,1,0,2,0
23148,290,1,1,6,1,0,2,0
23149,290,1,1,6,1,0,2,0
23180,290,1,1,6,1,3,2,6
23181,290,1,1,6,1,3,2,6
23182,290,1,1,6,1,3,2,6
23183,290,1,1,6,1,3,2,6
23184,290,1,1,6,1,3,2,6
23185,290,1,1,6,1,3,2,6
23186,290,1,1,6,1,3,2,6
23187,290,1,1,6,1,3,2,6
23188,290,1,1,6,1,3,2,6
23189,290,1,1,6,1,3,2,6
23190,290,1,1,6,1,3,2,6
23191,290,1,1,6,1,3,2,6
23192,290,1,1,6,1,3,2,6
23193,290,1,1,6,1,3,2,6
23194,290,1,1,6,1,3,2,6
23195,290,1,1,6,1,3,2,6
23196,290,1,1,6,1,3,2,6
23197,290,1,1,6,1,3,2,6
23199,290,1,1,6,1,3,2,6
23200,290,1,1,6,1,3,2,6
23201,290,1,1,6,1,3,2,6
23202,290,1,1,6,1,3,2,6
23252,290,1,1,6,1,3,2,6
23253,290,1,1,6,1,3,2,6
23254,290,1,1,6,1,3,2,6
23255,290,1,1,6,1,3,2,6
23256,290,1,1,6,1,3,2,6
23257,290,1,1,6,1,3,2,6
23258,290,1,1,6,1,3,2,6
23259,290,1,1,6,1,3,2,6
23260,290,1,1,6,1,3,2,6
23261,290,1,1,6,1,3,2,6
23262,290,1,1,6,1,3,2,6
23263,290,1,1,6,1,3,2,6
23264,290,1,1,6,1,3,2,6
23265,290,1,1,6,1,3,2,6
23266,290,1,1,6,1,3,2,6
23267,290,1,1,6,1,3,2,6
23268,290,1,1,6,1,3,2,6
23269,290,1,1,6,1,3,2,6
23271,290,1,1,6,1,3,2,6
23272,290,1,1,6,1,3,2,6
23273,290,1,1,6,1,3,2,6
23274,290,1,1,6,1,3,2,6
23324,290,1,1,6,1,3,2,6
23325,290,1,1,6,1,3,2,6
23326,290,1,1,6,1,3,2,6
23328,290,1,1,6,1,3,2,6
23330,290,1,1,6,1,3,2,6
23332,290,1,1,6,1,3,2,6
23333,290,1,1,6,1,3,2,6
23334,290,1,1,6,1,3,2,6
23335,290,1,1,6,1,3,2,6
23336,290,1,1,6,1,3,2,6
23339,290,1,1,6,1,3,2,6
23340,290,1,1,6,1,3,2,6
23341,290,1,1,6,1,3,2,6
23342,290,1,1,6,1,3,2,6
23343,290,1,1,6,1,3,2,6
23344,290,1,1,6,1,3,2,6
23345,290,1,1,6,1,3,2,6
23346,290,1,1,6,1,3,2,6
23347,290,1,1,6,1,3,2,6
23468,290,1,1,6,1,0,2,0
23469,290,1,1,6,1,0,2,0
23470,290,1,1,6,1,0,2,0
23471,290,1,1,6,1,0,2,0
23472,290,1,1,6,1,0,2,0
23473,290,1,1,6,1,0,2,0
23474,290,1,1,6,1,0,2,0
23475,290,1,1,6,1,0,2,0
23476,290,1,1,6,1,0,2,0
23477,290,1,1,6,1,0,2,0
23478,290,1,1,6,1,0,2,0
23479,290,1,1,6,1,0,2,0
23480,290,1,1,6,1,0,2,0
23481,290,1,1,6,1,0,2,0
23482,290,1,1,6,1,0,2,0
23483,290,1,1,6,1,0,2,0
23484,290,1,1,6,1,0,2,0
23485,290,1,1,6,1,0,2,0
23486,290,1,1,6,1,0,2,0
23487,290,1,1,6,1,0,2,0
23488,290,1,1,6,1,0,2,0
23489,290,1,1,6,1,0,2,0
23490,290,1,1,6,1,0,2,0
23525,294,1,1,6,1,1,1,6
24105,257,1,1,5,1,0,1,0
24168,1,1,1,5,1,1,1,5
24169,1,1,1,5,1,1,1,5
24170,1,1,1,5,1,1,1,5
24171,1,1,1,5,1,1,1,5
24172,1,1,1,5,1,1,1,5
24173,1,1,1,5,1,1,1,5
24174,1,1,1,5,1,1,1,5
24175,1,1,1,5,1,1,1,5
24176,1,1,1,5,1,1,1,5
24177,1,1,1,5,1,1,1,5
24178,1,1,1,5,1,1,1,5
24179,1,1,1,5,1,1,1,5
24180,1,1,1,5,1,1,1,5
24181,1,1,1,5,1,1,1,5
24182,1,1,1,5,1,1,1,5
24183,1,1,1,5,1,1,1,5
24184,1,1,1,5,1,1,1,5
24185,1,1,1,5,1,1,1,5
24186,1,1,1,5,1,1,1,5
24187,1,1,1,5,1,1,1,5
24188,1,1,1,5,1,1,1,5
24189,1,1,1,5,1,1,1,5
24190,1,1,1,5,1,1,1,5
24191,1,1,1,5,1,1,1,5
24192,1,1,1,5,1,1,1,5
24193,1,1,1,5,1,1,1,5
24194,1,1,1,5,1,1,1,5
24195,1,1,1,5,1,1,1,5
24196,1,1,1,5,1,1,1,5
24342,3,1,1,4,1,1,1,4
24343,3,1,1,4,1,1,1,4
24344,3,1,1,4,1,1,1,4
24345,1,1,1,5,1,1,1,5
24346,3,1,1,4,1,1,1,4
24347,3,1,1,4,1,1,1,4
24348,3,1,1,4,1,1,1,4
24349,1,1,1,5,1,1,1,5
24350,3,1,1,4,1,1,1,4
24352,3,1,1,4,1,1,1,4
24353,1,1,1,5,1,1,1,5
24354,3,1,1,4,1,1,1,4
24355,3,1,1,4,1,1,1,4
24356,3,1,1,4,1,1,1,4
24357,3,1,1,4,1,1,1,4
24358,3,1,1,4,1,1,1,4
24359,3,1,1,4,1,1,1,4
24360,3,1,1,4,1,1,1,4
24361,3,1,1,4,1,1,1,4
24363,3,1,1,4,1,1,1,4
24364,3,1,1,4,1,1,1,4
24365,3,1,1,4,1,1,1,4
24366,1,1,1,5,1,1,1,5
24367,3,1,1,4,1,1,1,4
24368,3,1,1,4,1,1,1,4
24369,3,1,1,4,1,1,1,4
24370,3,1,1,4,1,1,1,4
24518,3,1,1,4,1,1,1,4
24519,3,1,1,4,1,1,1,4
24520,3,1,1,4,1,1,1,4
24521,3,1,1,4,1,1,1,4
24522,3,1,1,4,1,1,1,4
24523,3,1,1,4,1,1,1,4
24524,3,1,1,4,1,1,1,4
24525,3,1,1,4,1,1,1,4
24526,3,1,1,4,1,1,1,4
24527,3,1,1,4,1,1,1,4
24528,3,1,1,4,1,1,1,4
24529,3,1,1,4,1,1,1,4
24530,3,1,1,4,1,1,1,4
24531,3,1,1,4,1,1,1,4
24532,3,1,1,4,1,1,1,4
24533,3,1,1,4,1,1,1,4
24534,3,1,1,4,1,1,1,4
24535,3,1,1,4,1,1,1,4
24536,3,1,1,4,1,1,1,4
24537,3,1,1,4,1,1,1,4
24538,3,1,1,4,1,1,1,4
24539,3,1,1,4,1,1,1,4
24540,3,1,1,4,1,1,1,4
24541,3,1,1,4,1,1,1,4
24542,3,1,1,4,1,1,1,4
24543,3,1,1,4,1,1,1,4
24544,3,1,1,4,1,1,1,4
24545,3,1,1,4,1,1,1,4
24546,3,1,1,4,1,1,1,4
24547,3,1,1,4,1,1,1,4
24812,257,1,1,5,1,0,1,0
24813,257,1,1,5,1,0,1,0
24814,257,1,1,5,1,0,1,0
24815,257,1,1,5,1,0,1,0
24817,257,1,1,5,1,0,1,0
24818,257,1,1,5,1,0,1,0
24819,257,1,1,5,1,0,1,0
24820,257,1,1,5,1,0,1,0
24821,257,1,1,5,1,0,1,0
24822,257,1,1,5,1,0,1,0
24824,257,1,1,5,1,0,1,0
24825,257,1,1,5,1,0,1,0
24826,257,1,1,5,1,0,1,0
24827,257,1,1,5,1,0,1,0
24828,257,1,1,5,1,0,1,0
24927,257,1,1,5,1,2,1,5
24928,257,1,1,5,1,2,1,5
24929,257,1,1,5,1,2,1,5
24930,257,1,1,5,1,2,1,5
24931,257,1,1,5,1,2,1,5
24932,257,1,1,5,1,2,1,5
24933,257,1,1,5,1,2,1,5
24934,257,1,1,5,1,2,1,5
24935,257,1,1,5,1,2,1,5
24936,257,1,1,5,1,2,1,5
24937,257,1,1,5,1,2,1,5
24938,257,1,1,5,1,2,1,5
24939,257,1,1,5,1,2,1,5
24940,257,1,1,5,1,2,1,5
24941,257,1,1,5,1,2,1,5
24942,257,1,1,5,1,2,1,5
24943,257,1,1,5,1,2,1,5
24944,257,1,1,5,1,2,1,5
24945,257,1,1,5,1,2,1,5
24947,257,1,1,5,1,2,1,5
24948,257,1,1,5,1,2,1,5
24949,257,1,1,5,1,2,1,5
24950,257,1,1,5,1,2,1,5
24951,257,1,1,5,1,2,1,5
24952,257,1,1,5,1,2,1,5
24953,257,1,1,5,1,2,1,5
24954,257,1,1,5,1,2,1,5
24955,257,1,1,5,1,2,1,5
25220,257,1,1,5,1,0,1,0
25221,257,1,1,5,1,0,1,0
25222,257,1,1,5,1,0,1,0
25223,257,1,1,5,1,0,1,0
25224,257,1,1,5,1,0,1,0
25225,257,1,1,5,1,0,1,0
25226,257,1,1,5,1,0,1,0
25227,257,1,1,5,1,0,1,0
25228,257,1,1,5,1,0,1,0
25229,257,1,1,5,1,0,1,0
25230,257,1,1,5,1,0,1,0
25231,257,1,1,5,1,0,1,0
25232,257,1,1,5,1,0,1,0
25233,257,1,1,5,1,0,1,0
25234,257,1,1,5,1,0,1,0
25235,257,1,1,5,1,0,1,0
25236,257,1,1,5,1,0,1,0
25238,257,1,1,5,1,0,1,0
25239,257,1,1,5,1,0,1,0
25241,257,1,1,5,1,0,1,0
25242,257,1,1,5,1,0,1,0
25243,257,1,1,5,1,0,1,0
25244,257,1,1,5,1,0,1,0
25245,257,1,1,5,1,0,1,0
25246,257,1,1,5,1,0,1,0
25247,257,1,1,5,1,0,1,0
25816,257,1,1,5,1,0,1,0
25818,257,1,1,5,1,0,1,0
25819,257,1,1,5,1,0,1,0
25820,257,1,1,5,1,0,1,0
25821,257,1,1,5,1,0,1,0
25822,257,1,1,5,1,0,1,0
25823,257,1,1,5,1,0,1,0
25824,257,1,1,5,1,0,1,0
25825,257,1,1,5,1,0,1,0
25826,257,1,1,5,1,0,1,0
25827,257,1,1,5,1,0,1,0
25828,257,1,1,5,1,0,1,0
25829,257,1,1,5,1,0,1,0
25830,257,1,1,5,1,0,1,0
25831,257,1,1,5,1,0,1,0
25832,257,1,1,5,1,0,1,0
25833,257,1,1,5,1,0,1,0
25834,257,1,1,5,1,0,1,0
25835,257,1,1,5,1,0,1,0
25837,257,1,1,5,1,0,1,0
25838,257,1,1,5,1,0,1,0
25839,257,1,1,5,1,0,1,0
25840,257,1,1,5,1,0,1,0
25841,257,1,1,5,1,0,1,0
25842,257,1,1,5,1,0,1,0
25843,257,1,1,5,1,0,1,0
25844,257,1,1,5,1,0,1,0
25845,257,1,1,5,1,0,1,0
25987,257,1,1,5,1,0,1,0
25989,257,1,1,5,1,0,1,0
25992,257,1,1,5,1,0,1,0
26000,257,1,1,5,1,0,1,0
26002,257,1,1,5,1,0,1,0
26004,257,1,1,5,1,0,1,0
26011,257,1,1,5,1,0,1,0
26013,257,1,1,5,1,0,1,0
26147,290,1,1,6,1,3,2,6
26168,290,1,1,6,1,3,2,6
26179,257,1,1,5,1,2,1,5
26184,257,1,1,5,1,2,1,5
26189,257,1,1,5,1,0,1,0
26210,290,1,1,6,1,3,2,6
26615,1,1,1,5,1,1,1,5
26616,1,1,1,5,1,1,1,5
26617,1,1,1,5,1,1,1,5
26620,1,1,1,5,1,1,1,5
26621,1,1,1,5,1,1,1,5
26622,1,1,1,5,1,1,1,5
26624,1,1,1,5,1,1,1,5
26625,1,1,1,5,1,1,1,5
26628,1,1,1,5,1,1,1,5
26629,1,1,1,5,1,1,1,5
26632,1,1,1,5,1,1,1,5
26633,1,1,1,5,1,1,1,5
26636,1,1,1,5,1,1,1,5
26637,1,1,1,5,1,1,1,5
26640,1,1,1,5,1,1,1,5
26641,1,1,1,5,1,1,1,5
26789,3,1,1,4,1,1,1,4
26790,3,1,1,4,1,1,1,4
26791,3,1,1,4,1,1,1,4
26794,3,1,1,4,1,1,1,4
26795,3,1,1,4,1,1,1,4
26796,3,1,1,4,1,1,1,4
26798,3,1,1,4,1,1,1,4
26799,3,1,1,4,1,1,1,4
26802,3,1,1,4,1,1,1,4
26803,1,1,1,5,1,1,1,5
26806,3,1,1,4,1,1,1,4
26807,3,1,1,4,1,1,1,4
26810,3,1,1,4,1,1,1,4
26811,3,1,1,4,1,1,1,4
26814,3,1,1,4,1,1,1,4
26815,3,1,1,4,1,1,1,4
26963,3,1,1,4,1,1,1,4
26964,3,1,1,4,1,1,1,4
26965,3,1,1,4,1,1,1,4
26968,3,1,1,4,1,1,1,4
26969,3,1,1,4,1,1,1,4
26972,3,1,1,4,1,1,1,4
26973,3,1,1,4,1,1,1,4
26976,3,1,1,4,1,1,1,4
26977,3,1,1,4,1,1,1,4
26980,3,1,1,4,1,1,1,4
26981,3,1,1,4,1,1,1,4
26984,3,1,1,4,1,1,1,4
26985,3,1,1,4,1,1,1,4
26988,3,1,1,4,1,1,1,4
26989,3,1,1,4,1,1,1,4
27195,257,1,1,5,1,0,1,0
27198,257,1,1,5,1,0,1,0
27199,257,1,1,5,1,0,1,0
27202,257,1,1,5,1,0,1,0
27203,257,1,1,5,1,0,1,0
27292,257,1,1,5,1,2,1,5
27293,257,1,1,5,1,2,1,5
27297,257,1,1,5,1,2,1,5
27298,257,1,1,5,1,2,1,5
27302,257,1,1,5,1,2,1,5
27303,257,1,1,5,1,2,1,5
27307,257,1,1,5,1,2,1,5
27308,257,1,1,5,1,2,1,5
27311,257,1,1,5,1,2,1,5
27312,257,1,1,5,1,2,1,5
27315,257,1,1,5,1,2,1,5
27316,257,1,1,5,1,2,1,5
27319,257,1,1,5,1,2,1,5
27320,257,1,1,5,1,2,1,5
27588,257,1,1,5,1,0,1,0
27589,257,1,1,5,1,0,1,0
27592,257,1,1,5,1,0,1,0
27593,257,1,1,5,1,0,1,0
27597,257,1,1,5,1,0,1,0
27598,257,1,1,5,1,0,1,0
27602,257,1,1,5,1,0,1,0
27603,257,1,1,5,1,0,1,0
27606,257,1,1,5,1,0,1,0
27607,257,1,1,5,1,0,1,0
27610,257,1,1,5,1,0,1,0
27611,257,1,1,5,1,0,1,0
27613,257,1,1,5,1,0,1,0
27614,257,1,1,5,1,0,1,0
27898,257,1,1,5,1,0,1,0
27899,257,1,1,5,1,0,1,0
27907,257,1,1,5,1,0,1,0
27911,257,1,1,5,1,0,1,0
27912,257,1,1,5,1,0,1,0
27916,257,1,1,5,1,0,1,0
27920,257,1,1,5,1,0,1,0
28202,257,1,1,5,1,0,1,0
28203,257,1,1,5,1,0,1,0
28204,257,1,1,5,1,0,1,0
28207,257,1,1,5,1,0,1,0
28208,257,1,1,5,1,0,1,0
28209,257,1,1,5,1,0,1,0
28212,257,1,1,5,1,0,1,0
28213,257,1,1,5,1,0,1,0
28217,257,1,1,5,1,0,1,0
28221,257,1,1,5,1,0,1,0
28222,257,1,1,5,1,0,1,0
28225,257,1,1,5,1,0,1,0
28226,257,1,1,5,1,0,1,0
28229,257,1,1,5,1,0,1,0
28230,257,1,1,5,1,0,1,0
28300,290,1,1,6,1,3,2,6
28301,290,1,1,6,1,3,2,6
28302,290,1,1,6,1,3,2,6
28304,290,1,1,6,1,3,2,6
28315,290,1,1,6,1,3,2,6
28316,290,1,1,6,1,3,2,6
28317,290,1,1,6,1,3,2,6
28318,290,1,1,6,1,3,2,6
28319,290,1,1,6,1,3,2,6
28328,290,1,1,6,1,3,2,6
28329,290,1,1,6,1,3,2,6
28330,290,1,1,6,1,3,2,6
28336,290,1,1,6,1,3,2,6
28337,290,1,1,6,1,3,2,6
28399,290,1,1,6,1,3,2,6
28400,290,1,1,6,1,3,2,6
28403,290,1,1,6,1,3,2,6
28404,290,1,1,6,1,3,2,6
28407,290,1,1,6,1,3,2,6
28411,290,1,1,6,1,3,2,6
28414,290,1,1,6,1,3,2,6
28417,290,1,1,6,1,3,2,6
28418,290,1,1,6,1,3,2,6
28421,290,1,1,6,1,3,2,6
28422,290,1,1,6,1,3,2,6
28483,290,1,1,6,1,3,2,6
28484,290,1,1,6,1,3,2,6
28492,290,1,1,6,1,3,2,6
28493,290,1,1,6,1,3,2,6
28498,290,1,1,6,1,3,2,6
28502,290,1,1,6,1,3,2,6
28505,290,1,1,6,1,3,2,6
28506,290,1,1,6,1,3,2,6
28509,290,1,1,6,1,3,2,6
28510,290,1,1,6,1,3,2,6
28762,290,1,1,6,1,0,2,0
28767,290,1,1,6,1,0,2,0
28768,290,1,1,6,1,0,2,0
28772,290,1,1,6,1,0,2,0
28776,290,1,1,6,1,0,2,0
28780,290,1,1,6,1,0,2,0
28781,290,1,1,6,1,0,2,0
28784,290,1,1,6,1,0,2,0
28785,290,1,1,6,1,0,2,0
28788,290,1,1,6,1,0,2,0
28789,290,1,1,6,1,0,2,0
28855,290,1,1,6,1,0,2,0
28860,290,1,1,6,1,0,2,0
28865,290,1,1,6,1,0,2,0
28874,290,1,1,6,1,0,2,0
28877,290,1,1,6,1,0,2,0
28878,290,1,1,6,1,0,2,0
28881,290,1,1,6,1,0,2,0
28882,290,1,1,6,1,0,2,0
28973,290,1,1,6,1,3,2,6
28977,290,1,1,6,1,3,2,6
29018,290,1,1,6,1,3,2,6
29025,257,1,1,5,1,2,1,5
29029,290,1,1,6,1,3,2,6
29032,290,1,1,6,1,3,2,6
29966,290,1,1,6,1,3,2,6