id,inicio_paletizado,fin_paletizado,carga_EXPO_lista_rampa,inicio_despaletizado,fin_despaletizado,hora_asegurado,compartimientos_abiertos,inicio_descarga,fin_descarga,inicio_cargado,fin_cargado,compartimientos_cerrados,puerta_cerrada,hora_retro_empuje,hora_despegue,hora_aterrizaje,fin_limpieza_cabina,cierre_vuelo_mostrador,primer_equipaje_faja,ultimo_equipaje_faja,inicio_limpieza_cabina
60,,,,,,10:47:00,10:48:00,10:50:00,11:00:00,12:35:00,13:35:00,13:55:00,13:57:00,14:00:00,14:13:00,10:40:00,11:55:00,13:05:00,10:57:00,11:10:00,11:15:00
61,,,,,,10:45:00,10:46:00,10:48:00,10:15:00,12:30:00,13:40:00,13:57:00,13:59:00,14:08:00,14:26:00,10:40:00,11:45:00,13:15:00,11:08:00,11:20:00,11:10:00
62,,,,,,10:41:00,10:44:00,10:46:00,11:00:00,12:20:00,13:33:00,13:50:00,13:53:00,13:56:00,14:14:00,10:37:00,11:38:00,13:05:00,10:58:00,11:17:00,11:00:00
63,,,,,,10:34:00,10:40:00,10:42:00,11:07:00,12:35:00,13:50:00,13:52:00,13:55:00,13:58:00,14:08:00,10:25:00,11:28:00,13:06:00,10:50:00,11:05:00,10:55:00
65,,,,,,10:50:00,10:53:00,10:57:00,11:20:00,12:20:00,13:50:00,13:55:00,13:54:00,13:59:00,14:20:00,10:39:00,12:10:00,13:09:00,11:06:00,11:17:00,11:20:00
66,,,,,,11:03:00,11:04:00,11:05:00,11:20:00,12:40:00,13:45:00,13:55:00,13:58:00,14:02:00,14:20:00,10:58:00,12:25:00,13:20:00,11:15:00,11:30:00,11:25:00
67,,,,,,10:32:00,10:35:00,10:39:00,11:00:00,12:15:00,13:50:00,13:51:00,13:56:00,13:58:00,14:19:00,10:27:00,11:56:00,12:52:00,10:55:00,11:17:00,10:59:00
68,,,,,,11:20:00,11:21:00,11:24:00,11:38:00,12:50:00,13:55:00,14:01:00,14:08:00,14:10:00,14:10:00,11:20:00,12:30:00,13:11:00,11:33:00,11:42:00,11:34:00
71,,,,,,10:31:00,10:34:00,10:36:00,10:55:00,12:15:00,13:44:00,13:46:00,13:49:00,13:53:00,14:07:00,10:27:00,11:47:00,13:10:00,10:53:00,11:05:00,11:13:00
73,,,,,,10:30:00,10:31:00,10:34:00,10:43:00,12:26:00,13:55:00,14:02:00,14:08:00,14:09:00,14:22:00,10:25:00,11:30:00,13:23:00,10:38:00,10:49:00,10:49:00
74,,,,,,10:37:00,10:38:00,10:40:00,10:53:00,12:35:00,13:30:00,13:56:00,13:58:00,14:02:00,14:20:00,10:35:00,11:45:00,13:00:00,10:50:00,11:05:00,11:00:00
75,,,,,,10:31:00,10:32:00,10:33:00,10:52:00,12:35:00,13:45:00,13:55:00,13:52:00,13:57:00,14:15:00,10:28:00,11:35:00,13:10:00,10:45:00,11:58:00,10:57:00
76,,,,,,10:34:00,10:37:00,10:38:00,10:56:00,12:30:00,13:50:00,13:52:00,13:53:00,13:56:00,14:15:00,10:27:00,11:55:00,13:03:00,10:49:00,11:05:00,11:02:00
77,,,,,,10:45:00,10:48:00,10:50:00,11:10:00,12:30:00,13:50:00,13:54:00,13:54:00,14:02:00,14:32:00,10:39:00,12:08:00,13:09:00,10:59:00,11:20:00,11:16:00
78,,,,,,10:38:00,10:40:00,10:41:00,11:05:00,12:35:00,13:45:00,13:55:00,14:00:00,14:05:00,14:20:00,10:37:00,11:50:00,13:02:00,10:53:00,11:10:00,11:10:00
81,,,,,,10:39:00,10:43:00,11:45:00,11:05:00,12:30:00,13:45:00,13:46:00,13:53:00,13:55:00,13:15:00,10:33:00,12:08:00,13:03:00,10:52:00,11:13:00,11:08:00
82,,,,,,11:08:00,11:09:00,11:12:00,11:22:00,12:30:00,13:47:00,13:50:00,13:52:00,13:55:00,14:09:00,10:57:00,12:00:00,13:00:00,11:18:00,11:28:00,11:25:00
83,,,,,,10:35:00,10:40:00,10:43:00,10:55:00,12:10:00,13:40:00,13:50:00,13:52:00,13:54:00,14:14:00,10:30:00,11:27:00,13:04:00,10:51:00,11:00:00,11:00:00
85,,,,,,10:38:00,10:39:00,10:40:00,11:05:00,12:40:00,13:40:00,13:52:00,13:54:00,13:58:00,14:20:00,10:35:00,11:35:00,13:00:00,10:52:00,11:03:00,10:50:00
86,,,,,,10:45:00,10:48:00,10:50:00,11:05:00,12:30:00,13:40:00,13:43:00,13:48:00,13:51:00,14:07:00,10:35:00,12:10:00,13:04:00,11:00:00,11:15:00,11:27:00
87,,,,,,10:59:00,11:02:00,11:04:00,11:13:00,12:30:00,13:40:00,13:44:00,13:43:00,13:50:00,14:15:00,10:50:00,11:36:00,,10:59:00,11:20:00,11:13:00
147,,,,,,,06:32:00,,,06:42:00,06:50:00,06:55:00,,,,,,,,,
148,00:00:00,23:59:00,,13:20:00,15:20:00,13:04:00,13:10:00,13:12:00,13:18:00,14:30:00,14:40:00,14:41:00,14:43:00,14:45:00,15:00:00,13:01:00,13:20:00,,,,
149,,,,,,,,,,06:40:00,07:20:00,07:23:00,,,,,,,,,
150,,,,,,,06:45:00,,,06:50:00,07:05:00,07:10:00,,,,,,,,,
152,,,,,,,,,,06:40:00,07:20:00,07:23:00,,,,,,,,,
153,,,,,,,06:30:00,,,06:33:00,06:58:00,07:00:00,,,,,,,,,
157,,,06:30:00,,,,,,,06:30:00,07:00:00,07:00:00,07:00:00,,07:10:00,,,,,,
158,,,,,,,,,,10:45:00,07:10:00,,,,,,,,,,
159,,,,,,,,,,06:30:00,07:00:00,07:03:00,,,,,,,,,
160,,,,,,,,,,06:30:00,07:00:00,07:03:00,,,,,,,,,
161,,,,,,,,,,06:30:00,07:10:00,,,,,,,,,,
164,,,,,,,12:45:00,12:47:00,13:05:00,,,13:15:00,,,,,,,,,
165,,,,,,,13:05:00,13:20:00,13:40:00,,,,,,,,,,,,
166,00:00:00,,,,,,13:20:00,13:22:00,13:52:00,,,,,,,,,,,,
167,,,,,,,13:00:00,13:05:00,13:35:00,,,,,,,,,,,,
168,,,,,,,,12:40:00,13:10:00,,,,,,,,,,,,
169,,,,,,,12:38:00,12:40:00,13:10:00,,,,,,,,,,,,
174,,,,,,,13:08:00,13:09:00,13:45:00,,,,,,,,,,,,
175,,,,,,,12:50:00,12:55:00,13:30:00,,,,,,,,,,,,
176,,,,,,,12:58:00,13:00:00,13:45:00,,,,,,,,,,,,
177,,,,,,,13:00:00,13:05:00,13:40:00,,,,,,,,,,,,
178,,,,,,,12:50:00,12:52:00,13:20:00,,,,,,,,,,,,
185,00:00:00,23:59:00,01:00:00,,,00:06:00,00:08:00,00:15:00,00:37:00,00:42:00,01:15:00,01:20:00,01:21:00,01:28:00,01:38:00,00:03:00,,,,,
186,00:00:00,23:59:00,01:10:00,,,00:15:00,00:17:00,00:26:00,00:46:00,00:50:00,01:22:00,01:26:00,01:30:00,01:33:00,01:45:00,00:12:00,,,,,
202,00:00:00,23:59:00,11:00:00,,,11:42:00,11:47:00,11:25:00,12:15:00,12:16:00,12:53:00,12:55:00,13:02:00,13:08:00,13:22:00,11:26:00,,,,,
203,00:00:00,23:59:00,09:10:00,10:00:00,11:15:00,09:40:00,09:43:00,09:50:00,10:11:00,10:12:00,10:31:00,10:34:00,10:45:00,10:52:00,11:02:00,09:29:00,10:00:00,,,,
204,00:00:00,23:59:00,09:15:00,,,09:54:00,09:57:00,10:05:00,10:25:00,10:26:00,10:38:00,10:41:00,10:48:00,10:53:00,11:08:00,09:45:00,,,,,
221,00:00:00,23:59:00,09:30:00,00:00:00,23:59:00,09:50:00,11:03:00,10:03:00,10:21:00,10:21:00,10:40:00,11:03:00,11:04:00,11:22:00,11:35:00,09:40:00,00:00:00,,,,
222,00:00:00,23:59:00,09:15:00,09:45:00,11:30:00,09:29:00,09:32:00,09:39:00,09:50:00,09:51:00,10:10:00,10:18:00,10:24:00,10:39:00,10:49:00,09:19:00,09:45:00,,,,
223,00:00:00,03:59:00,08:55:00,09:40:00,11:30:00,09:20:00,09:25:00,09:38:00,09:26:00,09:57:00,10:15:00,10:18:00,10:22:00,10:44:00,11:03:00,09:07:00,09:40:00,,,,
287,00:00:00,23:59:00,02:00:00,02:35:00,,02:35:00,02:39:00,02:50:00,03:08:00,03:10:00,03:50:00,03:52:00,03:55:00,04:02:00,04:12:00,02:33:00,02:35:00,,,,
288,00:00:00,23:59:00,02:00:00,,,00:55:00,00:57:00,01:06:00,01:25:00,02:15:00,02:50:00,02:55:00,02:56:00,02:58:00,03:05:00,00:52:00,,,,,
289,00:00:00,23:59:00,01:00:00,,,01:10:00,01:13:00,01:23:00,01:50:00,01:54:00,02:32:00,02:34:00,02:40:00,02:45:00,02:55:00,01:08:00,,,,,
316,00:00:00,,08:00:00,,,08:27:00,08:31:00,08:35:00,08:53:00,08:55:00,09:18:00,09:21:00,09:25:00,09:28:00,09:40:00,08:17:00,,,,,
320,00:00:00,23:59:00,10:23:00,,,11:18:00,11:24:00,11:26:00,11:40:00,11:40:00,11:58:00,12:00:00,12:18:00,12:25:00,12:35:00,11:09:00,,,,,
325,00:00:00,23:59:00,06:17:00,,,06:22:00,06:29:00,06:35:00,06:45:00,06:45:00,07:10:00,07:17:00,07:30:00,07:38:00,07:50:00,06:14:00,,,,,
327,00:00:00,23:59:00,06:15:00,,,06:55:00,07:00:00,07:10:00,07:30:00,07:30:00,08:00:00,08:17:00,08:18:00,08:22:00,08:42:00,06:46:00,,,,,
406,,,,,,16:38:00,16:39:00,16:40:00,16:50:00,16:59:00,17:20:00,17:29:00,17:32:00,17:34:00,17:45:00,16:32:00,17:01:00,16:45:00,16:45:00,16:55:00,16:49:00
407,,,,,,16:40:00,16:44:00,16:46:00,16:50:00,17:04:00,17:15:00,17:30:00,17:30:00,17:32:00,17:46:00,16:32:00,17:00:00,16:38:00,16:52:00,17:01:00,16:52:00
408,,,,,,17:03:00,17:07:00,17:09:00,17:11:00,17:17:00,17:35:00,17:48:00,17:53:00,17:55:00,18:09:00,17:00:00,17:40:00,17:05:00,17:19:00,17:22:00,17:30:00
409,,,,,,16:51:00,16:54:00,16:57:00,17:02:00,17:05:00,17:30:00,17:45:00,17:44:00,17:50:00,18:14:00,16:44:00,17:14:00,16:45:00,17:04:00,17:06:00,17:04:00
411,,,,,,17:21:00,17:22:00,17:25:00,17:30:00,17:36:00,17:50:00,18:08:00,18:12:00,18:15:00,18:22:00,17:14:00,17:38:00,16:15:00,17:28:00,17:35:00,17:28:00
412,,,,,,16:41:00,,16:46:00,16:51:00,16:57:00,17:19:00,17:30:00,17:33:00,17:34:00,17:48:00,16:34:00,17:05:00,16:37:00,16:56:00,17:10:00,16:55:00
413,,,,,,17:00:00,17:04:00,17:06:00,17:10:00,17:13:00,17:36:00,17:49:00,17:49:00,17:50:00,18:01:00,16:57:00,17:22:00,17:02:00,17:13:00,17:23:00,17:15:00
415,,,,,,16:57:00,16:59:00,17:00:00,17:09:00,17:11:00,17:25:00,17:42:00,17:45:00,17:48:00,18:00:00,16:53:00,17:23:00,16:48:00,17:04:00,17:14:00,17:13:00
416,,,,,,16:49:00,16:52:00,16:55:00,16:59:00,17:04:00,17:16:00,17:30:00,17:31:00,17:35:00,17:46:00,16:46:00,17:13:00,16:40:00,17:02:00,17:14:00,17:03:00
417,,,,,,17:09:00,17:11:00,17:13:00,17:25:00,17:28:00,17:40:00,18:00:00,18:04:00,18:10:00,18:20:00,17:05:00,17:32:00,17:50:00,17:20:00,17:30:00,17:20:00
418,,,,,,16:38:00,16:40:00,16:41:00,16:48:00,16:47:00,17:24:00,17:42:00,17:43:00,17:46:00,18:00:00,16:31:00,17:00:00,16:49:00,16:48:00,16:50:00,16:49:00
419,,,,,,16:36:00,16:40:00,16:42:00,16:48:00,16:50:00,17:10:00,17:30:00,17:31:00,17:35:00,17:53:00,16:33:00,17:05:00,16:42:00,16:45:00,16:55:00,16:55:00
420,,,,,,16:37:00,16:41:00,16:44:00,16:52:00,16:55:00,17:17:00,17:31:00,17:32:00,17:35:00,17:48:00,16:34:00,17:00:00,16:40:00,16:50:00,16:59:00,16:50:00
421,,,,,,16:18:00,16:22:00,16:25:00,16:29:00,16:48:00,17:05:00,17:29:00,17:29:00,17:32:00,17:44:00,16:14:00,16:46:00,16:39:00,16:29:00,16:36:00,16:30:00
422,,,,,,16:34:00,16:40:00,16:42:00,16:45:00,16:55:00,17:15:00,17:21:00,17:26:00,17:28:00,17:42:00,16:29:00,16:57:00,16:45:00,16:45:00,16:55:00,16:50:00
423,,,,,,16:30:00,16:33:00,16:35:00,16:40:00,16:43:00,17:14:00,17:30:00,17:32:00,17:34:00,17:52:00,16:26:00,16:54:00,16:38:00,16:44:00,16:48:00,16:43:00
424,,,,,,16:51:00,16:55:00,16:56:00,17:03:00,17:07:00,17:20:00,17:37:00,17:04:00,17:46:00,18:00:00,16:48:00,17:15:00,16:39:00,17:00:00,17:06:00,16:59:00
427,,,,,,16:16:00,16:21:00,16:23:00,16:28:00,16:35:00,17:00:00,17:30:00,17:31:00,17:35:00,17:49:00,16:12:00,16:42:00,16:38:00,16:16:00,16:35:00,16:32:00
428,,,,,,17:59:00,18:03:00,18:05:00,18:13:00,18:17:00,18:25:00,18:49:00,18:50:00,18:54:00,19:04:00,17:56:00,18:23:00,17:35:00,18:08:00,18:18:00,18:10:00
429,,,,,,16:42:00,16:46:00,16:48:00,16:55:00,16:58:00,17:16:00,17:33:00,17:33:00,17:36:00,17:44:00,16:31:00,17:09:00,16:40:00,16:55:00,16:59:00,16:58:00
430,,,,,,16:39:00,16:43:00,16:45:00,16:50:00,16:55:00,17:23:00,17:30:00,17:33:00,17:36:00,17:50:00,16:33:00,16:55:00,16:41:00,16:51:00,16:57:00,16:45:00
431,,,,,,16:42:00,16:47:00,16:50:00,16:58:00,17:05:00,17:25:00,17:30:00,17:32:00,17:34:00,17:56:00,16:39:00,17:11:00,16:57:00,16:59:00,17:07:00,17:01:00
432,,,,,,16:34:00,16:37:00,16:39:00,16:44:00,16:51:00,17:21:00,17:26:00,17:29:00,17:40:00,17:52:00,16:27:00,16:57:00,16:35:00,16:45:00,16:50:00,16:45:00
548,20:00:00,23:59:00,08:12:00,,,08:43:00,08:46:00,08:50:00,09:15:00,09:16:00,09:27:00,09:29:00,09:33:00,09:39:00,09:50:00,08:32:00,,,,,
549,00:00:00,23:59:00,04:35:00,,,05:00:00,05:05:00,05:15:00,05:40:00,05:40:00,05:53:00,05:55:00,05:58:00,06:06:00,06:17:00,04:50:00,,,,,
551,00:00:00,23:59:00,,,,16:56:00,20:04:00,20:12:00,20:42:00,20:48:00,21:17:00,21:23:00,21:25:00,21:35:00,21:48:00,19:46:00,,,,,
553,00:00:00,23:59:00,07:45:00,,,08:35:00,08:40:00,08:45:00,09:05:00,09:05:00,09:33:00,09:35:00,09:38:00,09:47:00,10:00:00,08:22:00,,,,,
623,,,,,,14:34:00,14:35:00,14:36:00,14:54:00,14:56:00,15:37:00,15:38:00,15:39:00,15:40:00,15:50:00,14:29:00,15:00:00,15:00:00,14:46:00,14:56:00,14:52:00
625,,,,,,15:10:00,15:13:00,15:16:00,15:30:00,15:33:00,15:48:00,15:56:00,15:59:00,16:02:00,16:20:00,15:04:00,15:35:00,15:05:00,15:24:00,15:39:00,15:25:00
628,,,,,,14:48:00,14:51:00,14:54:00,15:05:00,15:07:00,15:26:00,15:35:00,15:36:00,15:38:00,15:56:00,14:44:00,15:07:00,14:50:00,15:02:00,15:14:00,14:54:00
631,,,,,,15:45:00,15:48:00,15:50:00,15:59:00,16:02:00,16:15:00,16:27:00,16:31:00,16:34:00,16:52:00,15:40:00,16:01:00,15:21:00,16:00:00,06:09:00,15:52:00
665,,,,,,13:02:00,13:24:00,13:27:00,13:39:00,14:02:00,14:27:00,14:28:00,14:29:00,14:30:00,14:52:00,13:17:00,13:46:00,13:44:00,13:35:00,13:47:00,13:35:00
666,,,,,,20:25:00,20:23:00,20:26:00,20:39:00,,,20:42:00,,,,20:20:00,21:10:00,,20:35:00,20:48:00,20:41:00
667,,,,,,15:14:00,15:17:00,15:21:00,15:33:00,15:42:00,16:02:00,16:05:00,16:05:00,16:14:00,16:32:00,15:04:00,15:40:00,14:55:00,15:30:00,15:42:00,15:32:00
668,,,,,,13:52:00,13:55:00,13:58:00,14:12:00,14:15:00,14:28:00,14:39:00,15:23:00,15:23:00,16:05:00,13:43:00,14:21:00,00:00:00,14:07:00,14:21:00,14:10:00
669,,,,,,13:39:00,13:42:00,13:45:00,13:54:00,13:56:00,14:25:00,14:27:00,14:28:00,14:33:00,14:48:00,13:33:00,14:04:00,13:45:00,13:45:00,14:03:00,13:54:00
670,,,,,,13:18:00,13:19:00,13:20:00,13:34:00,13:50:00,14:09:00,14:29:00,14:31:00,14:37:00,14:45:00,13:14:00,13:38:00,13:45:00,13:29:00,13:37:00,13:30:00
671,,,,,,14:38:00,14:39:00,14:40:00,14:50:00,14:55:00,15:20:00,15:22:00,15:25:00,15:30:00,15:38:00,14:33:00,15:01:00,14:45:00,14:47:00,14:53:00,14:50:00
672,,,,,,13:25:00,13:26:00,13:27:00,13:37:00,13:45:00,14:15:00,14:32:00,14:34:00,14:39:00,14:47:00,13:15:00,13:44:00,13:40:00,13:34:00,13:39:00,13:34:00
673,,,,,,13:09:00,13:10:00,13:11:00,13:20:00,13:30:00,13:55:00,14:35:00,14:38:00,14:40:00,14:48:00,13:05:00,13:27:00,13:50:00,13:17:00,13:26:00,13:19:00
674,,,,,,13:27:00,13:40:00,13:33:00,13:43:00,13:40:00,14:32:00,14:34:00,14:40:00,14:43:00,15:00:00,13:21:00,13:44:00,13:45:00,13:42:00,13:52:00,13:35:00
675,,,,,,13:15:00,13:18:00,13:21:00,13:26:00,13:55:00,14:03:00,14:25:00,14:29:00,14:32:00,14:53:00,13:09:00,13:30:00,13:40:00,13:29:00,13:33:00,13:24:00
676,,,,,,13:57:00,13:58:00,13:59:00,14:18:00,14:20:00,14:41:00,14:42:00,14:44:00,14:49:00,14:58:00,13:50:00,14:08:00,13:45:00,14:08:00,14:20:00,14:00:00
677,,,,,,13:33:00,13:34:00,13:55:00,13:50:00,13:59:00,14:20:00,14:33:00,14:35:00,14:44:00,14:52:00,13:24:00,13:53:00,13:53:00,12:45:00,13:55:00,13:41:00
711,,,,,,13:20:00,13:23:00,13:26:00,13:36:00,13:50:00,14:08:00,14:17:00,14:27:00,14:36:00,14:52:00,13:13:00,13:45:00,13:54:00,13:35:00,13:45:00,13:34:00
712,,,,,,23:07:00,23:11:00,23:14:00,23:22:00,23:25:00,23:42:00,23:55:00,00:07:00,00:09:00,00:32:00,23:03:00,23:28:00,23:58:00,23:23:00,23:31:00,23:15:00
714,,,,,,22:45:00,22:46:00,22:47:00,22:55:00,23:10:00,23:40:00,22:46:00,23:50:00,00:05:00,00:11:00,22:37:00,22:58:00,10:44:00,22:53:00,22:58:00,22:49:00
787,,,,,,10:22:00,10:24:00,10:26:00,10:33:00,10:35:00,11:00:00,10:35:00,11:27:00,11:29:00,11:33:00,10:06:00,10:42:00,10:35:00,10:31:00,10:36:00,10:32:00
788,,,,,,10:14:00,10:18:00,10:20:00,10:26:00,10:39:00,10:55:00,11:38:00,11:28:00,11:31:00,11:42:00,10:11:00,10:34:00,10:36:00,10:31:00,10:46:00,10:25:00
789,,,,,,10:12:00,10:13:00,10:14:00,10:22:00,10:30:00,11:05:00,11:20:00,11:23:00,11:28:00,11:45:00,10:10:00,10:35:00,10:40:00,10:19:00,10:25:00,10:25:00
790,,,,,,10:18:00,10:19:00,10:22:00,10:29:00,10:35:00,10:55:00,11:27:00,11:30:00,11:35:00,11:51:00,10:10:00,10:40:00,10:38:00,10:25:00,10:32:00,10:30:00
792,,,,,,10:23:00,10:27:00,10:29:00,10:38:00,10:49:00,11:14:00,11:23:00,11:24:00,11:33:00,11:48:00,10:15:00,10:49:00,10:40:00,10:41:00,11:10:00,10:37:00
793,,,,,,10:36:00,10:39:00,10:41:00,10:50:00,11:05:00,11:24:00,11:25:00,11:25:00,11:27:00,11:46:00,10:28:00,11:02:00,10:35:00,10:42:00,10:59:00,10:54:00
794,,,,,,10:28:00,10:31:00,10:33:00,10:37:00,10:55:00,11:23:00,11:29:00,11:28:00,11:30:00,11:46:00,,,10:50:00,10:37:00,10:43:00,
796,,,,,,10:57:00,10:58:00,11:01:00,11:09:00,11:12:00,11:36:00,11:49:00,11:51:00,12:04:00,12:18:00,10:50:00,11:19:00,10:40:00,11:05:00,11:13:00,11:10:00
798,,,,,,10:13:00,10:14:00,10:15:00,10:30:00,10:35:00,11:00:00,11:24:00,11:26:00,11:30:00,11:44:00,10:10:00,10:38:00,10:35:00,10:25:00,10:33:00,10:28:00
799,,,,,,10:32:00,10:35:00,10:37:00,10:42:00,10:46:00,11:23:00,11:25:00,18:47:00,18:55:00,19:14:00,10:24:00,10:53:00,10:40:00,10:46:00,10:56:00,10:41:00
800,,,,,,10:12:00,10:13:00,10:14:00,10:20:00,10:30:00,10:55:00,11:25:00,11:28:00,11:30:00,11:43:00,10:10:00,10:35:00,10:40:00,10:23:00,10:28:00,10:25:00
801,,,,,,10:03:00,10:06:00,10:08:00,10:15:00,10:20:00,11:05:00,11:25:00,11:38:00,11:30:00,11:50:00,09:58:00,10:29:00,,10:12:00,10:19:00,10:20:00
802,,,,,,10:10:00,10:13:00,10:17:00,10:25:00,10:47:00,11:06:00,11:25:00,11:27:00,11:28:00,11:47:00,10:07:00,10:37:00,10:55:00,10:19:00,10:22:00,10:23:00
803,,,,,,10:16:00,10:17:00,10:20:00,10:27:00,10:30:00,11:12:00,11:25:00,11:27:00,11:30:00,11:44:00,10:12:00,10:36:00,10:33:00,10:23:00,10:30:00,10:26:00
804,,,,,,10:40:00,10:42:00,10:44:00,10:49:00,11:05:00,11:18:00,11:26:00,11:27:00,11:29:00,11:42:00,10:36:00,11:00:00,10:35:00,10:47:00,10:52:00,10:51:00
805,,,,,,10:11:00,10:12:00,10:15:00,10:23:00,10:26:00,11:18:00,11:25:00,11:26:00,11:27:00,11:41:00,10:08:00,10:36:00,10:42:00,10:19:00,10:27:00,10:25:00
808,,,,,,10:18:00,10:21:00,10:23:00,10:29:00,10:40:00,10:30:00,10:35:00,10:35:00,11:40:00,11:58:00,10:13:00,10:38:00,10:33:00,10:18:00,10:37:00,10:30:00
809,,,,,,10:38:00,10:41:00,10:42:00,10:49:00,10:54:00,11:28:00,11:29:00,11:29:00,11:32:00,11:58:00,10:33:00,11:00:00,10:34:00,10:48:00,10:53:00,10:50:00
810,,,,,,10:15:00,10:16:00,10:17:00,10:23:00,10:40:00,11:00:00,11:25:00,11:23:00,11:28:00,11:48:00,10:12:00,10:35:00,10:40:00,10:25:00,10:33:00,10:25:00
811,,,,,,10:15:00,10:18:00,10:20:00,10:27:00,10:34:00,10:58:00,11:25:00,11:25:00,11:30:00,11:48:00,10:08:00,10:38:00,10:30:00,10:25:00,10:35:00,10:28:00
812,,,,,,10:05:00,10:08:00,10:10:00,10:18:00,10:38:00,10:53:00,11:28:00,11:29:00,11:31:00,11:40:00,10:03:00,10:26:00,10:43:00,10:17:00,10:29:00,10:19:00
813,,,,,,10:25:00,10:26:00,10:29:00,10:37:00,10:41:00,11:24:00,11:27:00,11:28:00,11:32:00,11:48:00,10:16:00,10:45:00,10:42:00,10:33:00,10:41:00,10:35:00
935,,,,,,12:19:00,12:23:00,12:24:00,12:29:00,12:40:00,12:58:00,13:38:00,13:38:00,13:42:00,14:00:00,12:13:00,12:39:00,12:55:00,12:33:00,12:50:00,12:32:00
936,,,,,,12:29:00,12:30:00,12:32:00,12:35:00,12:50:00,13:20:00,13:33:00,13:35:00,13:37:00,13:53:00,12:22:00,12:49:00,11:50:00,12:37:00,12:40:00,12:41:00
937,,,,,,12:36:00,12:37:00,12:38:00,12:42:00,12:45:00,13:30:00,13:38:00,13:36:00,13:40:00,13:56:00,12:35:00,12:50:00,12:40:00,12:44:00,12:50:00,12:40:00
938,,,,,,12:45:00,12:46:00,12:49:00,12:55:00,13:00:00,13:19:00,13:37:00,13:38:00,13:40:00,13:59:00,12:37:00,13:07:00,12:50:00,12:52:00,12:59:00,12:57:00
940,,,,,,12:40:00,12:42:00,12:43:00,12:55:00,13:05:00,13:35:00,13:37:00,13:38:00,13:41:00,13:53:00,12:35:00,13:08:00,12:35:00,12:50:00,13:00:00,12:56:00
941,,,,,,12:39:00,12:42:00,12:45:00,12:51:00,12:55:00,13:33:00,13:35:00,13:35:00,13:36:00,13:50:00,12:33:00,13:06:00,12:40:00,12:53:00,13:10:00,12:54:00
942,,,,,,12:32:00,12:35:00,12:37:00,12:41:00,12:54:00,13:27:00,13:33:00,13:35:00,13:39:00,13:48:00,12:27:00,12:51:00,12:55:00,12:44:00,12:49:00,12:42:00
945,,,,,,12:47:00,12:52:00,12:54:00,13:02:00,13:06:00,13:30:00,13:37:00,13:39:00,13:40:00,13:57:00,12:44:00,13:08:00,12:40:00,13:04:00,13:10:00,12:58:00
946,,,,,,12:46:00,12:47:00,12:50:00,12:57:00,13:01:00,13:29:00,13:35:00,13:36:00,13:40:00,13:52:00,12:43:00,13:04:00,12:40:00,12:53:00,13:01:00,12:56:00
947,,,,,,12:25:00,12:26:00,12:29:00,12:37:00,12:47:00,13:09:00,13:38:00,13:39:00,13:40:00,13:53:00,12:21:00,12:45:00,12:45:00,12:33:00,12:41:00,12:36:00
948,,,,,,12:18:00,12:19:00,12:22:00,12:29:00,12:35:00,13:12:00,13:34:00,13:36:00,13:38:00,13:51:00,12:13:00,12:39:00,12:40:00,12:26:00,12:34:00,12:29:00
1004,00:00:00,23:59:00,14:15:00,15:00:00,19:00:00,14:45:00,14:55:00,14:59:00,15:55:00,15:57:00,16:28:00,16:32:00,16:45:00,17:20:00,17:32:00,14:38:00,15:00:00,,,,
1007,,,14:15:00,,,14:35:00,14:45:00,14:55:00,15:35:00,15:36:00,15:41:00,15:44:00,15:55:00,16:11:00,16:22:00,14:28:00,,,,,
1217,,,,,,,05:40:00,,,06:10:00,06:15:00,06:17:00,06:18:00,06:20:00,06:34:00,,,,,,
1218,,,,,,,05:35:00,,,06:15:00,06:18:00,06:19:00,06:20:00,06:22:00,06:32:00,,,05:55:00,,,
1219,,,,,,,05:40:00,,,06:00:00,06:10:00,16:13:00,06:25:00,06:32:00,06:50:00,,,05:45:00,,,
1222,,,,,,,05:40:00,,,05:45:00,06:25:00,06:27:00,06:36:00,06:40:00,06:55:00,,,,,,
1223,,,,,,,05:40:00,,,06:10:00,06:30:00,06:31:00,06:28:00,06:35:00,06:50:00,,,05:50:00,,,
1224,,,,,,,05:56:00,06:10:00,06:25:00,,,06:26:00,06:36:00,06:43:00,06:50:00,,,06:05:00,,,
1226,,,,,,,05:40:00,,,06:00:00,06:10:00,06:45:00,06:25:00,06:27:00,06:50:00,,,05:55:00,,,
1227,,,,,,,05:39:00,,,05:55:00,06:07:00,06:27:00,06:39:00,06:40:00,06:54:00,,,05:52:00,,,
1228,,,,,,,05:45:00,,,06:19:00,06:29:00,06:29:00,06:48:00,06:49:00,07:04:00,,,06:05:00,,,
1230,,,,,,,05:40:00,,,05:58:00,06:18:00,06:20:00,06:29:00,06:33:00,06:45:00,,,,,,
1231,,,,,,,05:55:00,,,06:05:00,06:10:00,06:12:00,06:30:00,06:35:00,06:48:00,,,05:40:00,,,
1232,,,,,,,,,,06:02:00,06:10:00,06:11:00,06:28:00,06:31:00,06:39:00,,,05:55:00,,,
1233,,,,,,,05:35:00,,,05:41:00,05:43:00,06:10:00,06:16:00,06:19:00,06:32:00,,,,,,
1234,,,,,,,05:36:00,,,06:00:00,06:22:00,06:25:00,06:35:00,06:37:00,06:47:00,,,06:04:00,,,
1235,,,,,,,05:40:00,,,05:58:00,06:30:00,06:31:00,06:25:00,06:35:00,06:48:00,,,05:45:00,,,
1238,,,,,,,05:34:00,,,06:02:00,06:10:00,06:13:00,06:16:00,06:18:00,06:30:00,,,,,,
1239,,,,,,,05:40:00,,,05:50:00,06:10:00,06:12:00,06:17:00,06:20:00,06:38:00,,,05:50:00,,,
1240,,,,,,,05:20:00,,,06:05:00,06:10:00,06:12:00,06:20:00,06:25:00,06:42:00,,,05:45:00,,,
1241,,,,,,,05:50:00,15:54:00,,06:00:00,06:05:00,06:09:00,06:19:00,06:22:00,06:38:00,,,,,,
1242,,,,,,,05:40:00,,,06:10:00,06:21:00,06:22:00,06:24:00,06:26:00,06:45:00,,,06:00:00,,,
1243,,,,,,,05:40:00,,,05:45:00,06:10:00,06:15:00,08:10:00,08:15:00,08:35:00,,,05:50:00,,,
1326,,,,,,09:07:00,09:08:00,09:10:00,09:14:00,,,,,,,09:00:00,09:30:00,,09:07:00,09:15:00,09:20:00
1327,,,,,,09:00:00,09:02:00,09:03:00,09:05:00,,,,,,,08:58:00,09:25:00,,09:08:00,09:10:00,09:12:00
1329,,,,,,09:12:00,09:13:00,09:14:00,09:23:00,,,09:23:00,09:50:00,,,09:05:00,09:30:00,,09:25:00,09:28:00,09:21:00
1331,,,,,,09:10:00,09:15:00,09:16:00,,,,,,,,09:08:00,09:32:00,,09:23:00,09:20:00,09:22:00
1332,,,,,,09:28:00,09:31:00,09:33:00,09:36:00,,,09:38:00,,,,09:23:00,10:08:00,,09:37:00,09:42:00,09:40:00
1333,,,,,,09:22:00,09:23:00,09:24:00,09:28:00,,,09:35:00,,,,09:16:00,09:40:00,,09:27:00,09:30:00,09:30:00
1334,,,,,,09:08:00,09:12:00,09:14:00,09:20:00,,,,,,,09:05:00,09:35:00,,09:22:00,09:23:00,09:25:00
1335,,,,,,09:11:00,09:14:00,09:16:00,09:22:00,,,09:30:00,09:44:00,,,09:08:00,09:42:00,,09:23:00,09:26:00,09:28:00
1336,,,,,,09:22:00,09:23:00,09:24:00,09:26:00,,,,,,,09:20:00,09:40:00,,09:29:00,09:31:00,09:30:00
1337,,,,,,09:15:00,09:18:00,09:19:00,09:24:00,,,,,,,09:11:00,09:43:00,,09:25:00,09:33:00,09:30:00
1338,,,,,,09:17:00,09:18:00,09:19:00,09:20:00,,,09:24:00,,,,09:15:00,09:35:00,,09:17:00,09:25:00,09:25:00
1339,,,,,,09:06:00,09:07:00,,,,,,,,,09:05:00,09:30:00,,,,09:20:00
1340,,,,,,09:14:00,09:16:00,09:18:00,09:21:00,,,09:22:00,,,,09:11:00,09:44:00,,09:24:00,09:29:00,09:30:00
1411,,,,,,,16:50:00,,,17:11:00,17:16:00,17:20:00,17:28:00,17:34:00,17:52:00,,,,,,
1412,,,,,,,16:40:00,,,17:29:00,17:35:00,17:35:00,17:36:00,17:41:00,17:58:00,,,17:00:00,,,
1413,,,,,,,,,,17:10:00,17:15:00,17:16:00,17:17:00,17:45:00,17:50:00,,,16:50:00,,,
1414,,,,,,,16:35:00,,,17:08:00,17:12:00,17:15:00,17:19:00,17:28:00,17:38:00,,,16:50:00,,,
1416,,,,,,,16:50:00,16:43:00,,17:04:00,17:16:00,17:17:00,17:19:00,17:22:00,17:52:00,,,16:43:00,,,
1417,,,,,,,17:45:00,,,17:04:00,17:17:00,17:19:00,17:21:00,17:27:00,17:38:00,,,17:11:00,,,
1418,,,,,,,16:10:00,,,17:00:00,17:20:00,17:40:00,17:39:00,17:41:00,17:59:00,,,16:54:00,,,
1419,,,,,,,16:10:00,,,17:00:00,17:07:00,17:08:00,17:12:00,17:17:00,17:27:00,,,,,,
1420,,,,,,,,,,17:18:00,17:21:00,17:22:00,17:23:00,17:28:00,17:35:00,,,16:50:00,,,
1421,,,,,,,16:50:00,,,17:03:00,17:08:00,17:13:00,17:17:00,17:26:00,17:38:00,,,15:46:00,,,
1423,,,,,,,16:35:00,,,17:10:00,17:15:00,17:16:00,17:17:00,17:29:00,17:36:00,,,,,,
1424,,,,,,,16:45:00,,,17:15:00,17:19:00,17:20:00,17:25:00,17:29:00,,,,16:50:00,,,
1425,,,,,,,16:20:00,,,17:02:00,17:10:00,17:14:00,17:32:00,17:32:00,17:45:00,,,16:50:00,,,
1496,,,,,,20:19:00,20:20:00,20:21:00,20:27:00,,,20:32:00,,,,20:13:00,21:19:00,,20:28:00,20:30:00,20:41:00
1497,,,,,,20:26:00,20:29:00,20:31:00,20:38:00,,,20:41:00,,,,20:20:00,21:20:00,,20:42:00,20:46:00,20:47:00
1498,,,,,,20:10:00,20:11:00,20:12:00,20:14:00,,,21:20:00,,,,20:06:00,20:40:00,,20:13:00,20:15:00,20:15:00
1501,,,,,,20:18:00,20:21:00,20:23:00,20:24:00,,,20:30:00,,,,20:14:00,21:05:00,,20:25:00,20:29:00,20:25:00
1502,,,,,,20:10:00,20:12:00,20:13:00,20:17:00,,,20:21:00,,,,20:08:00,20:50:00,,20:23:00,20:25:00,20:27:00
1503,,,,,,20:11:00,20:12:00,20:13:00,20:18:00,,,20:19:00,,,,20:10:00,20:51:00,,20:20:00,20:23:00,20:24:00
1504,,,,,,20:17:00,20:19:00,20:22:00,20:25:00,,,20:30:00,,,,20:10:00,20:50:00,,20:27:00,20:29:00,20:30:00
1505,,,,,,20:16:00,20:18:00,20:19:00,20:25:00,,,20:26:00,,,,20:13:00,21:00:00,,20:22:00,20:30:00,20:40:00
1506,,,,,,20:15:00,20:17:00,20:20:00,20:27:00,,,20:58:00,,,,20:10:00,20:53:00,,20:25:00,20:27:00,20:28:00
1508,,,,,,20:16:00,20:20:00,20:21:00,20:26:00,,,,,,,20:08:00,21:10:00,,20:28:00,20:32:00,20:36:00
1509,,,,,,20:25:00,20:29:00,20:31:00,20:33:00,,,,,,,20:20:00,21:05:00,,20:35:00,20:37:00,20:36:00
1510,,,,,,20:12:00,20:15:00,20:17:00,20:20:00,,,20:30:00,,,,20:04:00,20:55:00,,20:24:00,20:25:00,20:25:00
1566,,,,,,22:39:00,22:41:00,22:42:00,22:47:00,,,23:00:00,,,,22:27:00,23:36:00,,22:49:00,22:51:00,22:53:00
1567,,,,,,22:15:00,22:18:00,22:19:00,22:20:00,,,22:21:00,,,,22:10:00,23:00:00,,22:22:00,22:15:00,22:35:00
1568,,,,,,22:25:00,22:27:00,22:29:00,22:33:00,,,22:40:00,,,,22:21:00,23:07:00,,22:34:00,22:35:00,22:37:00
1569,,,,,,22:20:00,22:23:00,22:25:00,22:32:00,,,,,,,22:16:00,23:23:00,,22:34:00,22:37:00,22:50:00
1570,,,,,,22:29:00,22:33:00,22:34:00,22:36:00,,,22:40:00,,,,22:26:00,23:33:00,,22:38:00,22:39:00,22:48:00
1571,,,,,,22:21:00,22:25:00,22:26:00,22:30:00,,,22:31:00,,,,22:16:00,23:09:00,,22:31:00,22:35:00,22:36:00
1572,,,,,,22:00:00,22:05:00,22:08:00,22:09:00,,,22:10:00,,,,21:57:00,22:32:00,,22:12:00,22:15:00,22:19:00
1574,,,,,,,,22:35:00,22:40:00,,,22:50:00,,,,22:25:00,23:10:00,,22:29:00,22:43:00,22:45:00
1575,,,,,,22:24:00,22:27:00,22:29:00,22:34:00,,,22:50:00,,,,22:17:00,23:16:00,,22:37:00,22:38:00,22:39:00
1576,,,,,,22:21:00,22:23:00,22:24:00,22:27:00,,,,,,,22:15:00,23:07:00,,23:31:00,22:32:00,22:30:00
1638,,,,,,20:34:00,20:37:00,20:38:00,20:53:00,,,21:00:00,,,,20:25:00,21:52:00,,20:44:00,21:15:00,21:08:00
1639,,,,,,20:15:00,20:18:00,20:21:00,20:39:00,,,20:45:00,,,,20:12:00,,,20:41:00,20:56:00,21:35:00
1640,,,,,,20:12:00,20:14:00,20:17:00,20:37:00,,,20:40:00,,,,20:09:00,21:30:00,,20:22:00,20:48:00,20:43:00
1642,,,,,,20:25:00,20:28:00,20:30:00,20:48:00,,,20:49:00,,,,20:21:00,21:40:00,,20:38:00,20:55:00,20:55:00
1643,,,,,,20:24:00,20:25:00,20:26:00,21:10:00,,,21:15:00,,,,20:16:00,21:35:00,,20:35:00,21:21:00,20:58:00
1644,,,,,,20:04:00,20:06:00,20:10:00,20:34:00,,,20:38:00,,,,19:58:00,21:21:00,,20:15:00,20:32:00,20:42:00
1646,,,,,,20:06:00,20:10:00,20:13:00,20:21:00,,,20:23:00,,,,20:01:00,21:08:00,,20:22:00,20:30:00,20:30:00
1649,,,,,,20:27:00,20:31:00,,20:49:00,,,20:51:00,,,,20:16:00,22:05:00,,20:43:00,20:58:00,20:52:00
1650,,,,,,20:21:00,20:22:00,20:23:00,20:45:00,,,20:47:00,,,,20:15:00,21:47:00,,20:30:00,20:47:00,20:58:00
1651,,,,,,20:29:00,20:30:00,20:31:00,20:55:00,,,21:00:00,,,,20:18:00,21:40:00,,20:42:00,20:54:00,21:00:00
1652,,,,,,20:10:00,20:11:00,20:12:00,20:23:00,,,20:24:00,,,,20:01:00,21:04:00,20:11:00,20:22:00,20:32:00,20:34:00
1747,,,,,,,03:15:00,,,03:20:00,04:35:00,04:40:00,04:43:00,04:48:00,05:02:00,,,,,,
1748,,,,,,,03:45:00,,,03:50:00,04:43:00,04:45:00,04:48:00,04:50:00,05:00:00,,,04:08:00,,,
1749,,,,,,,03:30:00,,,03:35:00,04:35:00,04:38:00,04:39:00,04:44:00,04:58:00,,,03:52:00,,,
1750,,,,,,,03:25:00,,,03:30:00,04:20:00,04:24:00,04:35:00,04:39:00,04:50:00,,,03:53:00,,,
1752,,,,,,,03:25:00,,,03:30:00,04:25:00,04:32:00,03:35:00,04:39:00,04:55:00,,,,,,
1753,,,,,,,03:10:00,,,03:18:00,04:35:00,04:39:00,04:43:00,04:48:00,05:05:00,,,03:54:00,,,
1754,,,,,,,03:00:00,,,03:05:00,04:20:00,04:23:00,04:25:00,04:33:00,04:45:00,,,03:52:00,,,
1755,,,,,,,03:30:00,,,03:35:00,04:40:00,04:45:00,04:46:00,04:49:00,05:05:00,,,03:54:00,,,
1756,,,,,,,03:30:00,,,03:35:00,04:39:00,04:41:00,04:40:00,04:45:00,04:59:00,,,03:56:00,,,
1757,,,,,,,03:50:00,,,03:55:00,04:37:00,04:53:00,04:51:00,05:03:00,05:18:00,,,04:10:00,,,
1760,,,,,,,03:10:00,,,03:15:00,04:40:00,04:44:00,04:45:00,04:47:00,05:01:00,,,,,,
1761,,,,,,,03:15:00,,,03:15:00,04:58:00,05:01:00,05:04:00,05:05:00,05:15:00,,,04:25:00,,,
1762,,,,,,,03:05:00,,,03:10:00,04:10:00,04:31:00,04:39:00,04:41:00,04:55:00,,,03:51:00,,,
1856,,,,,,21:48:00,21:51:00,21:52:00,21:52:00,,,,,,,21:43:00,22:45:00,,21:55:00,22:05:00,22:13:00
1857,,,,,,21:54:00,22:00:00,22:02:00,22:17:00,,,22:18:00,,,,21:48:00,23:50:00,,22:16:00,22:25:00,22:40:00
1858,,,,,,21:54:00,21:57:00,21:58:00,22:21:00,,,22:26:00,,,,21:51:00,00:40:00,,22:07:00,22:21:00,22:35:00
1861,,,,,,21:37:00,21:40:00,21:41:00,,,,21:52:00,,,,21:34:00,22:35:00,,21:45:00,21:55:00,22:00:00
1862,,,,,,21:49:00,21:47:00,21:50:00,21:05:00,,,,,,,21:39:00,22:30:00,,21:59:00,22:14:00,22:10:00
1863,,,,,,22:07:00,22:09:00,22:11:00,22:37:00,,,,,,,22:03:00,00:08:00,,22:22:00,22:35:00,22:36:00
1866,,,,,,21:48:00,21:52:00,21:53:00,22:05:00,,,22:06:00,,,,21:43:00,23:06:00,,22:00:00,22:10:00,22:20:00
1867,,,,,,21:51:00,21:54:00,21:56:00,22:07:00,,,22:13:00,,,,21:47:00,22:50:00,,22:05:00,22:15:00,22:10:00
1868,,,,,,,,,22:04:00,,,,,,,21:34:00,22:45:00,,21:59:00,22:13:00,22:10:00
1869,,,,,,21:44:00,21:50:00,21:52:00,21:58:00,,,22:10:00,,,,21:40:00,23:28:00,,22:00:00,22:07:00,22:13:00
1870,,,,,,21:58:00,22:02:00,22:04:00,22:10:00,,,22:13:00,,,,21:53:00,23:18:00,,22:12:00,22:15:00,22:23:00
1871,,,,,,22:04:00,22:07:00,22:09:00,22:15:00,,,22:18:00,,,,21:59:00,22:49:00,,22:14:00,22:22:00,22:22:00
1872,,,,,,21:39:00,21:42:00,21:45:00,21:51:00,,,21:55:00,,,,21:35:00,22:30:00,,21:54:00,22:00:00,22:00:00
1874,,,,,,21:37:00,21:40:00,21:41:00,21:48:00,,,21:49:00,,,,21:33:00,22:40:00,,21:45:00,21:55:00,22:00:00
1877,,,,,,21:43:00,21:45:00,21:48:00,22:00:00,,,22:01:00,,,,21:40:00,22:50:00,,21:55:00,22:05:00,22:15:00
1878,,,,,,22:04:00,22:05:00,22:06:00,22:22:00,,,22:24:00,,,,21:54:00,23:00:00,,22:12:00,22:27:00,22:24:00
1879,,,,,,21:45:00,21:50:00,21:55:00,22:04:00,,,22:05:00,,,,21:36:00,23:10:00,,22:00:00,22:10:00,22:15:00
1880,,,,,,22:12:00,22:15:00,22:18:00,22:30:00,,,22:32:00,,,,22:03:00,23:10:00,,22:37:00,22:39:00,22:30:00
1881,,,,,,21:48:00,21:52:00,21:54:00,22:17:00,,,22:26:00,,,,21:43:00,23:00:00,,22:01:00,22:23:00,22:20:00
1882,,,,,,21:50:00,21:55:00,21:57:00,22:05:00,,,,,,,21:46:00,22:45:00,,22:01:00,22:15:00,22:15:00
1883,,,,,,21:50:00,21:55:00,21:56:00,22:07:00,,,,22:03:00,,,21:44:00,22:40:00,,22:02:00,22:12:00,22:10:00
2001,,,,,,,04:30:00,,,04:32:00,05:05:00,05:20:00,05:24:00,05:28:00,05:44:00,,,04:40:00,,,
2002,,,,,,,04:30:00,,,04:34:00,05:09:00,05:21:00,05:25:00,05:30:00,05:43:00,,,04:35:00,,,
2003,,,,,,,04:30:00,,,04:35:00,05:10:00,05:13:00,05:15:00,05:22:00,05:40:00,,,04:35:00,,,
2004,,,,,,,04:30:00,,,04:33:00,05:14:00,05:19:00,05:19:00,05:21:00,05:36:00,,,04:34:00,,,
2007,,,,,,,04:15:00,,,04:25:00,05:19:00,05:20:00,05:21:00,05:23:00,05:39:00,,,04:36:00,,,
2008,,,,,,,04:15:00,,,04:20:00,05:12:00,05:14:00,05:15:00,05:20:00,05:35:00,,,04:37:00,,,
2010,,,,,,,04:25:00,,,04:30:00,05:21:00,05:22:00,05:30:00,05:36:00,05:48:00,,,,,,
2011,,,,,,,04:30:00,,,04:34:00,05:17:00,05:19:00,05:24:00,05:26:00,05:45:00,,,04:42:00,,,
2013,,,,,,,04:20:00,,,04:24:00,05:10:00,05:15:00,05:35:00,05:38:00,05:52:00,,,,,,
2014,,,,,,,04:15:00,,,04:20:00,05:06:00,05:09:00,05:11:00,05:21:00,05:40:00,,,04:32:00,,,
2015,,,,,,,04:25:00,,,04:40:00,05:18:00,05:20:00,05:22:00,05:27:00,05:40:00,,,04:40:00,,,
2016,,,,,,,04:20:00,,,04:25:00,05:18:00,05:19:00,05:20:00,05:26:00,05:42:00,,,04:28:00,,,
2017,,,,,,,04:40:00,,,04:45:00,05:15:00,05:16:00,05:18:00,05:25:00,05:39:00,,,04:34:00,,,
2018,,,,,,,04:19:00,,,04:21:00,05:12:00,05:16:00,05:20:00,05:24:00,05:39:00,,,04:33:00,,,
2019,,,,,,,04:35:00,,,04:37:00,05:20:00,05:21:00,05:35:00,05:44:00,06:00:00,,,04:40:00,,,
2022,,,,,,,04:35:00,,,04:38:00,05:07:00,05:19:00,05:20:00,05:22:00,05:37:00,,,,,,
2023,,,,,,,04:25:00,,,04:30:00,05:56:00,05:56:00,05:52:00,05:58:00,06:10:00,,,05:30:00,,,
2024,,,,,,,04:28:00,,,04:30:00,04:59:00,05:13:00,05:19:00,05:22:00,05:37:00,,,04:32:00,,,
2025,,,,,,,04:20:00,,,04:40:00,05:00:00,05:16:00,05:32:00,05:38:00,05:49:00,,,,,,
2026,,,,,,,04:30:00,,,04:35:00,05:15:00,05:20:00,05:22:00,05:28:00,05:42:00,,,04:40:00,,,
2027,,,,,,,04:20:00,,,04:25:00,05:20:00,05:24:00,05:25:00,06:27:00,06:44:00,,,04:46:00,,,
2028,,,,,,,04:15:00,,,04:20:00,05:05:00,05:07:00,05:32:00,05:36:00,05:57:00,,,04:39:00,,,
2146,,,,,,23:28:00,23:30:00,23:35:00,23:45:00,,,,,,,23:13:00,00:50:00,,23:40:00,23:50:00,23:52:00
2147,,,,,,22:59:00,23:04:00,23:06:00,23:40:00,,,23:51:00,,,,22:55:00,00:52:00,,23:15:00,23:22:00,23:55:00
2148,,,,,,23:06:00,23:08:00,23:09:00,23:54:00,,,23:59:00,,,,23:01:00,01:30:00,,23:24:00,23:39:00,00:10:00
2149,,,,,,22:59:00,23:03:00,23:05:00,23:14:00,,,23:23:00,,,,22:55:00,23:48:00,,23:14:00,23:27:00,23:20:00
2151,,,,,,23:06:00,23:12:00,23:14:00,23:30:00,,,23:31:00,,,,23:01:00,00:30:00,,23:25:00,23:35:00,23:37:00
2152,,,,,,22:59:00,23:03:00,23:06:00,23:22:00,,,23:29:00,,,,22:54:00,00:00:00,,23:17:00,23:33:00,23:24:00
2153,,,,,,22:55:00,22:59:00,23:02:00,23:29:00,,,,,,,22:57:00,00:35:00,,23:06:00,23:27:00,23:38:00
2154,,,,,,23:03:00,23:06:00,23:08:00,23:30:00,,,23:31:00,,,,22:54:00,00:30:00,,23:20:00,23:40:00,00:01:00
2155,,,,,,23:11:00,23:13:00,23:18:00,23:30:00,,,23:31:00,,,,23:07:00,00:13:00,,23:25:00,23:35:00,23:38:00
2156,,,,,,22:55:00,23:00:00,23:02:00,23:23:00,,,23:36:00,,,,22:51:00,00:15:00,,23:21:00,23:36:00,23:25:00
2157,,,,,,22:56:00,23:00:00,23:05:00,23:25:00,,,23:26:00,,,,22:52:00,00:20:00,,23:15:00,23:30:00,23:25:00
2158,,,,,,23:02:00,23:06:00,23:07:00,23:17:00,,,23:18:00,,,,22:54:00,00:20:00,,23:12:00,23:20:00,23:30:00
2159,,,,,,23:00:00,23:08:00,23:10:00,,,,23:27:00,,,,22:55:00,00:40:00,,23:20:00,23:35:00,23:40:00
2160,,,,,,23:06:00,23:11:00,23:13:00,23:41:00,,,23:45:00,,,,23:01:00,00:43:00,,23:24:00,23:36:00,23:49:00
2161,,,,,,23:09:00,23:14:00,23:16:00,23:49:00,,,,,,,23:05:00,00:23:00,,23:23:00,23:40:00,23:37:00
2162,,,,,,23:00:00,23:02:00,23:04:00,,,,23:16:00,,,,22:28:00,00:15:00,,23:08:00,23:17:00,23:20:00
2163,,,,,,22:54:00,22:56:00,22:58:00,23:08:00,,,23:10:00,,,,23:51:00,23:50:00,,23:05:00,23:15:00,23:15:00
2164,,,,,,22:53:00,22:58:00,22:59:00,23:09:00,,,23:12:00,,,,22:50:00,23:57:00,,23:10:00,23:32:00,23:15:00
2399,,,,,,11:07:00,11:09:00,11:14:00,11:49:00,,,,,,,10:56:00,,,,,
2400,,,,,,09:35:00,09:38:00,09:45:00,10:14:00,,,10:15:00,,10:25:00,,09:28:00,,,,,
2401,,,,,,09:55:00,09:58:00,10:05:00,10:40:00,,,10:45:00,,,,09:48:00,,,,,
2402,,,,,,11:00:00,11:04:00,11:10:00,11:40:00,,,11:58:00,12:00:00,,,10:50:00,,,,,
2404,,,,,,10:22:00,10:24:00,10:28:00,10:58:00,,,11:00:00,,,,10:12:00,,,,,
2405,,,,,,09:34:00,09:36:00,09:43:00,10:20:00,,,10:25:00,,,,09:28:00,,,,,
2406,,,,,,11:29:00,11:31:00,11:35:00,12:00:00,,,12:05:00,,,,11:27:00,,,,,
2407,00:00:00,23:59:00,,,,09:56:00,09:59:00,10:10:00,10:34:00,,,10:36:00,10:38:00,,,09:45:00,,,,,
2408,,,,,,08:58:00,09:00:00,09:05:00,09:31:00,,,09:35:00,,,,08:54:00,,,,,
2409,,,,,,09:10:00,09:19:00,09:25:00,09:50:00,,,09:55:00,10:00:00,,,09:08:00,,,,,
2413,,,,,,09:15:00,09:18:00,09:26:00,09:48:00,,,,,,,09:04:00,,,,,
2414,,,,,,09:45:00,09:46:00,09:53:00,10:18:00,,,10:19:00,10:20:00,,,09:43:00,,,,,
2416,,,,,,09:45:00,09:50:00,10:18:00,09:56:00,,,10:20:00,10:25:00,,,09:40:00,,,,,
2417,,,,,,10:00:00,10:05:00,10:08:00,10:38:00,,,10:39:00,10:45:00,,,09:43:00,,,,,
2567,,,,,,,14:20:00,,,14:30:00,15:20:00,15:25:00,15:30:00,15:35:00,15:48:00,,,,,,
2568,00:00:00,23:59:00,14:30:00,,,,14:05:00,,,14:30:00,15:10:00,15:12:00,15:15:00,15:20:00,15:35:00,,,,,,
2569,00:00:00,23:59:00,13:50:00,,,,14:05:00,,,14:50:00,15:15:00,15:16:00,15:20:00,15:22:00,15:33:00,,,,,,
2570,,,15:00:00,,,,14:30:00,,,15:00:00,15:20:00,15:25:00,15:27:00,15:30:00,15:45:00,,,,,,
2572,00:00:00,23:59:00,14:45:00,,,,,,,15:00:00,15:29:00,15:32:00,15:36:00,15:44:00,15:54:00,,,,,,
2573,00:00:00,23:59:00,13:45:00,,,,,,,14:00:00,14:47:00,14:50:00,14:53:00,15:00:00,15:19:00,,,,,,
2574,,,14:00:00,,23:59:00,,,,,14:00:00,14:58:00,15:05:00,15:10:00,15:20:00,15:33:00,,,,,,
2575,00:00:00,23:59:00,15:20:00,,,,14:15:00,,,15:22:00,15:28:00,15:31:00,15:32:00,15:35:00,15:46:00,,,,,,
2576,,,15:10:00,,,,12:30:00,,,12:35:00,15:24:00,15:26:00,15:28:00,15:29:00,15:39:00,,,,,,
2577,00:00:00,23:59:00,,,,,14:40:00,,,14:45:00,15:15:00,15:20:00,15:20:00,15:30:00,15:43:00,,,,,,
2581,00:00:00,23:59:00,14:23:00,,,,,,,14:25:00,15:15:00,15:20:00,15:23:00,15:25:00,15:30:00,,,,,,
2582,00:00:00,,,,,,,,,14:10:00,15:02:00,15:10:00,15:15:00,15:27:00,15:41:00,,,,,,
2583,00:00:00,23:59:00,,,,,14:10:00,,,14:30:00,15:20:00,15:22:00,15:24:00,15:28:00,15:43:00,,,,,,
2584,00:00:00,23:59:00,14:10:00,,,,,,,14:26:00,15:20:00,15:25:00,15:27:00,16:00:00,16:10:00,,,,,,
2585,00:00:00,23:59:00,14:35:00,,,,,,,14:38:00,15:17:00,15:20:00,15:23:00,15:27:00,15:38:00,,,,,,
2633,,,,,,08:10:00,,,,08:20:00,08:40:00,08:40:00,08:40:00,,08:50:00,,,,,,
2634,,,,,,,,,,08:27:00,08:43:00,08:45:00,,,,,,,,,
2635,,,,,,,08:05:00,,,08:10:00,08:28:00,08:30:00,,,,,,,,,
3038,,,,,,12:51:00,12:52:00,12:55:00,13:05:00,13:08:00,13:47:00,13:55:00,13:56:00,14:01:00,14:13:00,12:43:00,13:13:00,13:25:00,12:59:00,13:11:00,13:06:00
3039,,,,,,12:55:00,12:59:00,13:00:00,13:12:00,13:14:00,13:50:00,13:52:00,13:59:00,14:03:00,14:18:00,12:52:00,13:17:00,13:14:00,13:09:00,13:19:00,13:09:00
3040,,,,,,13:04:00,13:05:00,13:08:00,13:19:00,13:21:00,13:56:00,14:01:00,14:03:00,14:14:00,14:29:00,12:52:00,13:26:00,13:23:00,13:14:00,13:25:00,13:18:00
3042,,,,,,15:32:00,15:33:00,15:34:00,15:50:00,15:55:00,16:16:00,16:18:00,16:28:00,16:31:00,16:37:00,15:30:00,16:00:00,15:40:00,15:43:00,15:53:00,15:30:00
3044,,,,,,13:01:00,13:04:00,13:05:00,13:13:00,13:24:00,14:00:00,14:00:00,14:04:00,14:09:00,14:20:00,12:55:00,13:20:00,13:10:00,13:13:00,13:30:00,13:13:00
3046,,,,,,,,,,,,,,,,,,,,,
3095,,,,,,18:56:00,18:57:00,18:58:00,19:10:00,,,19:13:00,,,,18:50:00,19:49:00,,19:07:00,19:12:00,19:14:00
3096,,,,,,19:27:00,19:30:00,19:33:00,19:41:00,,,19:44:00,,,,19:20:00,20:36:00,,19:22:00,19:50:00,19:43:00
3097,,,,,,18:28:00,18:30:00,18:31:00,18:42:00,,,18:43:00,,,,18:23:00,19:31:00,,18:35:00,18:45:00,18:50:00
3098,,,,,,19:05:00,19:08:00,19:10:00,19:20:00,,,19:21:00,,,,18:56:00,20:16:00,,19:15:00,19:25:00,19:25:00
3099,,,,,,18:54:00,18:55:00,18:56:00,19:08:00,,,19:10:00,,,,18:51:00,19:16:00,,19:05:00,19:13:00,19:11:00
3100,,,,,,18:44:00,18:48:00,18:49:00,18:57:00,,,18:59:00,,,,18:41:00,19:41:00,,18:55:00,19:05:00,19:04:00
3101,,,,,,18:34:00,18:37:00,18:39:00,18:47:00,,,,,,,18:31:00,19:39:00,,18:46:00,18:59:00,18:51:00
3102,,,,,,18:30:00,18:31:00,18:32:00,18:45:00,,,18:46:00,,,,18:26:00,19:23:00,,18:39:00,18:47:00,18:48:00
3103,,,,,,22:45:00,22:46:00,22:47:00,23:03:00,,,23:05:00,,,,22:38:00,00:04:00,,22:56:00,23:12:00,23:09:00
3104,,,,,,18:54:00,18:56:00,18:58:00,,,,19:10:00,,,,18:49:00,19:50:00,,19:05:00,19:16:00,19:11:00
3105,,,,,,18:29:00,18:32:00,18:34:00,18:44:00,,,18:47:00,,,,18:26:00,19:20:00,,18:42:00,18:53:00,18:50:00
3106,,,,,,19:09:00,19:10:00,19:11:00,19:23:00,,,19:24:00,,,,19:05:00,20:14:00,,19:21:00,19:27:00,19:25:00
3107,,,,,,18:43:00,18:47:00,18:48:00,18:57:00,,,,,,,18:40:00,19:35:00,,18:51:00,18:59:00,19:02:00
3108,,,,,,18:54:00,18:57:00,18:59:00,19:04:00,,,19:10:00,,,,18:46:00,20:03:00,,19:08:00,19:13:00,19:15:00
3109,,,,,,19:28:00,19:29:00,19:30:00,19:40:00,,,19:43:00,,,,19:20:00,20:31:00,,19:36:00,19:46:00,19:49:00
3110,,,,,,18:51:00,18:52:00,18:53:00,19:04:00,,,19:05:00,,,,18:43:00,19:48:00,,19:00:00,19:04:00,19:05:00
3111,,,,,,18:50:00,18:53:00,18:56:00,19:07:00,,,19:09:00,,,,18:46:00,19:52:00,,19:05:00,19:16:00,19:10:00
3148,,,,,,16:00:00,16:03:00,16:06:00,16:26:00,16:24:00,16:24:00,16:50:00,17:00:00,17:09:00,17:38:00,15:52:00,16:26:00,16:25:00,16:15:00,16:26:00,16:17:00
3150,,,,,,16:20:00,16:24:00,16:26:00,16:34:00,16:39:00,17:03:00,17:05:00,17:05:00,17:06:00,17:16:00,16:13:00,16:47:00,16:17:00,16:35:00,16:41:00,16:39:00
3199,,,,,,19:53:00,19:56:00,19:58:00,20:10:00,,,20:19:00,,,,19:46:00,20:56:00,,20:07:00,20:18:00,20:13:00
3200,,,,,,19:37:00,19:41:00,19:43:00,19:45:00,,,19:51:00,,,,19:34:00,20:46:00,,19:50:00,19:53:00,20:00:00
3201,,,,,,20:08:00,20:09:00,20:10:00,20:20:00,,,20:21:00,,,,19:59:00,20:02:00,,20:15:00,20:25:00,20:23:00
3202,,,,,,20:00:00,20:03:00,20:06:00,20:15:00,,,20:17:00,,,,19:51:00,21:12:00,,20:15:00,20:24:00,20:24:00
3203,,,,,,20:12:00,20:15:00,20:18:00,20:25:00,,,20:27:00,,,,20:07:00,21:14:00,,20:27:00,20:35:00,20:31:00
3204,,,,,,19:58:00,19:59:00,20:00:00,20:18:00,,,20:20:00,,,,19:53:00,20:59:00,,20:10:00,20:21:00,20:21:00
3205,,,,,,19:48:00,19:51:00,19:52:00,19:58:00,,,,,,,19:45:00,20:55:00,,20:00:00,20:08:00,20:10:00
3206,,,,,,20:23:00,20:26:00,20:28:00,20:35:00,,,20:38:00,,,,20:18:00,21:30:00,,20:35:00,20:44:00,20:42:00
3207,,,,,,19:52:00,19:55:00,19:57:00,20:09:00,,,20:10:00,,,,19:48:00,20:47:00,,20:05:00,20:15:00,20:16:00
3208,,,,,,19:54:00,19:55:00,19:57:00,20:06:00,,,20:07:00,,,,19:50:00,20:47:00,,20:01:00,20:10:00,20:12:00
3209,,,,,,19:32:00,19:33:00,19:34:00,19:48:00,,,19:49:00,,,,19:28:00,20:31:00,,19:42:00,19:50:00,19:51:00
3211,,,,,,19:45:00,19:46:00,19:47:00,19:59:00,,,20:00:00,,,,19:42:00,20:55:00,,19:55:00,20:05:00,20:03:00
3212,,,,,,19:36:00,19:37:00,19:38:00,19:38:00,,,20:03:00,,,,19:31:00,20:39:00,,19:45:00,20:05:00,20:39:00
3213,,,,,,19:59:00,20:03:00,20:05:00,20:13:00,,,20:15:00,,,,19:51:00,21:08:00,,20:08:00,20:22:00,20:05:00
3214,,,,,,,19:30:00,19:32:00,19:38:00,,,,,,,19:19:00,20:25:00,,19:39:00,19:46:00,19:44:00
3215,,,,,,19:56:00,19:59:00,20:02:00,20:19:00,,,20:16:00,,,,19:52:00,21:04:00,,20:11:00,20:23:00,20:19:00
3216,,,,,,20:32:00,20:36:00,20:38:00,20:44:00,,,20:46:00,,,,20:26:00,21:44:00,,20:46:00,20:54:00,20:47:00
3257,,,,,,18:38:00,18:42:00,18:44:00,18:50:00,,,18:55:00,,,,18:32:00,19:40:00,,18:51:00,18:59:00,19:02:00
3258,,,,,,19:33:00,19:41:00,19:44:00,19:47:00,,,19:50:00,,,,19:24:00,20:44:00,,19:33:00,19:56:00,20:07:00
3260,,,,,,19:28:00,19:29:00,19:30:00,19:45:00,,,19:46:00,,,,19:20:00,20:25:00,,19:40:00,19:48:00,19:46:00
3262,,,,,,20:14:00,20:15:00,20:18:00,20:30:00,,,20:31:00,,,,20:11:00,20:17:00,,20:25:00,20:35:00,20:34:00
3263,,,,,,19:25:00,19:26:00,19:27:00,19:40:00,,,19:42:00,,,,19:17:00,20:24:00,,19:33:00,19:43:00,19:44:00
3264,,,,,,20:15:00,20:18:00,20:20:00,20:29:00,,,20:36:00,,,,20:03:00,21:18:00,,,,20:34:00
3266,,,,,,19:30:00,19:31:00,19:32:00,19:45:00,,,19:47:00,,,,19:22:00,20:19:00,,19:40:00,19:48:00,19:49:00
3296,,,,,,16:38:00,16:44:00,16:46:00,16:52:00,17:04:00,17:27:00,17:30:00,17:30:00,17:37:00,17:49:00,16:33:00,17:03:00,16:45:00,16:53:00,17:03:00,16:58:00
3297,,,,,,18:31:00,18:34:00,18:39:00,18:51:00,18:55:00,19:05:00,19:06:00,19:11:00,19:22:00,19:40:00,18:24:00,18:50:00,19:50:00,18:46:00,19:00:00,18:45:00
3328,,,,,,21:02:00,21:03:00,21:04:00,21:18:00,,,,,,,20:53:00,22:07:00,,21:14:00,21:21:00,21:24:00
3330,,,,,,22:56:00,23:00:00,23:01:00,23:10:00,,,23:12:00,,,,22:53:00,00:08:00,,23:08:00,23:23:00,23:21:00
3332,,,,,,20:58:00,20:59:00,21:00:00,21:15:00,,,21:16:00,,,,20:55:00,22:09:00,,21:10:00,21:18:00,21:20:00
3334,,,,,,20:49:00,20:50:00,20:51:00,,,,21:07:00,,,,20:37:00,21:45:00,,20:59:00,21:08:00,21:08:00
3383,,,,,,,04:30:00,,,04:35:00,05:18:00,05:32:00,05:30:00,05:38:00,05:50:00,,,04:40:00,,,
3384,,,,,,,04:35:00,,,04:40:00,05:20:00,05:34:00,05:34:00,05:35:00,05:47:00,,,04:45:00,,,
3385,,,,,,,04:30:00,,,04:35:00,05:26:00,05:30:00,05:30:00,05:31:00,05:44:00,,,04:50:00,,,
3386,,,,,,,04:35:00,,,04:37:00,05:15:00,05:29:00,05:30:00,05:33:00,05:46:00,,,04:50:00,,,
3387,,,,,,,04:35:00,,,04:40:00,05:12:00,05:28:00,05:28:00,05:31:00,05:40:00,,,04:45:00,,,
3388,,,,,,,04:30:00,,,04:35:00,05:10:00,05:18:00,05:20:00,05:23:00,05:45:00,,,04:40:00,,,
3389,,,,,,,04:30:00,,,04:35:00,05:21:00,05:26:00,05:28:00,05:34:00,05:49:00,,,04:50:00,,,
3390,,,,,,,04:35:00,,,04:38:00,05:10:00,05:15:00,05:35:00,05:36:00,05:50:00,,,04:43:00,,,
3391,,,,,,,04:35:00,,,04:38:00,05:10:00,05:34:00,05:40:00,05:41:00,05:54:00,,,04:30:00,,,
3392,,,,,,,04:25:00,,,04:50:00,05:25:00,05:27:00,05:30:00,05:35:00,05:52:00,,,04:40:00,,,
3393,,,,,,,04:35:00,,,04:38:00,05:18:00,05:22:00,05:30:00,05:36:00,05:50:00,,,04:54:00,,,
3394,,,,,,,04:35:00,,,04:38:00,05:27:00,05:34:00,05:33:00,05:35:00,05:51:00,,,04:48:00,,,
3395,,,,,,,04:32:00,,,04:38:00,05:10:00,05:20:00,05:25:00,05:35:00,05:50:00,,,04:35:00,,,
3396,,,,,,,04:30:00,,,04:35:00,05:10:00,05:28:00,05:30:00,05:33:00,05:45:00,,,,,,
3397,,,,,,,04:40:00,,,04:42:00,05:12:00,05:31:00,05:32:00,05:35:00,05:49:00,,,04:45:00,,,
3398,,,,,,,04:30:00,,,04:32:00,05:17:00,05:25:00,05:28:00,05:35:00,05:49:00,,,04:55:00,,,
3399,,,,,,,04:33:00,,,04:35:00,05:28:00,05:30:00,05:33:00,05:36:00,05:53:00,,,04:37:00,,,
3400,,,,,,,04:30:00,,,04:40:00,05:14:00,05:35:00,05:34:00,06:28:00,06:42:00,,,05:00:00,,,
3442,,,,,,,05:30:00,,,05:33:00,06:08:00,06:28:00,06:30:00,06:37:00,06:52:00,,,,,,
3444,,,,,,,05:25:00,,,05:31:00,06:20:00,06:28:00,06:29:00,06:30:00,06:45:00,,,,,,
3446,,,,,,,05:40:00,,,05:43:00,06:30:00,06:31:00,06:30:00,06:35:00,06:49:00,,,,,,
3448,,,,,,,05:30:00,,,05:35:00,06:10:00,06:28:00,06:31:00,06:34:00,06:48:00,,,05:40:00,,,
3450,,,,,,,05:30:00,,,05:38:00,06:24:00,06:32:00,06:32:00,06:34:00,06:51:00,,,,,,
3498,,,,,,,06:58:00,,,07:08:00,06:53:00,06:55:00,06:56:00,07:35:00,07:48:00,,,07:10:00,,,
3554,,,,,,,07:00:00,15:54:00,,07:02:00,07:47:00,07:55:00,07:58:00,08:02:00,08:16:00,,,,,,
3556,,,,,,,06:55:00,,,06:58:00,07:55:00,07:56:00,07:58:00,08:07:00,08:22:00,,,,,,
3560,,,,,,,06:58:00,,,06:59:00,07:38:00,07:47:00,07:47:00,08:00:00,08:16:00,,,07:09:00,,,
3562,,,,,,,06:58:00,,,07:03:00,07:40:00,07:45:00,07:59:00,08:04:00,08:20:00,,,,,,
3611,,,,,,12:52:00,12:55:00,12:57:00,13:10:00,13:12:00,13:38:00,13:40:00,13:38:00,13:41:00,14:06:00,12:45:00,13:11:00,13:08:00,12:13:00,13:30:00,13:04:00
3612,,,,,,13:38:00,13:39:00,13:40:00,13:55:00,13:57:00,14:20:00,14:21:00,14:25:00,14:29:00,14:37:00,13:34:00,13:49:00,13:45:00,13:48:00,14:00:00,13:38:00
3613,,,,,,12:05:00,12:15:00,12:16:00,12:28:00,12:30:00,13:08:00,13:10:00,13:15:00,13:22:00,13:40:00,11:53:00,12:30:00,12:20:00,12:32:00,12:45:00,12:25:00
3614,,,,,,12:28:00,12:29:00,12:32:00,12:43:00,12:45:00,13:20:00,13:21:00,13:22:00,13:27:00,13:35:00,12:20:00,12:50:00,12:35:00,12:37:00,12:49:00,12:42:00
3615,,,,,,12:45:00,12:46:00,12:47:00,13:02:00,13:04:00,13:35:00,13:36:00,13:38:00,13:40:00,13:58:00,12:42:00,13:02:00,12:35:00,12:57:00,13:10:00,12:55:00
3616,,,,,,14:23:00,14:24:00,14:25:00,14:37:00,14:40:00,15:08:00,15:15:00,15:13:00,15:20:00,15:32:00,14:20:00,14:41:00,14:33:00,14:35:00,14:45:00,14:35:00
3617,,,,,,12:14:00,12:15:00,12:18:00,12:27:00,12:30:00,13:06:00,13:08:00,13:09:00,13:10:00,13:23:00,12:10:00,12:36:00,12:25:00,12:24:00,12:33:00,12:31:00
3618,,,,,,14:30:00,14:33:00,14:35:00,14:45:00,14:48:00,15:17:00,15:20:00,15:20:00,15:23:00,15:41:00,14:27:00,14:46:00,14:30:00,14:42:00,14:53:00,14:38:00
3619,,,,,,12:04:00,12:05:00,12:08:00,12:16:00,12:18:00,12:42:00,12:56:00,13:05:00,13:10:00,13:26:00,11:57:00,12:27:00,12:15:00,12:11:00,12:22:00,12:22:00
3620,,,,,,12:18:00,12:20:00,12:21:00,12:30:00,12:33:00,13:03:00,13:05:00,13:04:00,13:09:00,13:30:00,12:11:00,12:37:00,12:40:00,12:29:00,12:38:00,12:30:00
3621,,,,,,12:12:00,12:15:00,12:17:00,12:28:00,12:30:00,12:48:00,12:57:00,13:00:00,13:08:00,12:23:00,12:08:00,12:33:00,12:33:00,12:23:00,12:35:00,12:28:00
3622,,,,,,12:07:00,12:10:00,12:12:00,12:29:00,12:33:00,12:53:00,12:55:00,13:06:00,13:13:00,13:25:00,12:02:00,12:29:00,,12:19:00,12:37:00,12:22:00
3623,,,,,,11:53:00,11:56:00,11:58:00,12:08:00,12:12:00,12:50:00,13:04:00,13:04:00,13:07:00,13:19:00,11:48:00,12:14:00,12:10:00,12:05:00,12:13:00,12:07:00
3624,,,,,,12:28:00,12:31:00,12:33:00,12:51:00,12:53:00,13:13:00,13:19:00,13:20:00,13:24:00,13:40:00,12:23:00,12:49:00,12:30:00,12:28:00,13:00:00,12:43:00
3625,,,,,,12:10:00,12:13:00,12:15:00,12:27:00,12:30:00,12:40:00,13:05:00,13:09:00,13:11:00,,12:05:00,12:35:00,12:30:00,12:22:00,12:36:00,12:28:00
3626,,,,,,12:29:00,12:32:00,12:35:00,12:59:00,13:02:00,13:15:00,13:20:00,13:25:00,13:31:00,13:44:00,12:25:00,12:50:00,12:35:00,12:43:00,13:05:00,12:45:00
3627,,,,,,12:47:00,12:52:00,12:55:00,13:15:00,13:16:00,13:36:00,13:44:00,13:44:00,13:56:00,13:04:00,12:43:00,13:26:00,12:50:00,13:09:00,13:23:00,13:19:00
3628,,,,,,12:25:00,12:28:00,12:30:00,12:45:00,12:47:00,13:21:00,13:22:00,13:23:00,13:28:00,13:45:00,12:19:00,12:48:00,12:30:00,12:36:00,12:49:00,12:41:00
3667,,,,,,13:22:00,13:25:00,13:26:00,13:40:00,13:42:00,14:10:00,14:15:00,14:18:00,14:21:00,14:43:00,13:16:00,13:48:00,13:30:00,14:32:00,13:45:00,13:41:00
3668,,,,,,12:59:00,13:04:00,13:06:00,13:18:00,13:22:00,13:55:00,13:58:00,14:00:00,14:02:00,14:17:00,12:56:00,13:16:00,13:16:00,13:13:00,13:23:00,13:11:00
3669,,,,,,12:52:00,12:53:00,12:54:00,13:13:00,13:15:00,13:46:00,13:49:00,13:51:00,13:54:00,14:01:00,12:47:00,13:10:00,13:12:00,13:03:00,13:18:00,13:05:00
3670,,,,,,14:05:00,14:06:00,14:07:00,14:21:00,14:25:00,14:52:00,14:53:00,14:54:00,14:57:00,15:03:00,14:02:00,14:25:00,14:10:00,14:15:00,14:24:00,14:14:00
3671,,,,,,15:49:00,15:52:00,15:55:00,16:00:00,16:03:00,16:32:00,16:34:00,16:38:00,16:42:00,17:01:00,15:42:00,16:08:00,15:33:00,16:03:00,16:09:00,16:02:00
3672,,,,,,12:53:00,12:54:00,12:55:00,13:10:00,13:13:00,13:50:00,13:52:00,13:54:00,14:00:00,14:14:00,12:50:00,13:10:00,13:32:00,13:05:00,13:15:00,13:03:00
3673,,,,,,12:41:00,12:44:00,12:46:00,12:54:00,13:09:00,13:46:00,13:51:00,13:56:00,14:00:00,14:23:00,12:38:00,13:04:00,13:00:00,12:55:00,13:08:00,12:57:00
3674,,,,,,13:06:00,13:09:00,13:12:00,13:24:00,13:26:00,13:57:00,14:00:00,14:01:00,14:05:00,14:27:00,12:57:00,13:27:00,13:26:00,13:20:00,13:22:00,13:22:00
3705,,,,,,15:28:00,15:29:00,15:30:00,15:45:00,15:47:00,16:16:00,16:17:00,16:18:00,16:23:00,16:32:00,15:20:00,15:47:00,15:20:00,15:38:00,15:48:00,15:39:00
3706,,,,,,15:08:00,15:11:00,15:15:00,15:35:00,15:44:00,15:55:00,15:57:00,15:57:00,16:01:00,16:12:00,15:06:00,15:33:00,15:14:00,15:24:00,15:36:00,15:25:00
3707,,,,,,15:23:00,15:24:00,15:25:00,15:45:00,15:47:00,16:06:00,16:08:00,16:10:00,16:34:00,16:42:00,15:16:00,15:44:00,15:20:00,15:35:00,15:49:00,15:34:00
3708,,,,,,15:34:00,15:36:00,15:38:00,15:50:00,16:00:00,16:20:00,16:25:00,16:26:00,16:31:00,16:41:00,15:28:00,15:56:00,15:38:00,15:45:00,15:55:00,15:47:00
3709,,,,,,15:23:00,15:24:00,15:25:00,15:45:00,15:47:00,15:59:00,16:02:00,16:15:00,16:46:00,16:54:00,15:19:00,15:41:00,15:25:00,15:32:00,15:50:00,15:35:00
3710,,,,,,15:14:00,15:18:00,15:21:00,15:35:00,15:40:00,16:05:00,16:06:00,16:10:00,16:24:00,16:35:00,15:11:00,15:38:00,15:20:00,15:30:00,15:40:00,15:29:00
3711,,,,,,15:02:00,15:06:00,15:08:00,15:29:00,15:32:00,15:50:00,15:56:00,15:56:00,16:02:00,16:08:00,14:58:00,15:46:00,15:20:00,15:14:00,15:33:00,15:41:00
3712,,,,,,15:57:00,16:01:00,16:03:00,16:11:00,16:17:00,16:43:00,16:44:00,16:47:00,16:50:00,17:00:00,15:54:00,16:21:00,16:03:00,16:10:00,16:21:00,16:14:00
3713,,,,,,15:18:00,15:20:00,15:21:00,15:35:00,15:50:00,16:05:00,16:12:00,16:14:00,16:17:00,16:33:00,15:14:00,15:35:00,15:20:00,15:30:00,15:40:00,15:28:00
3714,,,,,,16:21:00,16:24:00,16:26:00,16:39:00,16:41:00,16:59:00,17:08:00,17:10:00,17:21:00,17:34:00,16:19:00,16:47:00,16:37:00,16:35:00,16:45:00,16:37:00
3728,,,,,,14:11:00,14:12:00,14:13:00,14:32:00,14:38:00,14:57:00,14:59:00,15:01:00,15:06:00,15:15:00,14:03:00,14:23:00,14:09:00,14:23:00,14:35:00,14:17:00
5317,00:00:00,23:59:00,01:40:00,,,00:59:00,01:02:00,01:10:00,01:28:00,01:34:00,02:13:00,02:16:00,02:35:00,02:48:00,03:00:00,00:57:00,,,,,
5318,,,,,,,,,,14:00:00,14:50:00,14:55:00,,,,,,,,,
5332,00:00:00,23:59:00,00:23:00,,,00:51:00,00:53:00,00:55:00,01:13:00,01:16:00,01:45:00,01:48:00,01:49:00,01:52:00,02:00:00,00:48:00,,,,,
5333,00:00:00,23:59:00,23:47:00,,,23:53:00,23:55:00,00:23:00,00:32:00,00:37:00,01:07:00,01:19:00,01:23:00,01:36:00,01:43:00,23:51:00,,,,,
5365,,,,,,10:47:00,10:49:00,11:02:00,11:32:00,,,11:35:00,11:40:00,,,10:43:00,,,,,
5366,,,,,,09:23:00,09:24:00,09:33:00,09:46:00,,,09:50:00,09:55:00,,,09:16:00,,,,,
5367,,,,,,09:18:00,09:20:00,09:24:00,10:02:00,,,10:15:00,,,,09:14:00,,,,,
5371,,,,,,09:08:00,09:09:00,09:17:00,09:44:00,,,09:47:00,09:50:00,,,09:05:00,,,,,
5373,,,,,,09:30:00,09:38:00,09:40:00,10:08:00,,,10:10:00,10:15:00,,,09:17:00,,,,,
5376,,,,,,09:29:00,09:34:00,09:38:00,10:00:00,,,,,,,09:26:00,,,,,
5377,,,,,,09:15:00,09:19:00,09:28:00,09:48:00,,,09:49:00,09:50:00,,,09:10:00,,,,,
5384,,,,,,10:06:00,10:07:00,10:12:00,10:38:00,,,10:50:00,,,,10:00:00,,,,,
5449,00:00:00,23:59:00,14:40:00,,,,,,,15:00:00,15:14:00,15:16:00,15:18:00,15:21:00,15:39:00,,,,,,
5450,,,,,,,,,,,,,,15:18:00,15:28:00,,,,,,
5451,00:00:00,23:59:00,14:05:00,,,,,,,14:25:00,14:59:00,15:05:00,15:10:00,15:16:00,15:27:00,,,,,,
5454,,,14:20:00,,,,,,,14:25:00,14:48:00,15:25:00,15:35:00,15:35:00,15:55:00,,,,,,
5455,00:00:00,23:59:00,,,,,14:35:00,,,14:38:00,15:42:00,15:47:00,15:49:00,16:10:00,16:24:00,,,,,,
5457,,,14:00:00,,,,,,,14:22:00,15:32:00,15:35:00,15:40:00,15:42:00,15:47:00,,,,,,
5458,00:00:00,23:59:00,14:30:00,,,,,,,14:40:00,15:25:00,15:28:00,15:29:00,15:32:00,15:43:00,,,,,,
5459,00:00:00,23:59:00,14:30:00,,,,,,,14:35:00,15:19:00,15:21:00,15:23:00,15:25:00,15:32:00,,,,,,
5460,00:00:00,23:59:00,14:00:00,,,,,,,14:20:00,15:02:00,15:08:00,15:15:00,15:21:00,15:36:00,,,,,,
5461,00:00:00,23:59:00,14:10:00,,,,,,,14:20:00,14:57:00,15:00:00,15:10:00,15:27:00,15:35:00,,,,,,
5462,00:00:00,23:59:00,14:40:00,,,,,,,14:55:00,15:12:00,15:16:00,15:18:00,15:22:00,15:32:00,,,,,,
5463,00:00:00,23:59:00,14:15:00,,,,,,,14:30:00,15:18:00,15:22:00,15:24:00,15:25:00,15:37:00,,,,,,
5464,00:00:00,23:59:00,14:10:00,,,,,,,14:25:00,14:56:00,14:57:00,14:59:00,15:00:00,15:11:00,,,,,,
5468,00:00:00,23:59:00,14:00:00,,,,14:00:00,,,14:20:00,,,,,,,,,,,
5518,,,,,,,,,,08:05:00,08:33:00,08:35:00,,,,,,,,,
5528,00:00:00,23:59:00,12:10:00,12:45:00,14:15:00,12:29:00,00:00:00,12:41:00,12:58:00,12:59:00,13:14:00,13:19:00,13:30:00,13:42:00,13:55:00,12:19:00,12:45:00,,,,
5549,00:00:00,23:59:00,09:20:00,09:55:00,12:30:00,09:39:00,09:42:00,09:50:00,10:12:00,10:12:00,10:34:00,10:38:00,10:43:00,10:52:00,11:04:00,09:28:00,09:55:00,,,,
5552,00:00:00,23:59:00,09:40:00,10:25:00,13:00:00,10:12:00,10:15:00,10:20:00,10:40:00,10:41:00,10:52:00,10:56:00,11:02:00,12:10:00,12:24:00,09:58:00,10:25:00,,,,
5617,,,11:00:00,,,11:16:00,11:21:00,11:22:00,11:37:00,11:39:00,11:56:00,01:59:00,12:04:00,12:20:00,12:21:00,11:13:00,,,,,
5620,00:00:00,23:59:00,11:00:00,12:00:00,14:00:00,11:36:00,11:40:00,11:41:00,11:50:00,11:51:00,12:02:00,12:05:00,12:36:00,15:10:00,15:28:00,11:32:00,12:00:00,,,,
5623,00:00:00,23:59:00,15:10:00,15:10:00,,11:50:00,11:56:00,11:58:00,12:06:00,15:15:00,15:25:00,15:28:00,15:30:00,15:32:00,15:39:00,11:47:00,15:10:00,,,,
5625,00:00:00,23:59:00,14:07:00,11:30:00,13:30:00,11:07:00,11:12:00,11:14:00,11:25:00,14:08:00,14:15:00,14:17:00,14:18:00,14:20:00,14:35:00,11:07:00,11:30:00,,,,
5626,00:00:00,23:59:00,14:50:00,12:20:00,14:20:00,12:04:00,12:15:00,12:17:00,12:28:00,15:15:00,15:30:00,15:37:00,15:48:00,15:50:00,16:04:00,12:04:00,12:20:00,,,,
5627,00:00:00,23:59:00,15:20:00,12:20:00,14:00:00,11:55:00,12:02:00,12:04:00,12:15:00,15:40:00,15:52:00,15:54:00,15:56:00,15:58:00,16:10:00,11:43:00,12:20:00,,,,
5628,00:00:00,23:59:00,14:25:00,12:40:00,14:15:00,12:17:00,12:21:00,12:23:00,12:31:00,14:35:00,14:48:00,14:49:00,14:51:00,14:51:00,15:09:00,12:13:00,12:40:00,,,,
5630,00:00:00,23:59:00,14:40:00,11:40:00,14:00:00,11:25:00,11:29:00,11:30:00,11:37:00,14:50:00,15:07:00,15:08:00,15:09:00,15:11:00,15:28:00,11:20:00,11:40:00,,,,
5631,00:00:00,23:59:00,14:45:00,12:25:00,14:00:00,12:12:00,12:17:00,12:20:00,12:35:00,14:20:00,14:48:00,14:43:00,14:46:00,14:50:00,15:02:00,12:05:00,12:25:00,,,,
5632,00:00:00,23:59:00,14:35:00,12:00:00,14:00:00,11:44:00,11:52:00,11:53:00,12:03:00,14:48:00,15:07:00,15:09:00,15:11:00,15:13:00,15:25:00,11:36:00,12:00:00,,,,
5636,00:00:00,23:59:00,14:15:00,12:00:00,13:30:00,11:40:00,11:45:00,11:46:00,11:53:00,14:30:00,14:41:00,14:43:00,14:45:00,14:48:00,15:02:00,11:36:00,12:00:00,,,,
5640,,,,,,,,,,15:30:00,16:00:00,,,,,,,,,,
5642,,,,,,,,,,06:00:00,06:40:00,,,,,,,,,,
5643,,,,,,,,,,06:40:00,07:10:00,07:12:00,,,,,,,,,
5644,,,,,,,,,,06:40:00,07:20:00,,,,,,,,,,
5651,,,,,,,07:02:00,,,07:04:00,07:12:00,07:14:00,,,,,,,,,
5652,,,,,,,06:33:00,,,06:35:00,06:53:00,06:55:00,,,,,,,,,
5653,,,,,,,,,,06:40:00,07:20:00,,,,,,,,,,
5655,,,,,,,12:43:00,12:45:00,13:15:00,,,,,,,,,,,,
5658,,,,,,,12:38:00,12:40:00,13:25:00,,,,,,,,,,,,
5660,,,,,,,12:40:00,14:45:00,13:20:00,,,,,,,,,,,,
5661,,,,,,,,12:40:00,13:10:00,,,,,,,,,,,,
5662,,,,,,,13:00:00,13:01:00,13:36:00,,,,,,,,,,,,
5663,,,,,,,12:53:00,12:55:00,13:35:00,,,,,,,,,,,,
5664,,,,,,,12:48:00,12:50:00,13:30:00,,,,,,,,,,,,
5665,,,,,,,12:55:00,13:00:00,13:30:00,,,,,,,,,,,,
5666,00:00:00,23:59:00,15:20:00,13:20:00,15:20:00,12:32:00,12:38:00,12:40:00,13:00:00,15:24:00,15:38:00,15:40:00,15:42:00,15:44:00,15:18:00,12:22:00,13:20:00,,,,
5675,00:00:00,23:59:00,13:00:00,13:55:00,15:00:00,13:28:00,13:36:00,13:50:00,14:02:00,14:03:00,14:35:00,14:42:00,14:55:00,15:30:00,15:39:00,13:21:00,13:55:00,,,,
5676,,,,,21:45:00,,,,,,,,,,,,,,,,
5687,00:00:00,23:59:00,10:48:00,11:45:00,12:45:00,11:36:00,11:40:00,00:00:00,11:50:00,12:52:00,12:05:00,12:10:00,12:18:00,12:31:00,12:46:00,11:22:00,11:45:00,,,,
5767,00:00:00,23:59:00,21:30:00,,,22:00:00,22:03:00,22:08:00,22:40:00,22:41:00,23:17:00,23:20:00,23:59:00,23:24:00,23:33:00,21:50:00,,,,,
5768,00:00:00,23:59:00,07:45:00,,,00:00:00,08:24:00,08:28:00,08:54:00,08:55:00,09:20:00,09:24:00,09:28:00,09:35:00,09:47:00,08:09:00,,,,,
5773,00:00:00,23:59:00,11:41:00,,,12:35:00,12:44:00,12:46:00,12:58:00,13:00:00,13:18:00,13:20:00,,,,12:27:00,,,,,
5949,,,,,,,05:40:00,,,06:05:00,06:16:00,06:18:00,06:29:00,06:30:00,06:45:00,,,,,,
5958,,,,,,,05:50:00,,,06:00:00,06:19:00,06:24:00,06:24:00,06:29:00,06:39:00,,,05:58:00,,,
5959,,,,,,,05:35:00,,,06:05:00,06:11:00,06:12:00,06:17:00,06:19:00,06:36:00,,,,,,
5963,,,,,,,04:45:00,,,06:00:00,06:22:00,06:22:00,06:21:00,06:28:00,06:37:00,,,05:58:00,,,
5964,,,,,,,05:40:00,,,06:10:00,06:23:00,06:25:00,06:30:00,06:32:00,06:47:00,,,06:05:00,,,
5965,,,,,,,05:40:00,,,05:55:00,06:29:00,06:30:00,06:25:00,06:32:00,06:47:00,,,05:50:00,,,
5966,,,,,,,05:37:00,,,06:10:00,06:14:00,06:15:00,06:33:00,06:35:00,06:45:00,,,05:55:00,,,
5968,,,,,,,05:30:00,,,05:45:00,06:05:00,06:08:00,06:10:00,06:12:00,06:24:00,,,05:50:00,,,
5969,,,,,,,05:40:00,,,06:10:00,06:23:00,06:25:00,06:26:00,06:33:00,06:50:00,,,05:55:00,,,
5970,,,,,,,06:00:00,,,06:02:00,06:18:00,06:21:00,06:24:00,06:25:00,06:38:00,,,06:14:00,,,
5971,,,,,,,05:40:00,,,05:55:00,06:18:00,06:20:00,06:23:00,06:33:00,06:47:00,,,05:45:00,,,
5972,,,,,,,06:02:00,,,06:07:00,06:08:00,06:18:00,06:19:00,06:25:00,06:42:00,,,06:00:00,,,
5973,,,,,,,05:40:00,,,06:29:00,06:32:00,06:36:00,06:34:00,06:38:00,07:02:00,,,05:55:00,,,
6055,,,,,,09:08:00,00:00:00,09:10:00,09:15:00,,,09:18:00,,,,09:06:00,09:35:00,,09:18:00,09:20:00,09:20:00
6056,,,,,,09:03:00,09:05:00,09:06:00,09:14:00,,,09:16:00,09:46:00,,,08:58:00,09:40:00,,09:13:00,09:16:00,09:19:00
6061,,,,,,09:16:00,09:17:00,09:18:00,09:24:00,,,09:23:00,10:09:00,,,09:14:00,10:08:00,,09:32:00,09:35:00,09:29:00
6064,,,,,,09:10:00,09:11:00,09:13:00,09:14:00,,,09:15:00,,,,09:05:00,09:34:00,,09:17:00,09:21:00,09:19:00
6067,,,,,,09:25:00,09:30:00,09:33:00,09:36:00,,,09:38:00,,,,09:22:00,09:57:00,,09:38:00,09:40:00,09:39:00
6069,,,,,,09:05:00,09:08:00,09:10:00,09:13:00,,,,,,,09:03:00,09:35:00,,09:16:00,09:17:00,09:16:00
6071,,,,,,09:15:00,09:17:00,09:18:00,09:20:00,,,09:22:00,,,,09:13:00,09:40:00,,09:24:00,09:26:00,09:25:00
6146,,,,,,,16:40:00,,,17:00:00,17:03:00,17:06:00,17:18:00,17:20:00,17:28:00,,,16:38:00,,,
6153,,,,,,,16:21:00,,,16:50:00,17:02:00,17:25:00,17:32:00,17:34:00,17:51:00,,,15:55:00,,,
6156,,,,,,,16:30:00,,,16:48:00,16:52:00,17:20:00,17:23:00,17:34:00,17:55:00,,,,,,
6159,,,,,,,16:37:00,,,17:08:00,17:10:00,17:12:00,17:20:00,17:22:00,17:41:00,,,16:40:00,,,
6160,,,,,,20:13:00,20:17:00,20:19:00,20:22:00,,,,,,,20:09:00,20:39:00,16:45:00,20:25:00,20:28:00,20:27:00
6233,,,,,,20:19:00,20:21:00,20:22:00,20:25:00,,,21:05:00,,,,20:13:00,21:00:00,,20:30:00,20:33:00,20:35:00
6235,,,,,,20:03:00,20:04:00,20:06:00,20:10:00,,,20:11:00,21:17:00,,,19:59:00,20:26:00,,20:11:00,20:12:00,20:16:00
6250,,,,,,20:13:00,20:17:00,20:19:00,20:22:00,,,,,,,20:09:00,20:39:00,,20:25:00,20:28:00,20:27:00
6308,,,,,,22:27:00,22:29:00,22:29:00,22:39:00,,,,,,,22:22:00,23:15:00,,22:43:00,22:44:00,22:45:00
6317,,,,,,21:29:00,21:30:00,21:31:00,21:34:00,,,,,,,21:23:00,21:53:00,,21:33:00,21:33:00,21:36:00
6319,,,,,,21:43:00,21:46:00,21:50:00,22:00:00,,,22:03:00,,,,21:39:00,22:30:00,,22:05:00,22:10:00,22:15:00
6395,,,,,,10:31:00,10:32:00,10:35:00,10:47:00,12:34:00,13:52:00,13:57:00,13:59:00,14:02:00,14:16:00,10:24:00,11:30:00,13:19:00,10:42:00,10:53:00,10:56:00
6397,,,,,,10:39:00,10:45:00,10:48:00,11:09:00,12:40:00,13:50:00,14:03:00,14:06:00,14:16:00,14:31:00,10:35:00,11:40:00,13:17:00,10:54:00,11:09:00,11:07:00
6399,,,,,,10:37:00,10:40:00,10:42:00,11:05:00,12:25:00,14:07:00,14:08:00,14:06:00,14:10:00,14:25:00,10:31:00,11:45:00,13:21:00,10:55:00,11:09:00,11:02:00
6405,,,,,,10:37:00,10:37:00,10:38:00,10:51:00,12:25:00,13:55:00,14:01:00,14:05:00,14:08:00,14:20:00,10:23:00,11:26:00,13:00:00,10:52:00,11:05:00,10:53:00
6410,,,,,,11:12:00,11:13:00,11:16:00,11:30:00,12:55:00,13:48:00,13:56:00,14:01:00,14:09:00,14:24:00,11:04:00,12:25:00,13:17:00,11:20:00,11:37:00,11:50:00
6413,,,,,,10:34:00,10:38:00,12:45:00,10:55:00,12:45:00,13:43:00,13:52:00,14:01:00,14:08:00,14:27:00,10:31:00,11:45:00,13:18:00,10:55:00,11:10:00,10:55:00
6416,,,,,,10:45:00,10:46:00,10:47:00,00:00:00,12:20:00,13:40:00,13:53:00,13:55:00,14:00:00,14:14:00,10:40:00,11:32:00,13:02:00,11:02:00,11:20:00,11:00:00
6418,,,,,,10:47:00,10:50:00,10:52:00,11:10:00,12:40:00,13:55:00,13:58:00,13:59:00,14:04:00,14:20:00,10:40:00,11:39:00,12:32:00,10:58:00,11:12:00,11:09:00
6419,,,,,,10:52:00,10:55:00,10:57:00,11:18:00,12:30:00,13:53:00,13:56:00,14:08:00,14:11:00,14:28:00,10:45:00,12:14:00,13:10:00,11:13:00,11:32:00,11:11:00
6420,,,,,,10:58:00,11:03:00,11:05:00,11:15:00,12:30:00,13:50:00,13:58:00,14:05:00,14:08:00,14:28:00,10:53:00,12:06:00,13:11:00,11:16:00,11:31:00,11:17:00
6422,,,,,,10:32:00,10:36:00,10:38:00,10:51:00,12:35:00,13:45:00,13:48:00,14:03:00,14:07:00,14:22:00,10:25:00,11:22:00,13:19:00,10:45:00,10:51:00,10:58:00
6423,,,,,,10:37:00,10:41:00,10:44:00,11:06:00,13:00:00,13:45:00,13:55:00,14:03:00,14:06:00,14:21:00,10:34:00,11:29:00,13:17:00,10:50:00,11:10:00,10:59:00
6518,,,,,,20:13:00,20:16:00,20:20:00,20:28:00,,,20:30:00,,,,20:08:00,21:08:00,,20:27:00,20:36:00,20:38:00
6520,,,,,,20:10:00,20:13:00,20:15:00,20:29:00,,,20:30:00,,,,20:05:00,,,20:26:00,20:38:00,
6526,,,,,,20:16:00,20:18:00,20:19:00,20:36:00,,,20:35:00,,,,20:16:00,21:15:00,,20:30:00,20:36:00,20:44:00
6527,,,,,,20:18:00,20:22:00,20:24:00,20:47:00,,,,,,,20:09:00,22:10:00,,20:43:00,20:56:00,21:10:00
6533,,,,,,20:12:00,20:15:00,20:20:00,20:44:00,,,20:46:00,,,,20:06:00,21:45:00,,20:40:00,20:50:00,20:50:00
6603,,,,,,,03:10:00,,,03:20:00,04:37:00,04:38:00,04:44:00,04:47:00,05:01:00,,,03:52:00,,,
6605,,,,,,,04:02:00,,,04:05:00,04:20:00,04:27:00,04:34:00,04:42:00,05:10:00,,,04:03:00,,,
6609,,,,,,,03:48:00,,,03:50:00,04:40:00,04:50:00,04:48:00,04:53:00,05:13:00,,,04:12:00,,,
6613,,,,,,,04:15:00,,,03:55:00,04:31:00,04:41:00,04:43:00,04:46:00,04:55:00,,,,,,
6614,,,,,,,03:25:00,,,03:28:00,04:28:00,04:32:00,04:39:00,04:41:00,04:58:00,,,03:54:00,,,
6616,,,,,,,03:35:00,,,03:41:00,04:41:00,04:45:00,04:47:00,04:50:00,05:06:00,,,03:52:00,,,
6617,,,,,,,03:20:00,,,03:28:00,04:32:00,04:41:00,04:43:00,04:45:00,05:00:00,,,04:00:00,,,
6618,,,,,,,03:26:00,,,03:32:00,04:30:00,04:39:00,04:43:00,04:46:00,05:00:00,,,04:20:00,,,
6619,,,,,,,03:20:00,,,03:25:00,04:32:00,04:35:00,04:37:00,04:41:00,05:02:00,,,04:00:00,,,
6714,,,,,,21:54:00,21:57:00,21:59:00,22:11:00,,,,,,,21:49:00,23:55:00,,22:08:00,22:25:00,22:15:00
6728,,,,,,22:15:00,22:18:00,22:21:00,22:35:00,,,22:38:00,,,,22:06:00,,,22:30:00,22:44:00,
6738,,,,,,22:02:00,22:07:00,22:08:00,22:18:00,,,22:19:00,,,,21:58:00,23:09:00,,22:15:00,22:25:00,22:28:00
6865,,,,,,,04:14:00,,,04:17:00,05:21:00,05:27:00,05:29:00,05:31:00,05:46:00,,,04:34:00,,,
6867,,,,,,,04:26:00,,,04:30:00,05:15:00,05:19:00,05:25:00,05:35:00,05:43:00,,,04:40:00,,,
6879,,,,,,,04:25:00,,,04:30:00,05:26:00,05:27:00,05:25:00,05:29:00,05:39:00,,,04:49:00,,,
6883,,,,,,,04:20:00,,,04:23:00,05:10:00,05:14:00,05:26:00,05:28:00,05:38:00,,,04:50:00,,,
6885,,,,,,,04:25:00,,,04:27:00,04:55:00,05:05:00,05:15:00,05:17:00,05:29:00,,,04:29:00,,,
6887,,,,,,,04:20:00,,,04:25:00,04:53:00,05:13:00,05:17:00,05:19:00,05:29:00,,,04:33:00,,,
6888,,,,,,,04:20:00,,,04:23:00,05:05:00,05:11:00,05:25:00,05:27:00,05:44:00,,,,,,
6889,,,,,,,04:15:00,,,04:20:00,05:12:00,05:16:00,05:21:00,05:24:00,05:41:00,,,04:30:00,,,
6890,,,,,,,04:30:00,,,04:33:00,04:21:00,04:24:00,05:23:00,05:25:00,05:40:00,,,04:40:00,,,
6893,,,,,,,04:25:00,,,04:30:00,05:09:00,05:17:00,05:21:00,05:28:00,05:40:00,,,04:40:00,,,
7014,,,,,,23:00:00,23:01:00,23:02:00,23:40:00,,,23:41:00,,,,22:56:00,00:20:00,,23:13:00,23:22:00,23:30:00
7165,,,,,,,05:55:00,,,06:00:00,07:01:00,07:05:00,07:10:00,07:15:00,07:28:00,,,06:14:00,,,
7167,,,,,,,05:50:00,,,06:00:00,06:40:00,06:55:00,07:08:00,07:10:00,07:25:00,,,06:10:00,,,
7177,,,,,,,05:45:00,,,05:50:00,06:40:00,06:50:00,06:58:00,07:12:00,07:27:00,,,06:13:00,,,
7179,,,,,,,05:55:00,,,06:00:00,06:53:00,07:02:00,07:04:00,07:07:00,07:25:00,,,06:20:00,,,
7183,,,,,,,06:55:00,,,06:58:00,07:35:00,07:55:00,07:56:00,07:04:00,07:21:00,,,07:16:00,,,
7184,,,,,,,05:03:00,,,05:33:00,06:35:00,06:54:00,06:55:00,07:03:00,07:16:00,,,06:10:00,,,
7185,,,,,,,05:50:00,,,05:55:00,06:47:00,06:55:00,07:04:00,07:06:00,07:19:00,,,06:15:00,,,
7187,,,,,,,05:45:00,,,05:47:00,06:29:00,06:59:00,07:02:00,07:04:00,07:17:00,,,06:05:00,,,
7188,,,,,,,05:45:00,,,05:47:00,06:48:00,06:53:00,06:55:00,06:58:00,07:14:00,,,06:30:00,,,
7189,,,,,,,05:43:00,,,05:45:00,06:40:00,06:55:00,06:59:00,07:01:00,07:15:00,,,06:20:00,,,
7190,,,,,,,05:50:00,,,05:54:00,06:55:00,06:58:00,07:00:00,07:05:00,07:19:00,,,,,,06:18:00
7193,,,,,,,05:49:00,,,05:57:00,06:50:00,06:59:00,07:09:00,07:13:00,07:23:00,,,06:26:00,,,
7259,,,,,,10:13:00,10:17:00,10:18:00,10:28:00,10:32:00,11:07:00,11:22:00,11:29:00,11:32:00,11:48:00,10:05:00,10:41:00,10:45:00,10:25:00,10:50:00,10:30:00
7271,,,,,,12:22:00,12:23:00,12:24:00,12:32:00,12:47:00,13:05:00,13:35:00,13:36:00,13:40:00,13:53:00,12:20:00,12:45:00,12:41:00,12:34:00,12:38:00,12:35:00
7346,,,,,,09:43:00,09:46:00,09:50:00,09:55:00,10:04:00,10:45:00,10:47:00,10:48:00,11:03:00,11:32:00,09:38:00,10:14:00,09:55:00,09:58:00,10:25:00,10:00:00
7347,,,,,,09:24:00,09:26:00,09:30:00,09:41:00,09:43:00,10:07:00,10:25:00,10:27:00,10:29:00,10:41:00,09:21:00,09:56:00,09:38:00,09:45:00,09:53:00,09:44:00
7350,,,,,,09:30:00,09:35:00,09:37:00,09:51:00,09:56:00,10:20:00,10:25:00,10:29:00,10:32:00,10:45:00,09:26:00,09:52:00,10:05:00,09:49:00,10:09:00,09:40:00
7356,,,,,,09:35:00,09:36:00,09:37:00,09:53:00,09:55:00,11:08:00,11:24:00,11:26:00,11:30:00,11:44:00,09:34:00,10:02:00,09:33:00,09:48:00,09:05:00,09:50:00
7359,,,,,,09:15:00,09:16:00,09:17:00,09:33:00,09:39:00,09:55:00,10:25:00,10:24:00,10:35:00,10:51:00,09:12:00,09:41:00,09:40:00,09:30:00,09:38:00,09:30:00
7363,,,,,,09:07:00,09:11:00,09:15:00,09:43:00,09:46:00,10:20:00,10:25:00,10:25:00,10:28:00,10:38:00,09:03:00,09:41:00,09:47:00,09:26:00,09:39:00,09:26:00
7366,,,,,,09:11:00,09:16:00,09:17:00,09:26:00,09:29:00,10:24:00,10:25:00,10:27:00,10:29:00,10:47:00,09:03:00,09:42:00,10:00:00,09:19:00,09:31:00,09:30:00
7367,,,,,,09:06:00,09:09:00,09:12:00,09:21:00,09:40:00,10:20:00,10:25:00,10:26:00,10:40:00,10:57:00,08:59:00,,09:30:00,09:20:00,09:30:00,
7369,,,,,,09:09:00,09:10:00,09:11:00,09:25:00,09:29:00,10:10:00,10:24:00,10:26:00,10:30:00,10:44:00,09:07:00,09:33:00,09:32:00,09:20:00,09:30:00,09:22:00
7370,,,,,,09:17:00,09:21:00,09:23:00,09:34:00,09:37:00,10:20:00,10:23:00,10:25:00,10:37:00,11:16:00,09:12:00,09:42:00,09:36:00,09:34:00,09:43:00,09:32:00
7371,,,,,,09:20:00,09:22:00,09:24:00,09:36:00,09:40:00,10:10:00,10:25:00,00:00:00,10:30:00,10:45:00,09:09:00,09:46:00,09:45:00,09:33:00,09:40:00,09:39:00
7372,,,,,,09:26:00,09:27:00,09:30:00,09:37:00,09:50:00,10:20:00,10:28:00,10:29:00,10:30:00,10:38:00,09:23:00,09:50:00,10:00:00,09:35:00,09:40:00,09:36:00
7373,,,,,,09:12:00,09:16:00,09:18:00,09:33:00,09:49:00,10:35:00,10:28:00,10:30:00,10:35:00,10:55:00,09:07:00,09:45:00,09:35:00,09:25:00,09:40:00,09:30:00
7514,,,,,,11:37:00,11:41:00,11:46:00,11:58:00,12:00:00,12:28:00,12:33:00,12:35:00,12:40:00,13:00:00,11:32:00,12:05:00,12:05:00,11:53:00,12:04:00,11:55:00
7515,,,,,,11:18:00,12:22:00,11:24:00,11:29:00,11:32:00,12:02:00,12:35:00,12:36:00,12:38:00,12:51:00,11:15:00,11:38:00,11:45:00,11:34:00,11:40:00,11:30:00
7518,,,,,,11:30:00,11:34:00,11:36:00,12:47:00,11:53:00,12:30:00,12:35:00,12:36:00,12:37:00,13:09:00,11:27:00,12:02:00,11:57:00,11:49:00,12:04:00,11:52:00
7524,,,,,,11:44:00,11:44:00,11:46:00,11:57:00,11:59:00,12:20:00,12:34:00,12:36:00,12:42:00,13:10:00,11:43:00,12:09:00,11:42:00,11:56:00,12:08:00,11:58:00
7527,,,,,,11:25:00,11:26:00,11:28:00,00:00:00,11:40:00,12:10:00,12:31:00,12:30:00,12:33:00,12:45:00,11:22:00,11:45:00,00:00:00,11:40:00,11:49:00,11:35:00
7531,,,,,,11:25:00,11:28:00,11:30:00,11:45:00,11:48:00,12:07:00,12:35:00,12:36:00,12:39:00,12:54:00,11:23:00,11:45:00,11:50:00,11:38:00,11:49:00,11:37:00
7532,,,,,,11:30:00,11:36:00,11:38:00,11:42:00,11:47:00,12:20:00,12:35:00,12:36:00,12:39:00,12:50:00,11:28:00,11:54:00,12:03:00,11:45:00,11:52:00,11:46:00
7535,,,,,,11:43:00,11:47:00,11:49:00,11:55:00,12:14:00,12:30:00,12:33:00,12:40:00,12:44:00,12:55:00,11:35:00,12:13:00,11:45:00,12:01:00,12:11:00,12:02:00
7536,,,,,,11:51:00,11:54:00,11:58:00,11:59:00,12:19:00,12:40:00,13:18:00,13:22:00,13:23:00,13:47:00,11:47:00,12:14:00,12:05:00,12:02:00,12:05:00,12:02:00
7537,,,,,,11:24:00,11:26:00,11:27:00,11:27:00,11:53:00,12:24:00,12:35:00,12:35:00,12:40:00,12:56:00,11:21:00,11:39:00,11:42:00,11:33:00,11:35:00,11:33:00
7538,,,,,,11:43:00,11:47:00,11:49:00,11:57:00,12:03:00,12:33:00,12:35:00,12:34:00,12:38:00,11:52:00,11:40:00,12:07:00,11:45:00,12:02:00,12:07:00,12:00:00
7539,,,,,,11:17:00,11:20:00,11:23:00,11:25:00,11:44:00,12:30:00,10:25:00,10:27:00,12:37:00,12:46:00,11:10:00,11:40:00,11:40:00,11:30:00,11:30:00,11:31:00
7540,,,,,,11:30:00,11:31:00,11:32:00,11:38:00,11:42:00,12:13:00,12:31:00,12:32:00,12:35:00,12:45:00,11:29:00,11:52:00,11:41:00,11:40:00,11:46:00,11:44:00
7541,,,,,,11:50:00,11:53:00,11:55:00,12:00:00,12:05:00,12:39:00,12:41:00,12:40:00,12:49:00,13:06:00,11:47:00,12:15:00,11:50:00,12:08:00,12:14:00,12:05:00
7683,,,,,,16:10:00,15:13:00,15:17:00,15:26:00,15:46:00,16:08:00,16:30:00,16:34:00,16:36:00,16:41:00,15:05:00,15:42:00,15:35:00,15:25:00,15:37:00,15:25:00
7693,,,,,,15:20:00,15:23:00,15:26:00,15:34:00,15:45:00,15:59:00,16:28:00,16:31:00,16:46:00,17:06:00,15:13:00,15:56:00,15:35:00,15:32:00,15:35:00,15:48:00
7705,,,,,,15:15:00,15:18:00,15:35:00,15:24:00,15:35:00,15:50:00,16:29:00,16:31:00,16:35:00,16:48:00,15:15:00,15:38:00,15:35:00,15:26:00,15:29:00,15:26:00
7795,00:00:00,23:59:00,11:40:00,,,11:58:00,12:00:00,12:05:00,12:30:00,12:30:00,12:42:00,12:47:00,12:53:00,12:58:00,13:10:00,11:48:00,,,,,
7798,00:00:00,23:59:00,14:55:00,13:30:00,15:00:00,13:17:00,13:22:00,13:24:00,13:36:00,15:04:00,15:12:00,13:13:00,15:14:00,15:16:00,15:33:00,13:13:00,13:30:00,,,,
7801,00:00:00,23:59:00,05:03:00,,,05:55:00,06:00:00,06:09:00,06:18:00,06:18:00,06:55:00,06:58:00,07:00:00,07:28:00,07:40:00,05:45:00,,,,,
7812,,,,,,12:26:00,04:35:00,12:31:00,12:45:00,12:47:00,13:05:00,13:13:00,13:19:00,13:23:00,13:38:00,12:23:00,12:47:00,12:33:00,12:38:00,13:51:00,12:40:00
7825,,,,,,15:31:00,15:35:00,15:37:00,15:30:00,15:55:00,16:12:00,16:17:00,16:22:00,16:29:00,16:50:00,15:25:00,15:52:00,15:40:00,15:45:00,15:58:00,15:46:00
8070,,,,,,20:12:00,20:15:00,20:17:00,20:30:00,,,,,,,20:01:00,21:28:00,,20:25:00,20:35:00,20:37:00
8381,,,,,,18:43:00,18:44:00,18:48:00,19:04:00,,,19:05:00,,,,18:34:00,19:44:00,,18:51:00,19:08:00,19:05:00
8605,,,,,,,,,,,05:38:00,05:02:00,05:47:00,05:50:00,06:06:00,,,05:07:00,,,
9109,,,,,,22:46:00,22:49:00,22:52:00,23:06:00,23:10:00,23:34:00,23:43:00,23:50:00,23:52:00,00:11:00,22:40:00,23:13:00,23:00:00,23:01:00,23:15:00,23:03:00
9110,,,,,,23:42:00,23:45:00,23:48:00,23:57:00,00:05:00,00:30:00,00:34:00,00:39:00,00:43:00,01:04:00,23:37:00,00:05:00,23:30:00,23:54:00,00:02:00,23:55:00
9113,,,,,,22:38:00,22:40:00,22:42:00,22:53:00,23:15:00,23:40:00,23:45:00,23:46:00,23:48:00,23:56:00,22:34:00,22:55:00,23:35:00,22:50:00,23:00:00,22:45:00
9176,,,,,,,,,,,,,,,,11:57:00,,,11:57:00,,11:57:00
9178,,,,,,,,,,,,,,,,12:03:00,,,12:03:00,,12:03:00
9180,00:00:00,23:59:00,01:10:00,02:20:00,03:20:00,02:00:00,02:12:00,02:15:00,02:30:00,02:31:00,02:47:00,02:53:00,03:00:00,03:20:00,03:40:00,01:49:00,02:20:00,,,,
9213,,,,,,15:12:00,15:13:00,15:16:00,15:27:00,15:30:00,16:00:00,16:01:00,16:02:00,16:04:00,16:18:00,15:04:00,15:42:00,15:15:00,15:21:00,15:33:00,15:36:00
9215,,,,,,14:25:00,14:28:00,14:32:00,14:38:00,14:40:00,15:23:00,15:28:00,15:33:00,15:40:00,15:53:00,14:18:00,14:50:00,14:43:00,14:37:00,15:00:00,14:43:00
9221,,,,,,15:03:00,15:06:00,15:10:00,15:30:00,15:35:00,15:50:00,15:53:00,15:55:00,15:59:00,16:21:00,14:59:00,15:26:00,15:10:00,15:20:00,15:58:00,15:18:00
9225,,,,,,15:11:00,15:12:00,15:15:00,15:26:00,15:28:00,15:49:00,15:56:00,16:00:00,16:02:00,16:14:00,15:07:00,15:26:00,15:18:00,15:19:00,15:31:00,15:20:00
9229,,,,,,14:35:00,14:36:00,14:37:00,14:52:00,14:57:00,15:20:00,15:30:00,15:31:00,15:37:00,15:50:00,14:34:00,14:57:00,14:52:00,14:42:00,14:57:00,14:50:00
9231,,,,,,14:32:00,14:33:00,14:36:00,14:46:00,14:48:00,15:22:00,15:35:00,15:39:00,15:45:00,15:59:00,14:23:00,14:51:00,14:54:00,14:41:00,14:51:00,14:44:00
9234,,,,,,15:45:00,15:49:00,15:50:00,16:20:00,16:01:00,16:34:00,16:37:00,16:39:00,16:42:00,17:00:00,15:40:00,16:22:00,15:53:00,16:05:00,16:40:00,16:10:00
9288,,,,,,12:28:00,12:29:00,12:32:00,12:43:00,12:45:00,13:09:00,13:11:00,13:12:00,13:16:00,13:31:00,12:23:00,12:47:00,12:39:00,12:38:00,12:50:00,12:41:00
9289,,,,,,12:08:00,12:11:00,12:13:00,12:30:00,12:33:00,12:52:00,13:00:00,12:59:00,13:03:00,13:18:00,12:03:00,12:35:00,12:45:00,12:20:00,12:30:00,12:25:00
9290,,,,,,11:47:00,11:49:00,11:52:00,12:05:00,12:03:00,12:53:00,12:56:00,12:57:00,13:00:00,13:18:00,11:43:00,12:03:00,12:15:00,12:00:00,12:30:00,11:55:00
9291,,,,,,11:56:00,11:57:00,12:00:00,12:09:00,12:11:00,12:51:00,12:54:00,12:55:00,12:57:00,13:12:00,11:47:00,12:16:00,12:30:00,12:05:00,12:15:00,12:09:00
9292,,,,,,11:52:00,11:53:00,11:56:00,12:07:00,12:10:00,12:38:00,12:40:00,12:52:00,12:55:00,13:09:00,11:44:00,12:11:00,12:15:00,12:01:00,12:12:00,12:04:00
9294,,,,,,12:06:00,12:08:00,12:12:00,12:24:00,12:50:00,12:50:00,12:56:00,13:01:00,13:03:00,13:16:00,12:00:00,12:17:00,12:40:00,12:30:00,13:00:00,12:10:00
9296,,,,,,12:08:00,12:10:00,12:24:00,12:22:00,12:24:00,12:43:00,12:55:00,12:56:00,12:57:00,13:12:00,12:00:00,12:30:00,12:15:00,12:16:00,12:30:00,12:22:00
9297,,,,,,12:02:00,12:05:00,12:07:00,12:16:00,12:18:00,12:50:00,13:01:00,13:03:00,13:07:00,13:26:00,11:57:00,12:25:00,12:22:00,12:24:00,12:50:00,12:19:00
9298,,,,,,12:10:00,12:12:00,12:13:00,12:30:00,12:33:00,12:52:00,12:53:00,12:55:00,12:59:00,13:13:00,12:08:00,12:32:00,12:18:00,12:25:00,12:35:00,12:25:00
9299,,,,,,12:05:00,12:07:00,12:10:00,12:19:00,12:23:00,12:50:00,12:54:00,12:55:00,12:59:00,13:16:00,12:02:00,12:26:00,12:20:00,12:19:00,12:25:00,12:18:00
9301,,,,,,12:56:00,12:59:00,13:00:00,12:09:00,13:11:00,13:39:00,13:42:00,13:46:00,13:47:00,13:56:00,12:52:00,13:17:00,12:55:00,13:07:00,13:16:00,13:10:00
9307,,,,,,12:01:00,12:04:00,12:07:00,12:19:00,12:23:00,12:50:00,12:53:00,12:56:00,13:02:00,13:22:00,11:58:00,12:25:00,12:16:00,12:13:00,12:40:00,12:17:00
9309,,,,,,11:46:00,11:47:00,11:50:00,12:01:00,12:03:00,12:55:00,13:02:00,13:04:00,13:05:00,13:19:00,11:39:00,12:08:00,12:18:00,11:55:00,12:06:00,12:01:00
9310,,,,,,11:48:00,11:49:00,11:52:00,12:03:00,12:07:00,12:48:00,12:54:00,12:55:00,12:57:00,13:12:00,11:43:00,12:07:00,12:15:00,11:57:00,12:09:00,12:01:00
9366,,,,,,09:15:00,09:18:00,09:20:00,09:35:00,09:36:00,10:08:00,10:09:00,10:09:00,10:11:00,10:35:00,09:12:00,09:34:00,09:37:00,09:27:00,09:40:00,09:28:00
9367,,,,,,09:00:00,09:03:00,09:05:00,09:19:00,09:23:00,09:50:00,10:11:00,10:12:00,10:19:00,10:30:00,08:56:00,09:23:00,09:30:00,09:08:00,09:23:00,09:16:00
9369,,,,,,09:41:00,09:42:00,09:45:00,09:54:00,09:56:00,10:21:00,10:26:00,10:27:00,10:30:00,10:42:00,09:30:00,10:01:00,10:00:00,09:51:00,10:00:00,09:54:00
9370,,,,,,09:14:00,09:17:00,09:20:00,09:25:00,09:27:00,09:51:00,10:48:00,12:01:00,12:24:00,12:41:00,09:04:00,09:32:00,09:35:00,09:25:00,09:50:00,09:26:00
9373,,,,,,10:00:00,10:01:00,10:04:00,10:15:00,10:17:00,10:46:00,10:50:00,10:52:00,11:01:00,11:14:00,09:49:00,10:23:00,09:40:00,10:10:00,10:21:00,10:15:00
9374,,,,,,09:06:00,09:09:00,09:11:00,09:28:00,09:30:00,10:00:00,10:10:00,10:13:00,10:20:00,10:35:00,09:00:00,09:28:00,09:30:00,09:14:00,09:33:00,09:22:00
9375,,,,,,09:00:00,09:05:00,09:07:00,09:15:00,09:07:00,10:10:00,10:17:00,10:19:00,10:21:00,10:39:00,08:57:00,09:19:00,09:35:00,09:20:00,09:30:00,09:12:00
9376,,,,,,09:12:00,09:13:00,09:14:00,10:15:00,09:27:00,10:15:00,10:17:00,10:20:00,10:22:00,10:32:00,09:08:00,09:27:00,09:42:00,09:18:00,09:28:00,09:20:00
9377,,,,,,09:11:00,09:13:00,09:15:00,10:09:00,09:34:00,10:09:00,10:12:00,10:16:00,10:28:00,10:45:00,09:07:00,09:38:00,09:40:00,09:22:00,09:36:00,09:30:00
9379,,,,,,09:16:00,09:19:00,09:21:00,09:30:00,09:37:00,10:21:00,10:22:00,10:21:00,10:24:00,10:44:00,09:12:00,09:35:00,09:40:00,09:29:00,09:37:00,09:29:00
9382,,,,,,09:11:00,09:13:00,09:15:00,09:25:00,09:26:00,10:10:00,10:12:00,10:13:00,10:22:00,10:35:00,09:09:00,09:35:00,09:41:00,09:29:00,10:00:00,09:28:00
9383,,,,,,08:58:00,08:59:00,09:02:00,09:14:00,09:17:00,10:08:00,10:13:00,10:17:00,10:21:00,10:34:00,08:54:00,09:11:00,09:38:00,09:08:00,09:19:00,09:05:00
9385,,,,,,09:11:00,09:13:00,09:15:00,09:28:00,09:31:00,10:01:00,10:10:00,10:14:00,10:20:00,10:40:00,09:09:00,09:34:00,09:27:00,09:27:00,10:10:00,09:28:00
9388,,,,,,09:28:00,09:31:00,09:33:00,00:00:00,09:47:00,10:01:00,10:16:00,10:17:00,10:28:00,10:41:00,09:16:00,,09:30:00,,,
9390,,,,,,09:47:00,09:51:00,10:00:00,10:31:00,09:57:00,10:31:00,10:33:00,12:08:00,12:10:00,,09:41:00,10:03:00,09:55:00,10:10:00,10:45:00,09:56:00
9424,,,,,,12:17:00,12:21:00,12:23:00,12:35:00,12:38:00,13:20:00,13:21:00,13:23:00,13:26:00,13:42:00,12:10:00,12:42:00,12:30:00,12:28:00,12:39:00,12:35:00
9426,,,,,,11:56:00,11:57:00,12:00:00,12:13:00,12:25:00,13:05:00,13:21:00,13:22:00,13:27:00,13:43:00,11:51:00,12:17:00,12:35:00,12:06:00,12:19:00,12:12:00
9428,,,,,,12:58:00,12:02:00,12:03:00,12:17:00,12:19:00,13:12:00,13:16:00,13:18:00,13:41:00,13:55:00,11:55:00,12:22:00,12:40:00,12:13:00,12:57:00,12:15:00
9467,,,,,,18:56:00,18:59:00,19:01:00,19:15:00,,,19:17:00,,,,18:53:00,19:47:00,,19:10:00,19:20:00,19:19:00
9475,,,,,,18:58:00,19:01:00,19:03:00,19:14:00,,,19:16:00,,,,18:49:00,19:57:00,,19:10:00,19:20:00,19:19:00
9482,,,,,,19:17:00,19:22:00,19:20:00,19:31:00,,,19:34:00,,,,19:10:00,20:15:00,,19:28:00,19:43:00,19:38:00
9547,,,,,,20:56:00,20:59:00,21:00:00,21:05:00,,,21:09:00,,,,20:52:00,21:56:00,,21:08:00,21:13:00,21:12:00
9553,,,,,,22:26:00,22:28:00,22:30:00,22:40:00,,,,,,,22:22:00,23:37:00,,22:35:00,22:45:00,22:50:00
9565,,,,,,21:20:00,21:23:00,21:25:00,21:31:00,,,21:33:00,,,,21:15:00,22:09:00,,21:32:00,21:38:00,21:37:00
9617,,,,,,,04:50:00,,,05:00:00,05:50:00,05:55:00,05:54:00,05:58:00,06:05:00,,,05:25:00,,,
9618,,,,,,,04:50:00,,,04:55:00,05:40:00,05:56:00,05:50:00,06:00:00,06:15:00,,,05:17:00,,,
9619,,,,,,,04:55:00,,,04:57:00,05:44:00,05:47:00,05:49:00,05:52:00,06:02:00,,,05:05:00,,,
9620,,,,,,,,,,04:50:00,05:38:00,05:47:00,05:47:00,05:54:00,06:13:00,,,,,,
9622,,,,,,,04:50:00,,,05:00:00,05:40:00,05:49:00,05:50:00,05:52:00,06:18:00,,,05:13:00,,,
9623,,,,,,,,,,05:06:00,05:36:00,05:43:00,05:46:00,05:53:00,06:05:00,,,,,,
9624,,,,,,,04:50:00,,,05:00:00,05:40:00,05:45:00,05:48:00,06:00:00,06:15:00,,,05:05:00,,,
9625,,,,,,,04:55:00,,,05:00:00,05:45:00,05:48:00,05:49:00,05:52:00,06:06:00,,,05:15:00,,,
9626,,,,,,,04:52:00,,,04:55:00,05:56:00,05:57:00,05:55:00,06:02:00,06:20:00,,,05:14:00,,,
9627,,,,,,,05:55:00,,,06:00:00,06:38:00,05:40:00,05:45:00,05:50:00,06:02:00,,,06:05:00,,,
9628,,,,,,,04:50:00,,,04:55:00,05:53:00,05:54:00,05:55:00,06:02:00,06:20:00,,,05:05:00,,,
9631,,,,,,,05:00:00,,,05:04:00,05:41:00,05:45:00,05:49:00,05:57:00,06:13:00,,,05:20:00,,,
9633,,,,,,,04:50:00,,,04:55:00,05:34:00,05:49:00,05:52:00,06:04:00,06:21:00,,,05:10:00,,,
9635,,,,,,,04:52:00,,,04:59:00,05:47:00,05:48:00,05:45:00,05:52:00,06:00:00,,,05:05:00,,,
9636,,,,,,,04:55:00,,,04:58:00,05:30:00,05:46:00,05:47:00,05:52:00,06:05:00,,,,,,
9638,,,,,,,04:50:00,,,04:57:00,05:38:00,05:45:00,05:47:00,05:51:00,06:08:00,,,05:25:00,,,
9640,,,,,,,04:48:00,,,05:00:00,05:50:00,05:53:00,05:53:00,05:56:00,06:16:00,,,05:15:00,,,
9691,,,,,,,04:55:00,,,04:57:00,05:41:00,05:46:00,05:49:00,05:52:00,06:08:00,,,05:05:00,,,
9692,,,,,,,04:45:00,,,05:00:00,05:35:00,05:47:00,05:48:00,05:54:00,06:08:00,,,,,,
9694,,,,,,,,,,04:55:00,05:40:00,05:47:00,06:38:00,06:40:00,06:54:00,,,,,,
9695,,,,,,,04:55:00,,,05:00:00,05:25:00,05:34:00,05:40:00,05:49:00,06:03:00,,,05:00:00,,,
9696,,,,,,,04:55:00,,,05:00:00,05:33:00,05:48:00,05:50:00,05:55:00,06:05:00,,,05:16:00,,,
9699,,,,,,,04:55:00,,,05:00:00,05:29:00,05:37:00,05:48:00,05:55:00,06:09:00,,,05:00:00,,,
9701,,,,,,,04:55:00,,,05:00:00,05:57:00,05:59:00,06:00:00,06:08:00,06:20:00,,,05:15:00,,,
9702,,,,,,,,,,04:55:00,05:30:00,05:46:00,05:47:00,05:53:00,06:08:00,,,,,,
9703,,,,,,,04:55:00,,,04:58:00,05:55:00,05:55:00,05:53:00,05:56:00,06:15:00,,,05:20:00,,,
9704,,,,,,,04:50:00,,,04:55:00,05:50:00,05:52:00,05:56:00,06:05:00,06:20:00,,,05:01:00,,,
9706,,,,,,,05:00:00,,,05:06:00,05:48:00,05:53:00,05:56:00,06:03:00,06:15:00,,,05:26:00,,,
9710,,,,,,,05:00:00,,,05:05:00,05:07:00,05:48:00,05:53:00,05:57:00,06:10:00,,,05:16:00,,,
9712,,,,,,,04:50:00,,,04:55:00,05:54:00,05:58:00,05:59:00,06:00:00,06:13:00,,,,,,
9713,,,,,,,04:55:00,,,05:00:00,05:46:00,05:49:00,05:48:00,05:56:00,06:17:00,,,,,,
9714,,,,,,,04:50:00,,,04:53:00,05:37:00,05:44:00,05:49:00,05:51:00,06:05:00,,,05:20:00,,,
9715,,,,,,,04:55:00,,,05:00:00,05:54:00,05:56:00,05:55:00,06:04:00,06:16:00,,,05:15:00,,,
9749,11:57:00,11:57:00,,,,,,,,,,,,,,11:57:00,,,,,
9754,,,,,,09:21:00,09:23:00,09:24:00,09:28:00,10:20:00,10:31:00,10:32:00,10:34:00,10:36:00,10:47:00,09:20:00,09:50:00,09:52:00,09:31:00,09:35:00,09:40:00
9762,00:00:00,03:20:00,01:10:00,02:20:00,03:20:00,02:00:00,02:12:00,02:15:00,02:30:00,02:31:00,02:47:00,02:53:00,03:00:00,03:20:00,03:40:00,01:49:00,02:20:00,,,,
9766,00:00:00,23:59:00,06:27:00,,,06:44:00,06:50:00,06:55:00,07:15:00,07:15:00,07:30:00,07:31:00,07:48:00,07:58:00,08:10:00,06:34:00,,,,,
9769,00:00:00,23:59:00,05:50:00,,,06:42:00,06:45:00,06:55:00,07:14:00,07:15:00,07:48:00,07:52:00,08:03:00,08:13:00,08:29:00,06:29:00,,,,,
9772,00:00:00,23:59:00,10:20:00,,,10:58:00,11:00:00,11:05:00,11:45:00,11:46:00,12:20:00,12:24:00,12:54:00,13:02:00,13:16:00,10:44:00,,,,,
9788,00:00:00,23:59:00,07:55:00,,,08:30:00,08:32:00,08:38:00,08:55:00,08:55:00,09:22:00,09:25:00,09:40:00,09:56:00,10:06:00,08:22:00,,,,,
9867,00:00:00,23:59:00,01:25:00,,,02:03:00,02:05:00,02:08:00,02:37:00,02:40:00,03:15:00,03:19:00,03:33:00,03:41:00,03:53:00,01:54:00,,,,,
9878,00:00:00,23:59:00,05:15:00,,,05:50:00,05:52:00,06:00:00,06:14:00,06:15:00,07:07:00,07:08:00,07:09:00,07:22:00,07:34:00,05:35:00,,,,,
9905,00:00:00,23:59:00,03:45:00,00:00:00,23:59:00,04:20:00,04:22:00,04:30:00,04:50:00,04:50:00,05:00:00,05:30:00,05:49:00,06:00:00,06:15:00,04:10:00,00:00:00,,,,
9909,00:00:00,23:59:00,,,,17:30:00,17:42:00,17:48:00,18:06:00,18:07:00,18:09:00,18:12:00,18:15:00,18:21:00,18:32:00,17:26:00,,,,,
9911,00:00:00,23:59:00,06:20:00,,,06:53:00,06:55:00,07:00:00,07:27:00,07:28:00,07:54:00,08:03:00,08:04:00,08:23:00,08:31:00,06:43:00,,,,,
9914,00:00:00,23:59:00,01:00:00,,,22:40:00,22:42:00,22:50:00,23:10:00,00:15:00,01:34:00,01:43:00,01:45:00,01:50:00,01:58:00,22:35:00,,,,,
9921,00:00:00,23:59:00,18:50:00,,,,18:45:00,,,19:00:00,20:10:00,20:15:00,20:30:00,20:35:00,20:45:00,,,,,,
9929,,,15:20:00,,,,13:55:00,,,14:00:00,15:25:00,14:55:00,15:20:00,15:38:00,15:50:00,,,,,,
12161,,,19:15:00,,,,20:10:00,,,21:17:00,21:45:00,21:48:00,21:50:00,21:55:00,22:15:00,,,,,,