no_correlativo,mostrador_chequeo1,mostrador_chequeo2,area_rayos_x1,area_rayos_x2,marshalling_aeronave1,puntas_ala_arribo1,puntas_ala_arribo2,operador_tractores1,operador_tractores2,operador_tractores3,hombre_guia_acople_fajas1,hombre_guia_acople_fajas2,operador_carga1,drenado_aeronave1,drenado_aeronave2,aplicacion_agua_potable1,acople_desacople_escalera1,hombre_guia_desacople_fajas1,hombre_guia_desacople_fajas2,operador_remolque_aeronave1,puntas_ala_salida1,puntas_ala_salida2,otros
60,,,,,,,,,,,,,,,,,,,,,,,
61,,,,,,,,,,,,,,,,,,,,,,,
62,,,,,,,,,,,,,,,,,,,,,,,
63,,,,,,,,,,,,,,,,,,,,,,,
65,,,,,,,,,,,,,,,,,,,,,,,
66,,,,,,,,,,,,,,,,,,,,,,,
67,,,,,,,,,,,,,,,,,,,,,,,
68,13,13,26,26,46,67,67,17,17,17,70,66,17,57,57,45,,28,28,46,52,52,
69,,,,,,,,,,,,,,,,,,,,,,,
71,,,,,,,,,,,,,,,,,,,,,,,
73,,,,,,,,,,,,,,,,,,,,,,,
74,,,,,,,,,,,,,,,,,,,,,,,
75,,,,,,,,,,,,,,,,,,,,,,,
76,,,,,31,,,56,56,56,35,35,,,,,,35,35,31,,,
77,,,,,,,,,,,,,,,,,,,,,,,
78,,,,,,,,,,,,,,,,,,,,,,,
81,,,,,,,,,,,,,,,,,,,,,,,
82,,,,,,,,,,,,,,,,,,,,,,,
83,,,,,,,,,,,,,,,,,,,,,,,
85,,,,,,,,,,,,,,,,,,,,,,,
86,,,,,,,,,,,,,,,,,,,,,,,
87,,,,,,,,,,,,,,,,,,,,,,,
406,,,,,,,,,,,,,,,,,,,,,,,
407,,,,,,,,,,,,,,,,,,,,,,,
408,,,,,,,,,,,,,,,,,,,,,,,
409,,,,,,,,,,,,,,,,,,,,,,,
411,,,,,,,,,,,,,,,,,,,,,,,
412,,,,,,,,,,,,,,,,,,,,,,,
413,,,,,,,,,,,,,,,,,,,,,,,
415,,,,,,,,,,,,,,,,,,,,,,,
416,,,,,,,,,,,,,,,,,,,,,,,
417,,,,,,,,,,,,,,,,,,,,,,,
418,30,30,67,67,49,59,59,,,,,,55,52,52,,,,,,,,
419,,,,,,,,,,,,,,,,,,,,,,,
420,,,,,,,,,,,,,,,,,,,,,,,
421,,,,,,,,,,,,,,,,,,,,,,,
422,,,,,,,,,,,,,,,,,,,,,,,
423,,,,,,,,,,,,,,,,,,,,,,,
424,,,,,,,,,,,,,,,,,,,,,,,
427,,,,,,,,,,,,,,,,,,,,,,,
428,,,,,,,,,,,,,,,,,,,,,,,
429,,,,,,,,,,,,,,,,,,,,,,,
430,,,,,,,,,,,,,,,,,,,,,,,
431,,,,,,,,,,,,,,,,,,,,,,,
432,,,,,,,,,,,,,,,,,,,,,,,
623,,,,,,,,,,,,,,,,,,,,,,,
625,,,,,,,,,,,,,,,,,,,,,,,
626,28,28,15,15,49,12,39,56,56,56,58,58,,12,12,39,,20,20,49,12,39,
628,41,41,30,30,22,15,15,32,48,48,,,,12,12,12,12,51,51,9,,,
629,,,,,,,,,,,,,,,,,,,,,,,
631,,,,,,,,,,,,,,,,,,,,,,,
665,,,,,,,,,,,,,,,,,,,,,,,
666,,,,,,,,,,,,,,,,,,,,,,,
667,,,,,,,,,,,,,,,,,,,,,,,
668,,,,,,,,,,,,,,,,,,,,,,,
669,,,,,,,,,,,,,,,,,,,,,,,
670,,,,,,,,,,,,,,,,,,,,,,,
671,,,,,,,,,,,,,,,,,,,,,,,
672,,,,,,,,,,,,,,,,,,,,,,,
673,,,,,,,,,,,,,,,,,,,,,,,
674,,,,,,,,,,,,,,,,,,,,,,,
675,,,,,,,,,,,,,,,,,,,,,,,
676,,,,,,,,,,,,,,,,,,,,,,,
677,,,,,,,,,,,,,,,,,,,,,,,
711,,,,,,,,,,,,,,,,,,,,,,,
712,,,,,,,,,,,,,,,,,,,,,,,
714,,,,,,,,,,,,,,,,,,,,,,,
787,,,,,,,,,,,,,,,,,,,,,,,
788,,,,,,,,,,,,,,,,,,,,,,,
789,,,,,,,,,,,,,,,,,,,,,,,
790,,,,,,,,,,,,,,,,,,,,,,,
792,,,,,,,,,,,,,,,,,,,,,,,
793,,,,,,,,,,,,,,,,,,,,,,,
794,,,,,,,,,,,,,,,,,,,,,,,
796,,,,,,,,,,,,,,,,,,,,,,,
798,,,,,,,,,,,,,,,,,,,,,,,
799,6,6,28,28,60,,,,,,38,38,,45,45,,6,,,,,,
800,,,,,,,,,,,,,,,,,,,,,,,
801,,,,,,,,,,,,,,,,,,,,,,,
802,,,,,,,,,,,,,,,,,,,,,,,
803,,,,,,,,,,,,,,,,,,,,,,,
804,,,,,,,,,,,,,,,,,,,,,,,
805,,,,,,,,,,,,,,,,,,,,,,,
808,,,,,,,,,,,,,,,,,,,,,,,
809,,,,,,,,,,,,,,,,,,,,,,,
810,,,,,,,,,,,,,,,,,,,,,,,
811,,,,,,,,,,,,,,,,,,,,,,,
812,,,,,,,,,,,,,,,,,,,,,,,
813,,,,,,,,,,,,,,,,,,,,,,,
935,,,,,,,,,,,,,,,,,,,,,,,
936,,,,,,,,,,,,,,,,,,,,,,,
937,,,,,,,,,,,,,,,,,,,,,,,
938,,,,,,,,,,,,,,,,,,,,,,,
940,,,,,,,,,,,,,,,,,,,,,,,
941,,,,,,,,,,,,,,,,,,,,,,,
942,,,,,,,,,,,,,,,,,,,,,,,
945,,,,,,,,,,,,,,,,,,,,,,,
946,,,,,,,,,,,,,,,,,,,,,,,
947,,,,,,,,,,,,,,,,,,,,,,,
948,,,,,,,,,,,,,,,,,,,,,,,
1217,,,,,,,,,,,,,,,,,,,,,,,
1218,,,,,,,,,,,,,,,,,,,,,,,
1219,,,,,,,,,,,,,,,,,,,,,,,
1220,,,,,,,,,,,,,,,,,,,,,,,
1222,,,,,,,,,,,,,,,,,,,,,,,
1223,,,,,,,,,,,,,,,,,,,,,,,
1224,,,,,,,,,,,,,,,,,,,,,,,
1226,,,,,,,,,,,,,,,,,,,,,,,
1227,,,,,,,,,,,,,,,,,,,,,,,
1228,,,,,,,,,,,,,,,,,,,,,,,
1230,,,,,,,,,,,,,,,,,,,,,,,
1231,,,,,,,,,,,,,,,,,,,,,,,
1232,,,,,,,,,,,,,,,,,,,,,,,
1233,,,,,,,,,,,,,,,,,,,,,,,
1234,,,,,,,,,,,,,,,,,,,,,,,
1235,,,,,,,,,,,,,,,,,,,,,,,
1238,,,,,,,,,,,,,,,,,,,,,,,
1239,,,,,,,,,,,,,,,,,,,,,,,
1240,,,,,,,,,,,,,,,,,,,,,,,
1241,,,,,,,,,,,,,,,,,,,,,,,
1242,,,,,,,,,,,,,,,,,,,,,,,
1243,,,,,,,,,,,,,,,,,,,,,,,
1326,,,,,,,,,,,,,,,,,,,,,,,
1327,,,,,,,,,,,,,,,,,,,,,,,
1329,,,,,,,,,,,,,,,,,,,,,,,
1331,,,,,,,,,,,,,,,,,,,,,,,
1332,,,,,,,,,,,,,,,,,,,,,,,
1333,,,,,,,,,,,,,,,,,,,,,,,
1334,,,,,,,,,,,,,,,,,,,,,,,
1335,,,,,,,,,,,,,,,,,,,,,,,
1336,,,,,,,,,,,,,,,,,,,,,,,
1337,,,,,,,,,,,,,,,,,,,,,,,
1338,,,,,,,,,,,,,,,,,,,,,,,
1339,,,,,,,,,,,,,,,,,,,,,,,
1340,,,,,,,,,,,,,,,,,,,,,,,
1411,,,,,,,,,,,,,,,,,,,,,,,
1412,,,,,,,,,,,,,,,,,,,,,,,
1413,,,,,,,,,,,,,,,,,,,,,,,
1414,,,,,,,,,,,,,,,,,,,,,,,
1416,,,,,,,,,,,,,,,,,,,,,,,
1417,,,,,,,,,,,,,,,,,,,,,,,
1418,,,,,,,,,,,,,,,,,,,,,,,
1419,,,,,,,,,,,,,,,,,,,,,,,
1420,,,,,,,,,,,,,,,,,,,,,,,
1421,,,,,,,,,,,,,,,,,,,,,,,
1423,,,,,,,,,,,,,,,,,,,,,,,
1424,,,,,,,,,,,,,,,,,,,,,,,
1425,,,,,,,,,,,,,,,,,,,,,,,
1496,,,,,,,,,,,,,,,,,,,,,,,
1497,,,,,,,,,,,,,,,,,,,,,,,
1498,,,,,,,,,,,,,,,,,,,,,,,
1501,,,,,,,,,,,,,,,,,,,,,,,
1502,,,,,,,,,,,,,,,,,,,,,,,
1503,,,,,,,,,,,,,,,,,,,,,,,
1504,,,,,,,,,,,,,,,,,,,,,,,
1505,,,,,,,,,,,,,,,,,,,,,,,
1506,,,,,,,,,,,,,,,,,,,,,,,
1508,,,,,,,,,,,,,,,,,,,,,,,
1509,,,,,,,,,,,,,,,,,,,,,,,
1510,,,,,,,,,,,,,,,,,,,,,,,
1566,,,,,,,,,,,,,,,,,,,,,,,
1567,,,,,,,,,,,,,,,,,,,,,,,
1568,,,,,,,,,,,,,,,,,,,,,,,
1569,,,,,12,67,67,32,32,32,,,,39,39,,,,,,,,
1570,,,,,,,,,,,,,,,,,,,,,,,
1571,,,,,,,,,,,,,,,,,,,,,,,
1572,,,,,,,,,,,,,,,,,,,,,,,
1574,,,,,,,,,,,,,,,,,,,,,,,
1575,,,,,,,,,,,,,,,,,,,,,,,
1576,,,,,,,,,,,,,,,,,,,,,,,
1638,,,,,,,,,,,,,,,,,,,,,,,
1639,,,,,,,,,,,,,,,,,,,,,,,
1640,,,,,,,,,,,,,,,,,,,,,,,
1641,,,,,51,59,15,32,32,32,59,15,48,12,12,,,26,50,,,,
1642,,,,,,,,,,,,,,,,,,,,,,,
1643,,,,,,,,,,,,,,,,,,,,,,,
1644,,,,,,,,,,,,,,,,,,,,,,,
1645,,,,,,,,,,,,,,,,,,,,,,,
1646,,,,,,,,,,,,,,,,,,,,,,,
1649,,,,,,,,,,,,,,,,,,,,,,,
1650,,,,,,,,,,,,,,,,,,,,,,,
1651,,,,,,,,,,,,,,,,,,,,,,,
1652,,,,,,,,,,,,,,,,,,,,,,,
1747,,,,,,,,,,,,,,,,,,,,,,,
1748,,,,,,,,,,,,,,,,,,,,,,,
1749,,,,,,,,,,,,,,,,,,,,,,,
1750,,,,,,,,,,,,,,,,,,,,,,,
1752,,,,,,,,,,,,,,,,,,,,,,,
1753,,,,,,,,,,,,,,,,,,,,,,,
1754,,,,,,,,,,,,,,,,,,,,,,,
1755,,,,,,,,56,56,56,13,13,,,,,,,,31,,,
1756,,,,,,,,,,,,,,,,,,,,,,,
1757,,,,,,,,,,,,,,,,,,,,,,,
1760,,,,,,,,,,,,,,,,,,,,,,,
1761,,,,,,,,,,,,,,,,,,,,,,,
1762,,,,,,,,,,,,,,,,,,,,,,,
1856,,,,,,,,,,,,,,,,,,,,,,,
1857,,,,,,,,,,,,,,,,,,,,,,,
1858,,,,,,,,,,,,,,,,,,,,,,,
1859,,,,,,,,,,,,,,,,,,,,,,,
1861,,,,,,,,,,,,,,,,,,,,,,,
1862,,,,,,,,,,,,,,,,,,,,,,,
1863,,,,,,,,,,,,,,,,,,,,,,,
1866,,,,,,,,,,,,,,,,,,,,,,,
1867,,,,,,,,,,,,,,,,,,,,,,,
1868,16,16,2,2,2,16,16,4,17,17,2,2,49,39,39,7,,11,11,3,,,
1869,,,,,,,,,,,,,,,,,,,,,,,
1870,,,,,,,,,,,,,,,,,,,,,,,
1871,,,,,,,,,,,,,,,,,,,,,,,
1872,,,,,,,,,,,,,,,,,,,,,,,
1873,,,,,,,,,,,,,,,,,,,,,,,
1874,,,,,,,,,,,,,,,,,,,,,,,
1877,,,,,,,,,,,,,,,,,,,,,,,
1878,,,,,,,,,,,,,,,,,,,,,,,
1879,,,,,,,,,,,,,,,,,,,,,,,
1880,,,,,,,,,,,,,,,,,,,,,,,
1881,,,,,,,,,,,,,,,,,,,,,,,
1882,,,,,,,,,,,,,,,,,,,,,,,
1883,,,,,,,,,,,,,,,,,,,,,,,
2001,,,,,,,,,,,,,,,,,,,,,,,
2002,,,,,,,,,,,,,,,,,,,,,,,
2003,,,,,,,,,,,,,,,,,,,,,,,
2004,,,,,,,,,,,,,,,,,,,,,,,
2007,,,,,,,,,,,,,,,,,,,,,,,
2008,,,,,,,,,,,,,,,,,,,,,,,
2010,,,,,,,,,,,,,,,,,,,,,,,
2011,,,,,,,,,,,,,,,,,,,,,,,
2013,,,,,,,,40,43,43,50,50,,,,,,,,43,,,
2014,,,,,,,,,,,,,,,,,,,,,,,
2015,,,,,,,,,,,,,,,,,,,,,,,
2016,,,,,,,,,,,,,,,,,,,,,,,
2017,,,,,,,,,,,,,,,,,,,,35,,,
2018,,,,,,,,,,,,,,,,,,,,,,,
2019,,,,,,,,,,,,,,,,,,,,,,,
2022,,,,,,,,,,,,,,,,,,,,,,,
2023,,,,,,,,,,,,,,,,,,,,,,,
2024,,,,,,,,,,,,,,,,,,,,,,,
2025,,,,,,,,,,,,,,,,,,,,,,,
2026,,,,,,,,,,,,,,,,,,,,,,,
2027,,,,,,,,,,,,,,,,,,,,,,,
2028,,,,,,,,,,,,,,,,,,,,,,,
2146,,,,,,,,,,,,,,,,,,,,,,,
2147,,,,,,,,,,,,,,,,,,,,,,,
2148,,,,,,,,,,,,,,,,,,,,,,,
2149,,,,,,,,,,,,,,,,,,,,,,,
2151,,,,,,,,,,,,,,,,,,,,,,,
2152,,,,,,,,,,,,,,,,,,,,,,,
2153,,,,,,,,,,,,,,,,,,,,,,,
2154,,,,,4,,,32,32,32,,,,,,15,,30,30,,,,
2155,,,,,,,,,,,,,,,,,,,,,,,
2156,,,,,,,,,,,,,,,,,,,,,,,
2157,,,,,,,,,,,,,,,,,,,,,,,
2158,,,,,4,,,32,32,32,71,71,32,62,62,,58,,,,,,
2159,,,,,,,,,,,,,,,,,,,,,,,
2160,,,,,,,,,,,,,,,,,,,,,,,
2161,,,,,,,,,,,,,,,,,,,,,,,
2162,,,,,,,,,,,,,,,,,,,,,,,
2163,,,,,,,,,,,,,,,,,,,,,,,
2164,,,,,,,,,,,,,,,,,,,,,,,
3038,,,,,,,,,,,,,,,,,,,,,,,
3039,28,28,,,31,61,52,56,47,47,10,61,56,52,52,,,62,42,34,,,
3040,,,,,,,,,,,,,,,,,,,,,,,
3042,,,,,,,,,,,,,,,,,,,,,,,
3044,,,,,,,,,,,,,,,,,,,,,,,
3046,,,,,,,,,,,,,,,,,,,,,,,
3095,,,,,,,,,,,,,,,,,,,,,,,
3096,,,,,,,,,,,,,,,,,,,,,,,
3097,,,,,,,,,,,,,,,,,,,,,,,
3098,,,,,,,,,,,,,,,,,,,,,,,
3099,,,,,,,,,,,,,,,,,,,,,,,
3100,,,,,,,,,,,,,,,,,,,,,,,
3101,,,,,,,,,,,,,,,,,,,,,,,
3102,,,,,,,,,,,,,,,,,,,,,,,
3103,,,,,,,,,,,,,,,,,,,,,,,
3104,,,,,,,,,,,,,,,,,,,,,,,
3105,,,,,,,,,,,,,,,,,,,,,,,
3106,,,,,,,,,,,,,,,,,,,,,,,
3107,,,,,,,,,,,,,,,,,,,,,,,
3108,,,,,,,,,,,,,,,,,,,,,,,
3109,,,,,,,,,,,,,,,,,,,,,,,
3110,,,,,,,,,,,,,,,,,,,,,,,
3111,,,,,,,,,,,,,,,,,,,,,,,
3148,,,,,,,,,,,,,,,,,,,,,,,
3150,,,,,,,,,,,,,,,,,,,,,,,
3199,,,,,,,,,,,,,,,,,,,,,,,
3200,,,,,,,,,,,,,,,,,,,,,,,
3201,,,,,,,,,,,,,,,,,,,,,,,
3202,,,,,,,,,,,,,,,,,,,,,,,
3203,,,,,,,,,,,,,,,,,,,,,,,
3204,,,,,,,,,,,,,,,,,,,,,,,
3205,,,,,,,,,,,,,,,,,,,,,,,
3206,,,,,,,,,,,,,,,,,,,,,,,
3207,,,,,,,,,,,,,,,,,,,,,,,
3208,,,,,,,,,,,,,,,,,,,,,,,
3209,,,,,,,,,,,,,,,,,,,,,,,
3211,,,,,,,,,,,,,,,,,,,,,,,
3212,,,,,,,,,,,,,,,,,,,,,,,
3213,,,,,,,,,,,,,,,,,,,,,,,
3214,,,,,,,,,,,,,,,,,,,,,,,
3215,,,,,,,,,,,,,,,,,,,,,,,
3216,,,,,,,,,,,,,,,,,,,,,,,
3257,,,,,,,,,,,,,,,,,,,,,,,
3258,,,,,,,,,,,,,,,,,,,,,,,
3260,,,,,,,,,,,,,,,,,,,,,,,
3262,,,,,,,,,,,,,,,,,,,,,,,
3263,,,,,49,12,39,32,32,32,41,41,55,12,12,,,59,59,,,,
3264,,,,,,,,,,,,,,,,,,,,,,,
3266,,,,,,,,,,,,,,,,,,,,,,,
3296,,,,,,,,,,,,,,,,,,,,,,,
3297,67,67,41,41,22,39,12,,,,71,30,,12,12,,,19,46,9,58,58,
3326,,,,,,,,,,,,,,,,,,,,,,,
3328,,,,,,,,,,,,,,,,,,,,,,,
3330,,,,,,,,,,,,,,,,,,,,,,,
3331,,,,,4,,,32,55,55,19,19,32,12,12,,,71,71,,,,
3332,,,,,,,,,,,,,,,,,,,,,,,
3334,,,,,,,,,,,,,,,,,,,,,,,
3383,,,,,,,,,,,,,,,,,,,,,,,
3384,,,,,,,,,,,,,,,,,,,,,,,
3385,,,,,,,,,,,,,,,,,,,,,,,
3386,,,,,,,,,,,,,,,,,,,,,,,
3387,,,,,,,,,,,,,,,,,,,,,,,
3388,,,,,,,,,,,,,,,,,,,,,,,
3389,,,,,,,,,,,,,,,,,,,,,,,
3390,,,,,,,,,,,,,,,,,,,,,,,
3391,,,,,,,,,,,,,,,,,,,,,,,
3392,,,,,,,,,,,,,,,,,,,,,,,
3393,,,,,,,,,,,,,,,,,,,,,,,
3394,,,,,,,,,,,,,,,,,,,,,,,
3395,,,,,,,,,,,,,,,,,,,,,,,
3396,,,,,,,,,,,,,,,,,,,,,,,
3397,,,,,,,,,,,,,,,,,,,,,,,
3398,,,,,,,,,,,,,,,,,,,,,,,
3399,,,,,,,,,,,,,,,,,,,,,,,
3400,,,,,,,,,,,,,,,,,,,,,,,
3442,,,,,,,,,,,,,,,,,,,,,,,
3444,,,,,,,,,,,,,,,,,,,,,,,
3446,,,,,,,,,,,,,,,,,,,,,,,
3448,,,,,,,,,,,,,,,,,,,,,,,
3450,,,,,,,,,,,,,,,,,,,,,,,
3498,,,,,,,,,,,,,,,,,,,,,,,
3554,,,,,,,,,,,,,,,,,,,,,,,
3556,,,,,,,,,,,,,,,,,,,,,,,
3558,,,,,,,,,,,,,,,,,,,,,,,
3560,,,,,2,,,4,4,4,2,2,,15,15,,,8,8,22,,,
3562,,,,,,,,,,,,,,,,,,,,,,,
3611,,,,,,,,,,,,,,,,,,,,,,,
3612,,,,,,,,,,,,,,,,,,,,,,,
3613,,,,,,,,,,,,,,,,,,,,,,,
3614,,,,,,,,,,,,,,,,,,,,,,,
3615,,,,,,,,,,,,,,,,,,,,,,,
3616,,,,,,,,,,,,,,,,,,,,,,,
3617,,,,,,,,,,,,,,,,,,,,,,,
3618,,,,,,,,,,,,,,,,,,,,,,,
3619,,,,,,,,,,,,,,,,,,,,,,,
3620,,,,,,,,,,,,,,,,,,,,,,,
3621,,,,,,,,,,,,,,,,,,,,,,,
3622,,,,,,,,,,,,,,,,,,,,,,,
3623,,,,,,,,,,,,,,,,,,,,,,,
3624,,,,,,,,,,,,,,,,,,,,,,,
3625,,,,,,,,,,,,,,,,,,,,,,,
3626,,,,,,,,,,,,,,,,,,,,,,,
3627,,,,,,,,,,,,,,,,,,,,,,,
3628,,,,,,,,,,,,,,,,,,,,,,,
3667,,,,,,,,,,,,,,,,,,,,,,,
3668,,,,,,,,,,,,,,,,,,,,,,,
3669,,,,,,,,,,,,,,,,,,,,,,,
3670,,,,,,,,,,,,,,,,,,,,,,,
3671,,,,,,,,,,,,,,,,,,,,,,,
3672,,,,,,,,,,,,,,,,,,,,,,,
3673,,,,,,,,,,,,,,,,,,,,,,,
3674,,,,,,,,,,,,,,,,,,,,,,,
3705,,,,,,,,,,,,,,,,,,,,,,,
3706,,,,,,,,,,,,,,,,,,,,,,,
3707,,,,,,,,,,,,,,,,,,,,,,,
3708,,,,,,,,,,,,,,,,,,,,,,,
3709,,,,,,,,,,,,,,,,,,,,,,,
3710,,,,,,,,,,,,,,,,,,,,,,,
3711,,,,,,,,,,,,,,,,,,,,,,,
3712,,,,,,,,,,,,,,,,,,,,,,,
3713,,,,,,,,,,,,,,,,,,,,,,,
3714,,,,,,,,,,,,,,,,,,,,,,,
3728,,,,,,,,,,,,,,,,,,,,,,,
4327,,,,,4,52,39,32,32,32,66,66,48,52,52,,,19,19,,,,
5949,,,,,,,,,,,,,,,,,,,,,,,
5953,11,11,14,14,,,,40,40,40,,,,,,,,,,49,42,57,
5958,,,,,,,,,,,,,,,,,,,,,,,
5959,69,69,15,15,,,,17,56,56,,,,,,,,,,44,,,
5963,63,63,6,6,,,,17,56,56,,,,,,,,,,44,,,
5964,69,69,61,61,,,,47,47,47,,,,,,,,,,31,2,2,
5965,69,69,,,,,,40,40,40,,,,,,,,,,31,45,45,
5966,,,11,11,,,,17,47,47,,,,,,,,,,,45,45,
5968,16,16,6,6,,,,47,47,47,,,,,,,,,,46,11,57,
5969,,,,,,,,56,56,56,,,,,,,,,,31,11,11,
5970,63,63,11,11,,,,40,40,40,,,,,,,,,,46,65,70,
5971,69,69,11,11,,,,47,47,47,,,,,,,,,,31,45,70,
5972,,,11,11,,,,17,17,17,,,,,,,,,,35,,,
5973,69,69,,,,,,56,56,56,,,,,,,,,,31,57,57,
6055,,,,,,,,,,,,,,,,,,,,,,,
6059,,,,,,11,65,40,40,40,,,,65,65,,,,,,,,
6061,,,,,,67,67,47,56,17,,,,57,57,57,,,,,,,
6064,,,,,,42,42,17,17,17,,,,,,,,,,,,,
6067,,,,,35,11,62,17,17,17,,,,11,11,,,,,,,,
6069,,,,,35,,,17,17,17,,,,57,57,,,,,,,,
6071,,,,,,11,61,17,17,17,,,,11,11,61,,,,,,,
6146,58,58,71,71,,,,32,32,32,,,,,,,,,,,20,33,
6153,71,71,67,67,,,,55,48,48,,,,,,,,,,22,33,67,
6156,58,58,20,20,,,,32,48,48,,,,,,,,,,44,,,
6159,71,71,58,58,,,,48,48,48,,,,,,,,,,22,20,54,
6233,,,,,,,,,,,,,,,,,,,,,,,
6235,,,,,,52,12,32,51,51,,,,39,12,39,,,,,,,
6237,,,,,,,,,,,,,,12,12,,,,,44,,,
6242,,,,,,5,39,32,55,55,,,,39,39,39,,,,,,,
6250,,,,,12,12,23,51,48,48,,,,12,12,12,,,,,,,
6308,,,,,,,,,,,,,,,,,,,,,,,
6317,,,,,49,39,26,32,32,32,,,,52,52,54,,,,,,,
6319,,,,,,12,19,48,48,48,,,,5,5,5,,,,,,,
6395,63,63,26,26,46,15,61,56,56,56,15,61,17,57,57,45,,21,65,31,57,45,
6397,63,63,13,13,35,6,61,17,47,47,66,65,17,57,57,45,,65,66,9,,,
6398,63,63,6,6,49,45,57,17,17,17,6,6,56,45,45,57,,11,11,49,11,42,
6399,,,,,,,,,,,,,,,,,,,,,,,
6403,63,63,15,15,49,45,57,17,17,17,61,61,56,45,45,57,,28,28,43,45,57,
6405,26,26,,,44,62,2,47,40,56,6,6,47,45,45,45,,16,16,34,16,62,
6410,26,26,6,6,46,45,21,40,40,40,,,,2,2,45,,2,70,46,70,45,
6413,15,15,6,6,56,20,26,47,56,56,62,62,17,57,57,67,,16,16,43,67,67,
6414,63,63,15,15,46,57,23,40,40,40,14,61,17,57,57,11,,,,60,42,72,
6415,,,,,46,45,45,47,47,47,26,14,40,45,45,14,,42,42,46,42,42,
6416,26,26,6,6,31,,,17,40,40,70,70,17,57,57,45,,,,9,57,45,
6418,63,63,15,15,31,61,42,47,17,17,2,61,,57,57,12,,25,2,31,57,57,
6419,42,42,6,6,31,67,57,56,56,56,67,57,,57,57,,,2,11,31,11,57,
6420,63,63,13,13,35,6,14,17,40,40,6,6,17,57,57,45,,25,21,35,21,25,
6422,63,63,13,13,31,57,11,17,17,17,65,42,17,57,57,45,,42,42,31,,,
6423,16,16,13,13,35,,,17,56,56,42,11,17,57,57,57,,,,31,,,
6518,,,,,,,,,,,,,,,,,,,,,,,
6520,,,,,44,19,19,48,51,51,59,23,,52,52,39,,59,23,,,,
6522,,,,,3,,,55,55,55,71,71,32,39,39,39,,58,58,,,,
6526,,,,,44,20,19,48,51,51,71,20,,39,39,12,,71,20,,,,
6527,,,,,3,67,72,48,55,55,72,27,48,72,72,67,,72,72,,,,
6533,,,,,4,20,19,48,48,48,71,71,48,20,20,20,,20,20,,,,
6603,,,,,,,,,,,,,,,,,,,,,,,
6605,16,16,14,14,,,,56,56,56,61,11,,,,,,11,61,35,11,61,
6607,61,61,26,26,,,,56,56,56,14,14,,,,,,11,11,49,57,11,
6611,13,13,15,15,,,,47,47,47,62,6,56,,,,,6,62,46,62,6,
6613,63,63,16,16,,,,47,56,56,62,62,17,,,,,11,11,43,62,11,
6614,16,16,14,14,,,,47,47,47,11,62,47,,,,,60,38,46,62,11,
6616,63,63,26,26,,,,47,47,47,62,65,,,,,,65,62,46,57,45,
6617,63,63,26,26,,,,17,17,17,,,,,,,,11,11,9,11,11,
6618,61,61,16,16,,,,17,47,47,63,63,47,,,,,63,11,9,,,
6619,63,63,14,14,,,,,,,61,61,,,,,,25,61,31,61,6,
6714,,,,,,,,,,,,,,,,,,,,,,,
6718,,,,,3,,,32,55,55,71,71,,39,39,52,,,,,,,
6723,,,,,44,58,58,32,55,55,58,71,,52,52,39,,,,,,,
6728,,,,,22,12,23,55,48,48,58,54,,12,12,,,27,54,,,,
6738,,,,,4,20,19,48,48,48,71,71,48,71,71,20,,20,20,,,,
6741,,,,,44,10,59,,,,41,59,,12,12,12,,10,71,,,,
6865,26,26,,,,,,47,47,47,,,56,,,,,57,25,46,14,14,
6867,26,26,13,13,,,,17,47,47,,,47,,,,,11,11,35,,,
6869,,,,,,,,,,,,,,,,,,,,,,,
6879,,,,,,,,47,56,17,,,,,,,,,,43,62,62,
6883,63,63,6,6,,,,17,56,56,70,70,17,,,,,,,43,69,69,
6885,61,61,13,13,,,,47,47,47,42,42,56,,,,,,,46,,,
6887,26,26,13,13,,,,47,47,47,65,63,47,,,,,45,45,9,70,45,
6888,61,61,6,6,,,,17,17,17,11,14,47,,,,,62,21,9,62,62,
6889,26,26,15,15,,,,56,56,56,,,,,,,,57,57,31,,,
6890,16,16,26,26,,,,17,17,17,,,,,,,,,,31,,,
6893,63,63,13,13,,,,17,56,56,42,11,56,,,,,,,35,,,
7014,,,,,,,,,,,,,,,,,,,,,,,
7018,,,,,44,,,,,,,,,39,39,52,,,,,,,
7039,,,,,44,12,52,51,48,48,23,58,51,12,12,52,,37,58,,,,
7165,26,26,,,,,,47,47,47,,,56,,,,,28,21,46,57,57,
7167,26,26,13,13,,,,17,47,47,,,47,,,,,11,65,40,45,57,
7168,61,61,13,13,,,,17,17,17,11,11,56,,,,,57,57,60,57,45,
7169,,,,,,,,,,,,,,,,,,,,,,,
7179,63,63,15,15,,,,56,56,56,62,62,47,,,,,,,43,62,57,
7181,13,13,15,15,,,,47,47,47,,,56,,,,,65,65,60,45,72,
7183,63,63,16,16,,,,47,56,56,62,62,17,,,,,11,11,60,62,62,
7184,16,16,14,14,,,,47,47,47,62,62,47,,,,,57,57,60,62,42,
7185,61,61,13,13,,,,47,47,47,65,65,56,,,,,,,46,,,
7187,,,13,13,,,,47,47,47,65,65,47,,,,,42,42,60,45,45,
7188,61,61,6,6,,,,17,47,47,25,28,17,,,,,72,11,38,57,11,
7189,6,6,15,15,,,,17,56,56,62,62,56,,,,,,,43,57,62,
7190,16,16,26,26,,,,17,47,47,,,,,,,,,,31,,,
7193,63,63,13,13,,,,17,56,56,,,56,,,,,42,2,35,42,57,
7259,,,,,,,,,,,,,,,,,,,,,,,
7271,,,,,,,,,,,,,,,,,,,,,,,
7346,62,62,28,28,35,57,70,17,17,17,70,70,17,57,57,45,,70,15,35,70,15,
7347,,,2,2,35,,,17,40,40,,,17,45,45,57,,65,21,35,65,21,
7349,42,42,,,60,57,57,56,56,56,57,57,,45,45,57,,57,57,60,57,57,
7350,21,21,62,62,35,45,25,56,56,56,25,25,40,45,45,45,,25,25,44,25,11,
7356,2,2,,,43,45,45,47,47,47,70,70,,45,45,45,,,,43,,,
7359,42,42,25,25,53,,,56,17,17,,,47,16,16,2,,,,43,,,
7361,,,,,46,45,72,40,40,40,,,47,45,45,45,,13,14,46,62,62,
7363,25,25,2,2,44,70,70,17,47,47,,,,57,57,57,,,,44,70,70,
7364,25,25,,,35,,,17,47,47,67,14,,57,57,57,,16,41,35,,,
7366,65,65,,,44,70,70,40,40,40,67,67,17,45,45,57,,33,33,44,,,
7367,,,70,70,31,,,17,56,40,6,6,17,45,45,,,15,15,31,,,
7369,69,69,2,2,43,57,61,17,56,56,61,61,17,57,57,57,,15,15,9,62,61,
7370,,,11,11,31,45,45,17,56,40,15,16,,45,45,57,,16,16,31,15,16,
7371,42,42,67,67,31,,,40,40,40,31,31,,57,57,,,31,31,31,70,70,
7373,67,67,25,25,31,,,56,17,17,15,15,,,,,,61,15,31,15,15,
7514,62,62,28,28,35,15,25,17,17,17,70,6,17,57,57,45,,70,6,9,15,65,
7515,,,2,2,35,,,17,40,40,65,65,17,57,57,,,,,35,,,
7517,42,42,,,60,,,56,56,56,28,28,56,57,57,45,,,,60,,,
7518,21,21,62,62,44,,,40,53,56,4,4,40,45,45,45,,4,4,44,,,
7524,,,2,2,43,,,40,40,40,,,47,45,45,39,,,,43,21,21,
7527,42,42,25,25,53,,,56,17,17,,,47,57,57,,,,,43,,,
7529,,,,,46,15,15,40,40,40,15,15,56,45,45,39,,23,23,46,23,23,
7531,2,2,11,11,44,70,70,17,56,56,,,17,57,57,57,,,,44,,,
7532,25,25,,,35,,,17,47,47,16,41,,67,67,67,,16,67,35,,,
7535,,,70,70,31,6,15,17,56,56,6,6,,57,57,45,,15,15,31,57,57,
7536,62,62,,,35,,,17,47,47,,,17,12,12,12,,12,12,35,,,
7537,69,69,2,2,43,61,61,17,56,56,61,61,17,57,57,57,,2,2,43,2,2,
7538,,,,,31,16,16,17,40,56,16,15,40,,,,,15,15,31,,,
7539,42,42,67,67,31,,,40,40,40,31,31,40,57,57,70,,31,31,31,70,70,
7540,,,,,43,,,17,47,47,11,11,17,57,57,57,,,,43,11,11,
7541,67,67,25,25,31,,,56,17,17,15,15,,57,57,,,15,15,31,15,15,
7683,23,23,20,20,44,52,39,32,48,48,41,12,48,39,39,39,,41,66,4,39,19,
7685,58,58,71,71,3,,,55,55,55,1,1,51,39,39,52,,27,27,4,52,39,
7689,59,59,33,33,44,,,32,55,55,,,51,39,39,52,,,,44,59,52,
7693,71,71,20,20,22,39,12,51,48,48,39,12,,39,39,39,,39,59,22,12,39,
7705,58,58,71,71,22,33,19,48,51,51,19,37,51,12,12,12,,19,37,9,52,10,
7812,,,,,,,,,,,,,,,,,,,,,,,
7825,,,,,,,,,,,,,,,,,,,,,,,
8054,,,,,22,52,68,55,48,48,72,68,,52,12,,,52,12,,,,
8070,,,,,4,12,58,48,55,55,23,23,,12,12,,,54,54,,,,
8381,,,,,49,,,32,32,32,4,4,32,52,52,,,10,10,,,,
8605,14,14,26,26,,,,,,,,,,,,,,28,28,,65,57,
9085,,,,,,,,,,,,,,,,,,,,,,,
9094,59,59,5,5,4,52,39,32,32,32,10,10,,52,52,52,,58,58,38,5,23,
9099,68,68,23,23,4,12,58,48,48,48,54,54,,12,12,12,,12,12,34,12,58,
9103,,,,,1,,,29,29,29,,,,,,,,,,98,,,
9109,10,10,5,5,22,20,52,48,48,48,58,54,,12,12,12,12,58,20,38,54,20,
9110,33,33,10,10,22,12,52,48,51,51,,,,12,12,12,23,,,34,52,12,
9113,33,33,5,5,4,52,39,32,32,32,27,27,,39,39,39,,20,20,1,66,52,
9176,,,,,2,,,,,,,,,,,,,,,3,,,
9178,,,,,1,,,1,1,1,,,,,,,,,,1,,,
9213,28,28,16,16,46,12,39,40,40,40,10,41,17,39,39,,,,,60,54,39,
9215,25,25,67,67,35,12,72,48,51,51,27,5,17,12,12,,,5,20,31,20,19,
9218,28,28,,,35,12,52,32,51,51,10,54,17,12,12,,,23,41,31,23,23,
9220,26,26,54,54,49,52,23,48,48,48,27,27,43,52,52,,,23,23,43,54,23,
9221,42,42,28,28,35,39,12,32,32,32,41,27,17,39,39,,,41,23,35,39,12,
9225,,,42,42,46,10,58,48,48,48,58,41,44,39,39,,,10,58,34,10,10,
9228,28,28,59,59,4,52,39,32,32,32,10,10,32,52,52,,27,27,27,60,10,23,
9229,65,65,,,43,52,39,32,32,32,54,54,56,39,39,,,41,41,34,54,39,
9231,28,28,,,46,39,12,40,40,40,51,59,17,12,12,,,27,66,60,12,12,
9234,25,25,,,35,39,52,32,48,48,54,72,56,52,52,,,66,10,38,,,
9288,,,11,11,46,2,23,47,47,47,20,23,17,57,57,,,70,70,60,57,26,
9289,28,28,6,6,60,11,57,47,47,47,,,,57,57,,,72,72,60,61,23,
9290,25,25,2,2,35,45,6,56,40,40,6,14,56,45,45,,,72,6,31,,,
9291,28,28,16,16,46,57,45,56,56,56,70,5,17,45,45,,,14,14,1,11,5,46
9292,28,28,65,65,46,61,5,56,56,56,70,4,17,45,45,,,61,70,38,67,65,
9294,25,25,,,35,,,17,56,56,71,14,,57,57,,,11,28,35,11,28,
9295,65,65,21,21,46,61,25,56,56,56,25,26,,57,57,,,14,61,34,57,45,
9296,28,28,11,11,60,12,45,17,47,47,13,13,,45,45,,,11,11,60,65,45,
9297,28,28,67,67,35,42,16,17,47,47,65,16,17,57,57,,,65,42,34,57,45,
9298,28,28,,,43,14,57,17,56,56,62,62,17,72,72,,,14,14,49,14,57,
9299,42,42,,,31,45,66,17,40,40,15,65,,57,57,,,61,65,34,14,65,
9301,67,67,,,31,45,57,17,40,40,42,58,,57,57,,,61,6,34,45,57,
9302,67,67,,,46,45,57,17,17,17,26,65,56,45,45,,,14,11,60,57,45,
9303,,,42,42,46,45,39,40,40,40,5,23,53,39,39,,,21,5,49,39,45,
9305,42,42,67,67,46,57,45,17,17,17,26,25,47,45,45,,,58,14,46,6,6,
9306,28,28,,,46,61,65,40,40,40,11,11,17,45,45,,,61,6,1,57,45,
9309,28,28,,,46,45,57,40,40,40,26,21,17,57,57,,,67,67,46,57,21,
9310,2,2,62,62,46,67,57,47,47,47,25,28,56,57,57,,,61,28,46,57,57,
9366,62,62,67,67,60,57,57,17,17,17,26,26,,57,57,,,20,20,60,15,57,
9367,28,28,6,6,60,11,57,47,47,47,,,,57,57,,,72,72,,61,23,
9369,28,28,,,46,11,11,56,56,56,14,15,17,57,57,,,,,1,11,11,
9370,28,28,65,65,35,57,15,17,40,40,61,23,17,57,57,,,61,67,60,57,23,
9373,65,65,21,21,46,61,61,56,56,56,70,26,17,45,45,,,25,26,34,57,61,
9374,13,13,11,11,60,65,45,17,17,17,65,26,,45,45,,,14,61,60,45,61,
9375,28,28,67,67,35,45,57,17,47,47,65,14,17,57,57,,,65,6,34,14,45,
9376,28,28,70,70,49,57,42,56,56,56,62,62,,57,57,,,21,21,9,42,57,
9377,42,42,,,,45,66,,,,15,65,,57,57,,,61,65,34,14,65,
9379,67,67,,,31,57,28,17,47,47,6,14,40,57,57,,,65,26,34,66,57,
9382,2,2,67,67,35,57,45,17,40,40,,,,57,57,,,65,61,49,21,61,
9383,42,42,67,67,46,45,57,17,17,17,72,72,47,45,45,,,,,60,26,14,
9384,28,28,,,60,,,56,56,56,14,61,,57,57,,,14,14,60,57,6,
9385,21,21,,,35,45,2,40,44,44,66,2,47,45,45,,,2,61,60,66,66,
9388,,,11,11,60,57,15,17,17,17,13,13,,57,57,,,20,20,46,16,15,
9390,25,25,42,42,35,14,61,47,56,56,,,,45,45,,,65,72,31,,,
9424,28,28,16,16,31,15,15,56,56,56,,,,45,57,,,61,61,1,15,57,
9426,25,25,28,28,46,12,12,47,47,47,11,72,17,12,12,,,2,71,34,11,2,
9428,,,42,42,35,15,25,56,40,40,70,5,,12,12,,,11,65,34,25,65,
9429,2,2,67,67,35,57,45,17,40,40,11,70,,57,57,,,21,70,9,21,70,
9439,28,28,,,60,57,45,56,17,17,61,61,,45,45,,,67,42,60,66,66,
9467,,,,,4,12,19,48,48,48,27,27,48,12,12,,,23,23,,,,
9475,,,,,4,52,39,32,32,32,59,59,,39,39,,,27,27,,,,
9482,,,,,44,12,39,51,48,48,39,59,,12,12,,,66,23,,,,
9484,,,,,4,39,52,32,32,32,27,27,32,52,52,,,23,23,,,,
9546,,,,,22,52,12,48,48,48,20,58,,12,12,,,58,19,,,,
9547,,,,,44,12,12,51,48,48,12,58,,12,12,,,12,58,,,,
9555,,,,,44,52,27,,,,52,5,,39,39,,,27,52,,,,
9565,,,,,44,20,66,32,48,48,66,20,,39,39,,,66,20,,,,
9617,63,63,61,61,,,,17,47,47,42,2,17,,,,,42,2,35,2,42,
9618,16,16,26,26,,,,,,,65,42,56,,,,,65,72,60,65,42,
9619,26,26,14,14,,57,57,17,17,17,42,42,17,,,,,,,46,57,57,
9622,14,14,13,13,,,,17,56,56,42,25,17,,,,,42,72,35,42,11,
9623,,,69,69,,,,17,17,17,28,28,,,,,,28,28,60,45,6,
9624,,,6,6,,,,40,17,17,67,57,17,,,,,28,42,34,57,42,
9625,14,14,13,13,,,,47,47,47,65,65,17,,,,,11,63,38,57,67,
9626,26,26,15,13,,,,17,56,56,25,25,56,,,,,25,25,9,57,57,
9627,65,65,11,11,,,,,,,23,23,,,,,,,,34,42,57,
9628,16,16,14,14,,,,56,40,40,26,2,47,,,,,2,26,9,2,25,
9630,6,6,63,63,,,,56,56,56,45,45,,,,,,45,45,60,28,28,
9633,15,15,26,26,,,,47,47,47,65,67,17,,,,,67,67,46,57,65,
9635,13,13,26,26,,,,47,40,56,,,47,,,,,21,21,46,,,
9636,,,6,6,,,,47,47,47,45,45,,,,,,45,45,60,65,2,
9638,61,61,14,14,,,,17,17,17,25,57,56,,,,,42,42,1,70,42,
9640,26,26,16,16,,,,47,56,56,65,25,47,,,,,2,65,35,65,2,
9691,15,15,13,13,,,,56,56,56,21,21,17,,,,,21,2,46,11,11,
9692,15,25,6,6,,,,47,47,47,25,25,,,,,,16,57,60,61,57,
9694,26,26,6,6,,,,17,17,17,28,70,,,,,,45,14,60,45,14,
9695,61,61,6,6,,,,17,47,47,65,70,17,,,,,65,70,1,70,28,
9696,63,63,16,16,,,,17,47,47,2,25,,,,,,61,14,60,11,62,
9699,6,6,61,61,,,,17,17,17,,,,,,,,11,11,60,11,12,
9702,63,63,14,14,,,,17,17,17,28,45,,,,,,28,61,60,6,6,
9703,16,16,14,14,,,,47,47,47,70,16,56,,,,,11,45,34,45,28,
9704,6,6,14,14,,,,17,17,17,,,,,,,,67,11,49,11,45,
9705,6,6,63,63,,,,17,17,17,11,42,,,,,,67,14,34,57,11,
9706,15,15,23,23,,,,40,56,56,,,56,,,,,21,72,9,,,
9709,63,63,14,13,,,,56,56,56,,,,,,,,57,67,60,57,57,
9710,,,13,13,,,,47,56,56,25,65,47,,,,,65,42,34,65,42,
9712,15,15,14,14,,,,47,47,47,72,67,17,,,,,28,28,1,57,57,
9714,14,14,,,,,,47,47,47,42,42,56,,,,,72,72,46,70,42,
9715,26,26,16,16,,,,56,47,47,42,42,,,,,,62,62,60,42,45,
9754,,,11,11,,23,23,47,56,56,,,,57,57,67,,,,43,,,
10465,69,69,,,,,,,,,,,,,,,,,,31,45,45,
10484,69,69,6,6,,,,47,47,47,,,,,,,,,,35,25,45,
10488,69,69,25,25,,,,,,,,,,,,,,,,31,45,62,
10490,69,69,,,,,,17,17,17,,,,,,,,,,31,62,62,
10492,69,69,,,,,,,,,,,,,,,,,,31,,,
10493,69,69,,,,,,17,17,17,,,,,,,,,,35,,,
10542,63,63,13,13,,,,56,56,56,,,,,,,,,,49,45,67,
10548,62,62,15,15,,,,17,47,47,,,,,,,,,,31,57,2,
10578,,,,,,,,17,17,17,,,,,,,,,,46,61,57,
10583,69,69,,,,,,47,47,47,,,,,,,,,,31,45,45,
10585,69,69,13,13,,,,17,56,56,,,,,,,,,,43,11,62,
10587,69,69,13,13,,,,40,40,40,,,,,,,,,,35,,,
10588,,,,,,,,47,47,47,,,,,,,,,,31,25,25,
10592,,,,,,,,17,17,17,,,,,,,,,,35,45,2,
10593,69,69,,,,,,47,47,47,,,,,,,,,,31,45,45,
10600,,,,,,,,17,17,17,,,,,,,,,,46,57,57,
10617,,,,,,,,47,47,47,,,,,,,,,,,,,
10621,,,,,35,,,47,47,47,,,,45,45,,,,,,,,
10626,,,,,,45,11,17,17,17,,,,45,45,,,,,,,,
10631,,,,,35,11,45,17,17,17,,,,57,57,,,,,,,,
10632,,,,,49,62,62,56,56,56,,,,,,,,,,,,,
10665,,,,,,67,67,17,17,17,,,,67,67,,,,,,,,
10671,,,,,,2,21,56,56,56,,,,,,,,,,,,,
10684,,,,,,,,40,40,40,,,,45,45,,,,,,,,
10687,,,,,,67,67,56,56,56,,,,67,67,,,,,60,67,69,
10695,,,,,49,69,21,17,17,17,,,,45,45,,,,,,,,
10736,,,33,33,,,,51,51,51,,,,,,,,,,3,42,42,
10737,58,58,20,20,,,,55,55,55,,,,,,,,,,3,10,54,
10738,59,59,59,59,,,,32,32,32,,,,,,,,,,3,59,59,
10739,71,71,33,33,,,,32,32,32,,,,,,,,,,3,5,52,
10741,71,71,70,70,,,,48,51,51,,,,,,,,,,44,23,59,
10744,58,58,58,58,,,,32,48,48,,,,,,,,,,22,20,39,
10762,59,59,71,71,,,,48,48,48,,,,,,,,,,43,42,42,
10764,71,71,58,58,,,,55,55,55,,,,,,,,,,3,,,
10766,70,70,71,71,,,,48,48,48,,,,,,,,,,43,59,19,
10769,58,58,70,70,,,,55,55,55,,,,,,,,,,3,59,59,
10770,23,23,71,71,,,,55,55,55,,,,,,,,,,32,5,5,
10774,58,58,70,70,,,,48,55,55,,,,,,,,,,3,42,42,
10780,59,59,33,33,,,,55,55,55,,,,,,,,,,4,20,39,
10805,,,,,,,,,,,,,,12,12,12,,,,,,,
10824,,,,,,19,52,55,48,48,,,,52,52,54,,,,,,,
10825,,,,,,12,39,55,55,55,,,,12,12,39,,,,,,,
10826,,,,,,66,66,32,32,32,,,,66,66,39,,,,,,,
10831,,,,,,23,59,32,32,32,,,,23,23,59,,,,,,,
10832,,,,,,10,12,55,55,55,,,,12,12,10,,,,,,,
10834,,,,,,59,59,32,32,32,,,,59,59,68,,,,,,,
10835,,,,,,5,12,32,32,32,,,,5,5,5,,,,,,,
10838,,,,,,12,5,55,55,55,,,,12,12,12,,,,,,,
10842,,,,,22,12,23,32,48,48,,,,12,12,12,,,,,,,
10845,,,,,,,,55,55,55,59,5,,59,59,59,,,,,,,
10846,,,,,,,,48,48,48,,,,39,39,52,,,,,,,
10855,,,,,22,59,39,32,32,32,,,,59,59,59,,,,,,,
10856,,,,,,,,55,55,55,,,,12,12,12,,,,,,,
10862,,,,,,59,20,55,55,55,,,,59,59,59,,,,,,,
10871,,,,,,70,70,48,48,48,,,,5,5,5,,,,,,,
10887,,,,,4,21,5,17,17,17,,,,13,13,,,,,,,,
10898,,,,,,5,59,48,48,48,,,,5,5,5,,,,,,,
10911,,,,,,59,39,32,32,32,,,,39,39,39,,,,,,,
10931,,,,,,70,52,,,,,,,52,52,52,,,,,,,
10933,,,,,,59,5,48,48,48,,,,,,,,,,,,,
10969,37,37,66,66,44,12,39,32,48,48,70,51,,39,39,39,12,20,19,34,20,19,
10973,19,19,23,23,22,12,39,51,48,48,22,22,,12,12,12,12,20,20,22,70,20,
10974,33,33,42,42,43,39,12,51,51,51,58,58,,12,12,52,12,42,42,34,42,58,
10976,59,59,58,58,44,,,32,55,55,,,,12,12,,,,,51,5,42,
10977,59,59,20,20,22,39,52,48,55,55,39,52,,52,52,52,39,23,37,22,23,39,
10978,59,59,23,23,22,12,39,51,48,48,39,66,,52,52,52,12,33,12,32,33,66,
10979,10,10,19,19,22,20,66,55,55,55,20,39,,39,39,52,39,23,66,22,20,20,
10989,37,37,42,42,22,52,39,48,55,55,70,58,,52,52,52,52,58,37,32,58,23,
10990,70,70,19,19,22,52,33,55,55,55,70,58,,52,52,52,52,19,58,43,52,58,
10992,19,19,10,10,4,52,54,48,48,48,27,27,,12,12,12,12,5,5,,58,52,
10995,37,37,19,19,22,52,54,51,55,55,27,23,,12,52,12,12,20,23,,12,52,
11001,37,37,19,19,3,23,66,32,55,55,71,5,,39,39,39,,20,42,34,42,20,
11006,59,59,33,33,4,39,52,55,55,55,23,23,,12,12,12,12,27,27,34,20,39,
11011,42,42,23,23,3,39,12,51,51,51,,,,12,12,39,,71,71,34,12,39,
11047,59,59,33,33,4,52,39,55,55,55,54,54,,52,52,52,52,27,27,4,20,39,
11049,,,,,22,39,52,48,55,55,5,39,,39,52,39,,,,,,,
11055,37,37,42,42,22,52,12,48,55,55,12,52,,12,52,12,52,33,5,49,5,42,
11059,59,59,19,19,22,12,39,32,48,48,23,22,,12,39,12,,61,23,22,12,39,
11061,66,66,42,42,22,20,27,32,32,32,20,19,,12,39,12,12,20,27,34,27,20,
11070,59,59,66,66,43,52,12,32,51,51,58,58,,12,12,52,,33,33,1,52,12,
11074,42,42,66,66,3,52,39,32,32,32,,,,52,52,,52,,,3,52,52,
11084,59,59,33,33,22,27,39,32,48,48,27,61,,12,39,12,12,23,23,22,20,23,
11085,,,59,59,3,33,52,55,55,55,38,38,,39,39,12,,23,58,60,58,23,
11087,,,25,25,35,,,17,56,56,63,13,17,57,57,57,,,,35,,,
11147,58,58,13,13,49,61,57,17,17,17,57,57,17,57,57,45,,61,61,49,57,61,
11150,65,65,,,31,45,45,47,40,17,15,15,,57,57,,,14,14,35,14,14,
11165,28,28,,,35,,,17,56,56,15,62,,45,45,45,,21,62,35,62,16,
11171,,,,,,,,,,,,,,,,,,,,,,,
11179,25,25,,,43,,,47,56,56,,,47,45,45,65,,62,62,43,,,
11181,65,65,,,31,15,16,56,40,40,16,15,,45,45,,,15,16,31,,,
11184,21,21,25,25,49,57,15,17,17,17,65,65,,45,45,57,,16,16,49,57,14,
11185,,,65,65,31,,,17,47,47,6,14,,57,57,,,,,31,,,
11186,2,2,21,21,35,,,17,40,40,,,17,57,57,45,,25,67,31,,,
11190,,,2,2,31,,,56,47,47,,,,45,45,,,16,16,31,,,
11191,2,2,,,43,,,56,40,40,65,65,40,45,45,16,,,,43,16,16,
11192,13,13,15,15,49,57,20,56,56,56,62,62,56,57,57,14,,72,72,49,57,72,
11195,65,65,70,70,49,57,45,17,17,17,57,57,,45,45,45,,45,45,49,45,57,
11196,,,25,25,31,15,15,47,47,47,16,15,,45,45,15,,21,21,31,15,15,
11197,25,25,11,11,46,15,15,17,17,17,72,63,17,57,57,2,,6,6,46,15,15,
11198,62,62,25,25,31,16,16,,,,,,,45,45,,,16,16,31,16,16,
11199,28,28,25,25,35,,,17,56,56,,,17,57,57,57,,,,35,,,
11200,,,67,67,35,,,17,47,47,15,63,,57,57,57,,15,13,35,57,16,
11211,,,,,35,,,56,40,40,,,56,45,45,45,,13,61,35,,,
11213,62,62,25,25,35,,,17,47,47,,,17,57,57,,,,,35,,,
11217,2,2,11,11,49,45,66,17,17,17,65,65,,57,57,57,,45,45,49,45,57,
11237,,,28,28,35,,,17,47,47,,,17,57,57,45,,,,9,,,
11326,,,67,67,35,45,15,17,47,47,13,15,,57,57,45,,,,35,,,
11327,69,69,67,67,35,57,15,17,56,56,62,16,,57,57,,,66,14,35,,,
11331,28,28,,,35,,,17,56,56,66,65,,45,45,57,,13,65,35,,,
11332,2,2,,,43,,,56,40,40,65,65,40,45,45,16,,,,9,16,16,
11335,65,65,,,35,,,17,40,40,14,15,,57,57,45,,,,35,,,
11336,2,2,21,21,35,,,17,40,40,16,25,,45,45,57,,25,31,35,,,
11341,62,62,25,25,35,,,17,17,17,,,,28,28,28,,,,35,,,
11346,,,25,25,35,,,17,56,56,63,61,,57,57,57,,,,35,,,
11350,65,65,,,31,21,62,56,40,40,21,62,56,45,45,,,21,21,31,,,
11351,65,65,11,11,31,,,,,,,,,45,45,,,,,31,,,
11356,26,26,37,37,49,19,12,17,17,17,19,15,,13,13,28,,21,20,49,23,54,
11359,25,25,28,28,49,57,2,17,17,17,62,62,,27,45,45,,57,57,49,57,45,
11360,,,65,65,31,,,17,47,47,,,,57,57,,,,,31,,,
11361,,,25,25,31,70,45,47,40,40,71,71,,45,45,,,70,70,31,15,15,
11363,65,65,70,70,49,57,45,17,17,17,57,57,,45,45,45,,45,45,49,45,57,
11365,28,28,25,25,35,10,21,17,56,56,21,10,17,57,57,,,,,35,,,
11371,33,33,28,28,60,57,45,47,47,47,23,23,47,57,57,57,,42,42,38,57,45,
11395,13,13,15,15,49,57,20,56,56,56,62,62,56,57,57,14,,72,72,49,57,72,
11398,62,62,25,25,31,16,16,,,,,,,45,45,,,15,15,31,62,62,
11401,62,62,25,25,3,25,25,17,17,17,25,25,,25,25,25,,25,25,3,25,25,
11410,63,63,13,13,49,57,61,56,56,56,14,14,40,57,57,16,,42,42,35,57,72,
11417,25,25,11,11,46,15,61,17,17,17,62,58,,57,57,,,23,15,46,62,62,
11426,,,,,35,,,56,40,40,,,56,45,45,45,,,,9,70,45,
11474,70,70,71,71,32,23,20,51,48,48,,,51,39,39,12,,,,44,20,39,
11479,37,37,20,20,22,39,52,32,48,48,58,39,32,52,52,52,,58,59,22,39,52,
11485,58,58,71,71,3,52,33,55,55,55,70,42,51,12,12,52,,42,42,3,19,12,
11490,33,33,71,71,22,42,12,55,55,55,20,33,55,12,12,12,,37,20,55,12,52,
11491,71,71,58,58,3,12,52,48,48,48,19,54,48,12,12,52,,,,3,,,
11495,70,70,58,58,43,39,52,32,51,51,39,39,,12,12,39,,71,71,43,20,20,
11497,58,58,27,27,22,23,20,48,55,55,23,71,32,39,39,39,,20,5,22,59,23,
11500,58,58,70,70,3,52,39,48,55,55,42,59,32,39,39,52,,42,59,3,42,42,
11501,58,58,71,71,3,52,52,48,51,51,42,33,,52,52,52,,42,33,3,42,42,
11502,70,70,71,71,3,52,39,55,55,55,66,66,32,12,12,39,,42,59,3,42,52,
11503,19,19,20,20,44,,,32,48,48,59,19,,12,12,39,,19,4,44,59,19,
11504,13,13,71,71,4,52,12,48,48,48,54,54,48,52,52,52,,27,27,4,23,33,
11508,58,58,37,37,22,39,19,55,48,48,39,59,32,39,39,39,,23,70,22,39,19,
11513,70,70,71,71,44,39,52,32,48,51,12,22,32,12,12,39,,22,59,38,59,12,
11515,20,20,58,58,22,52,39,32,55,55,39,52,32,52,52,52,,66,39,22,52,39,
11518,71,71,70,70,44,12,39,32,55,55,33,16,32,12,12,39,,16,33,4,42,23,
11519,58,58,70,70,44,59,19,32,48,55,9,38,32,52,52,52,,9,60,44,52,19,
11520,70,70,25,25,43,20,20,32,51,51,59,59,,12,12,52,,39,39,43,12,52,
11526,71,71,33,33,43,39,52,32,32,32,39,39,,12,12,39,,20,20,43,12,39,
11528,58,58,70,70,44,52,39,55,48,48,59,71,55,52,52,39,,23,42,44,,,
11529,37,37,11,11,22,12,39,55,55,55,12,71,,12,12,12,,58,23,51,12,39,
11531,20,20,71,71,22,39,23,48,32,32,23,39,48,12,39,12,,19,23,4,19,59,
11532,58,58,70,70,44,52,12,32,55,55,,,32,39,39,52,,,,3,39,52,
11537,66,66,71,71,44,39,52,32,55,55,,,32,39,39,52,,,,9,39,52,
11540,71,71,70,70,43,,,48,51,51,12,12,,12,12,39,,12,12,43,39,12,
11559,58,58,71,71,3,,,51,51,51,5,5,51,12,12,52,,5,5,3,52,12,
11560,70,70,71,71,44,12,12,51,48,48,,,,20,20,12,,,,44,42,59,
11579,37,37,71,71,22,39,59,32,51,51,20,19,,39,27,39,,27,59,43,19,20,
11582,58,58,70,70,44,12,39,51,51,51,12,39,55,39,39,52,,,,43,5,33,
11590,37,37,71,71,22,39,19,32,48,48,19,33,,39,39,39,,58,23,51,33,39,
11646,2,2,62,62,46,57,25,17,17,17,61,63,56,57,57,,,72,61,46,6,57,
11648,28,28,62,62,60,26,11,17,47,47,26,11,,45,45,,,2,26,60,2,26,
11651,65,65,,,46,57,45,17,17,17,25,14,56,45,45,,,62,62,34,,,
11656,42,42,15,15,49,45,6,40,40,40,6,6,40,45,45,,,61,61,35,45,16,
11657,42,42,6,6,49,45,61,56,56,56,45,45,47,45,45,,,65,65,49,45,65,
11659,65,65,28,28,46,45,57,56,56,56,67,67,17,45,45,,,62,21,34,57,45,
11662,42,42,62,62,49,62,2,56,56,56,14,14,47,45,45,,,2,2,49,45,61,
11663,62,62,42,42,35,,,56,40,40,6,72,,45,45,,,,,34,,,
11665,28,28,,,60,,,17,17,17,11,67,,45,45,,,,,60,45,45,
11671,69,69,42,42,3,25,25,47,56,56,58,58,56,45,45,,,72,61,31,61,61,
11676,65,65,42,42,4,39,52,32,32,32,23,23,48,52,52,,,10,10,34,52,23,
11679,72,72,28,28,31,12,66,32,32,32,25,66,,39,39,,,37,37,34,66,33,
11683,10,10,58,58,22,12,52,55,48,48,52,19,,52,52,,,19,54,38,52,19,
11685,28,28,62,62,35,66,12,51,48,48,19,16,17,12,12,,,33,23,34,33,23,
11689,,,,,4,12,39,32,32,32,59,59,32,12,12,,,19,19,,,,
11691,,,,,1,52,39,32,55,55,39,59,,52,52,,,39,59,,,,
11692,,,,,44,12,39,32,48,48,66,33,,12,12,,,66,33,,,,
11701,,,,,44,66,39,,,,66,19,,39,39,,,19,71,,,,
11704,,,,,4,23,12,32,32,32,27,27,48,27,27,,,33,33,,,,
11705,,,,,3,52,39,55,55,55,58,58,55,52,52,,,59,59,,,,
11712,61,61,16,16,,,,40,40,40,21,21,47,,,,,42,42,1,45,21,
11716,11,11,14,14,,,,17,56,56,45,45,,,,,,42,42,60,45,45,
11717,26,26,,,,,,,,,67,67,,,,,,2,2,31,2,45,
11719,61,61,15,15,,,,56,56,56,65,65,47,,,,,45,45,9,65,2,
11722,15,15,16,16,,,,47,56,56,,,47,,,,,25,25,38,42,42,
11724,26,26,14,14,,,,17,56,56,65,11,,,,,,21,65,60,,,
11726,63,63,14,14,,,,,,,,,17,,,,,67,28,35,57,28,
11733,61,61,16,16,,,,40,47,47,65,65,40,,,,,2,2,43,62,2,
11734,2,2,62,62,46,15,61,56,56,56,25,6,17,57,57,,,15,67,46,25,25,
11741,,,,,4,52,54,48,48,48,27,27,,12,12,,,5,5,,,,
11743,6,6,13,15,,,,17,56,56,2,21,,,,,,67,67,1,67,67,
11746,6,6,13,13,,,,56,56,56,42,14,17,,,,,11,28,46,57,11,
11754,61,61,62,62,49,21,57,56,56,56,13,13,,57,57,,,21,21,46,2,14,
11755,65,65,25,25,46,66,45,47,47,47,2,14,17,45,45,,,72,14,46,45,2,
11756,,,,,35,45,66,40,56,56,25,66,56,72,72,,,,,1,66,21,
11766,25,25,28,28,46,45,57,56,56,56,65,26,17,45,45,,,11,23,46,5,5,
11771,65,65,21,21,35,,,40,56,56,,,40,45,45,,,72,11,34,,,
11772,65,65,62,62,31,45,15,56,40,40,72,16,,45,45,,,15,16,31,15,6,
11775,62,62,11,11,31,66,45,56,47,17,66,65,,45,45,,,63,63,31,14,45,
11777,69,69,62,62,35,45,2,40,56,56,26,61,,45,45,,,67,2,34,45,15,
11783,,,28,28,46,66,45,47,47,47,6,67,17,45,45,,,14,6,46,67,11,
11785,28,28,67,67,46,65,45,47,47,47,65,45,17,45,45,,,63,6,34,66,16,
11786,,,28,28,46,57,67,56,56,56,21,6,17,57,57,,,72,14,46,67,70,
11788,67,67,69,69,3,25,58,17,47,47,72,58,17,57,57,,,58,66,46,66,66,
11790,2,2,11,11,35,57,45,17,56,56,,,,45,45,,,,,38,6,6,
11791,,,,,31,45,45,17,56,56,72,72,,45,45,,,72,65,38,6,6,
11792,28,28,67,67,46,66,10,17,17,17,10,66,47,57,57,,,59,16,60,6,6,
11798,62,62,,,35,45,65,47,40,40,72,65,,45,45,,,65,61,35,,,
11800,25,25,,,46,66,45,47,47,47,72,61,56,45,45,,,10,61,9,33,6,
11802,28,28,21,21,46,,,56,56,56,62,16,17,57,57,,66,14,16,46,61,61,
11804,25,25,62,62,46,6,15,56,56,56,61,63,17,57,57,,,72,15,46,14,6,
11805,67,67,65,65,46,57,45,47,47,47,13,6,17,45,45,,,20,10,34,14,20,
11821,62,62,67,67,46,6,10,17,17,17,6,6,,57,57,,,37,6,46,,,
11824,28,28,67,67,46,57,57,17,17,17,6,11,47,57,57,,,72,16,60,6,2,
11825,65,65,62,62,31,15,57,,,,14,14,,57,57,,,21,67,31,15,67,
11831,61,61,62,62,49,21,57,56,56,56,13,13,,57,57,,,21,21,46,2,14,
11836,25,25,28,28,46,57,45,17,17,17,26,5,56,45,45,,,27,14,46,45,65,
11839,67,67,,,46,61,57,47,47,47,11,2,17,57,57,,,21,61,46,66,11,
11842,28,28,21,21,46,15,57,17,17,17,58,14,56,57,57,,,62,25,46,66,15,
11845,,,,,31,45,15,17,56,56,65,66,,45,45,,,66,65,31,45,70,
11846,62,62,,,35,65,15,47,40,40,65,66,,45,45,,,66,61,38,,,
11847,,,28,28,46,66,6,47,47,47,67,14,17,45,45,,,58,58,46,70,66,
11848,,,,,35,45,16,40,56,56,25,16,,45,45,,,25,16,60,25,16,
11849,65,65,25,25,46,66,57,47,47,47,2,72,17,45,45,,,,,46,70,57,
11850,65,65,62,62,31,45,12,56,40,40,72,15,,45,45,,,15,13,31,6,61,
11851,62,62,67,67,46,2,57,56,56,56,10,6,,57,57,,,21,6,46,2,2,
11854,2,2,11,11,49,45,66,17,17,17,65,65,,57,57,,,45,45,49,45,57,
11855,25,25,,,46,33,66,47,47,47,10,33,56,45,45,,,10,72,46,61,66,
11858,25,25,62,62,46,57,61,56,56,56,67,14,17,57,57,,,72,63,46,61,11,
11859,28,28,67,67,46,45,45,47,47,47,66,65,,45,45,,,63,61,34,33,65,
11861,65,65,21,21,35,,,40,56,56,11,61,,45,45,,,11,2,35,,,
11865,62,62,11,11,31,14,61,56,47,17,66,65,,45,45,,,72,65,31,65,66,
11868,65,65,62,62,31,57,57,,,,14,14,,57,57,,,67,67,34,72,72,
11878,28,28,67,67,46,16,6,47,47,47,2,11,17,57,57,,,66,59,60,65,16,
11884,,,11,11,46,,,17,17,17,14,33,56,57,57,,,54,72,46,2,6,
11895,67,67,65,65,46,14,6,47,47,47,6,14,17,45,45,,,13,13,46,45,14,
11900,69,69,62,62,35,61,16,40,47,47,61,72,,67,67,,,61,2,9,2,16,
11908,67,67,65,65,35,45,57,17,56,56,23,20,17,45,45,,,20,25,9,23,57,
11912,2,2,6,6,35,65,62,17,56,56,21,66,,57,57,,,65,66,38,65,15,
11914,25,25,,,31,70,70,56,47,47,70,70,,45,45,,,,,31,61,61,
11916,71,71,37,37,22,39,12,56,56,56,39,12,,12,12,,,58,23,1,23,58,
11922,28,28,67,67,35,62,61,17,47,47,62,58,17,57,57,,,61,58,35,33,57,
11924,,,,,44,11,20,47,40,40,20,58,,45,45,,,20,37,9,70,11,
11939,58,58,42,42,22,52,23,48,51,51,23,37,,52,52,,,23,66,22,23,52,
11940,28,28,67,67,3,52,20,32,32,32,42,20,32,39,39,,,42,20,60,20,20,
11941,28,28,67,67,44,12,39,48,51,51,20,34,51,39,39,,,,,34,23,23,
11942,,,,,3,52,39,32,32,32,33,33,55,39,39,,,33,33,3,52,70,
11945,33,33,71,71,43,52,12,48,55,55,37,37,48,12,12,,,42,42,60,42,42,
11946,,,67,67,43,5,5,55,48,48,27,27,51,52,52,,,5,5,60,5,27,
11947,72,72,,,44,39,59,32,48,55,39,59,48,52,52,67,,19,37,34,19,20,
11949,20,20,19,19,1,12,52,55,51,51,12,27,48,12,12,,,27,54,43,54,52,
11952,62,62,70,70,60,52,39,32,55,55,5,52,47,52,52,,,5,5,9,,,
11972,71,71,37,37,22,12,39,32,48,48,66,70,,12,12,,,23,66,38,52,39,
11974,67,67,28,28,4,57,45,48,48,48,23,23,55,57,12,,,42,42,60,57,45,
11976,69,69,,,3,12,39,51,51,51,23,37,17,23,23,,,23,23,60,23,42,
11977,28,28,,,31,23,59,32,48,48,20,67,,12,39,,,42,31,60,42,20,
11978,25,25,28,28,3,52,39,55,55,55,10,67,17,39,39,,,10,10,60,52,10,
11979,58,58,67,67,22,70,42,55,51,51,19,42,55,12,12,,,19,5,60,19,5,
11980,58,20,20,20,22,39,52,48,55,55,46,23,56,52,39,,,23,19,1,59,39,
11982,28,28,,,44,66,59,32,48,48,,,48,39,39,,,,,34,59,33,
11984,33,33,28,28,43,52,12,55,51,51,23,23,48,12,12,,,42,42,60,42,23,
11986,71,71,67,67,4,52,12,51,51,51,33,33,51,12,12,,,66,66,60,66,33,
11988,,,,,43,12,19,32,51,51,59,59,32,12,12,,,27,27,1,,,
11990,,,67,67,3,,,55,55,55,33,5,,52,52,,,,,60,58,5,
11991,58,58,,,44,42,42,32,48,48,20,1,55,39,39,,,59,19,60,,,
11992,37,37,71,71,22,20,52,32,55,55,23,19,32,12,12,,,20,23,60,52,12,
11995,28,28,,,44,42,39,32,48,48,5,42,51,12,12,,,42,5,34,,,
11998,70,70,58,58,44,,,48,55,32,39,20,48,39,39,,,42,71,31,42,59,
12006,,,,,22,12,52,48,48,48,23,12,,52,52,,,23,12,,,,
12010,,,,,3,52,39,55,55,55,1,59,,39,39,,,12,59,,,,
12012,,,,,22,39,23,32,48,48,20,23,,39,39,,,39,20,,,,
12013,,,,,3,52,39,32,32,32,27,27,32,39,39,,,27,27,,,,
12015,,,,,22,15,52,48,51,51,15,23,,52,52,,,15,23,,,,
12016,,,,,44,12,39,32,51,51,27,27,,39,39,,,,,,,,
12019,,,,,44,20,39,51,48,48,39,20,,39,39,,,,,,,,
12026,,,,,3,12,12,48,55,55,42,42,48,12,12,,,33,33,,,,
12036,,,,,44,19,23,32,55,55,60,34,55,39,39,,,34,60,,,,
12038,,,,,3,12,39,51,51,51,59,5,,39,39,,,59,20,,,,
12042,,,,,44,,,55,48,48,39,23,48,52,52,,,42,5,,,,
12043,,,,,44,39,12,32,48,51,,,51,12,12,39,,12,39,,,,
12044,,,,,44,,,48,51,51,,,48,12,12,,,,,,,,
12045,,,,,44,12,39,32,55,55,38,38,,39,39,,,,,,,,
12047,,,,,4,52,12,48,48,48,54,54,,52,52,,,27,27,,,,
12048,,,,,22,12,52,48,55,55,42,5,,12,12,,,37,42,,,,
12049,,,,,44,52,39,55,48,48,42,37,,52,52,,,23,1,,,,
12058,,,,,44,,,48,51,51,,,51,39,39,,,,,,,,
12064,,,,,44,42,19,48,55,55,59,19,55,39,39,,,,,,,,
12065,,,,,22,70,19,55,51,51,42,5,53,12,12,,,37,42,,,,
12069,,,,,44,42,52,55,51,51,59,66,51,39,39,,,66,20,,,,
12075,,,,,22,52,59,32,48,48,23,37,,52,52,,,37,59,,,,
12083,14,14,,,,,,17,47,47,62,57,17,,,,,28,11,35,57,67,
12085,6,6,13,13,,,,40,40,40,62,62,47,,,,,21,21,46,25,2,
12086,,,14,14,,,,17,47,47,2,2,17,,,,,28,65,35,28,45,
12087,6,6,14,14,,,,17,17,17,21,11,56,,,,,28,61,34,57,67,
12089,16,16,13,13,,,,56,56,56,57,67,17,,,,,67,21,46,57,28,
12094,63,63,61,61,,,,47,47,47,28,2,56,,,,,62,67,46,57,25,
12096,63,63,14,14,,,,,,,21,21,,,,,,25,11,31,57,25,
12097,14,14,13,13,,,,47,47,47,11,65,,,,,,11,11,46,28,45,
12103,14,14,61,61,,,,47,47,47,11,62,17,,,,,67,62,46,28,57,
12104,26,26,6,6,,,,,,,57,57,,,,,,11,11,1,57,28,
12109,13,13,61,61,,,,40,56,56,65,65,56,,,,,65,2,34,65,2,
12111,23,23,26,26,,,,56,56,56,11,65,17,,,,,11,11,34,57,45,
12112,13,13,6,6,,,,17,17,17,67,67,17,,,,,57,57,49,57,67,
12113,13,13,,,,,,47,47,47,11,28,17,,,,,6,6,46,28,65,
12115,13,13,,,,,,47,47,47,25,45,40,,,,,2,62,46,65,65,
12116,26,26,14,14,,,,47,17,17,65,65,,,,,,65,45,35,45,67,
12121,,,61,61,,,,40,40,40,21,65,47,,,,,62,72,38,65,45,
12122,6,6,13,13,,,,47,47,47,62,11,17,,,,,2,72,46,28,28,
12124,13,13,6,6,,,,17,17,17,65,11,56,,,,,11,11,34,57,25,
12125,16,16,,,,,,56,47,47,21,28,56,,,,,65,67,35,67,57,
12127,16,16,15,15,,,,17,56,56,65,28,17,,,,,65,28,34,28,57,
12128,6,6,15,15,,,,17,47,47,11,11,47,,,,,28,11,35,45,67,
12132,14,14,13,13,,,,,,,65,65,,,,,,11,11,31,45,6,
12171,61,61,13,13,,,,56,56,56,14,14,56,,,,,14,14,49,14,26,
12180,63,63,,,35,11,67,17,40,40,11,15,17,45,45,45,,11,67,35,11,67,
12232,27,27,52,52,49,8,20,17,17,17,12,12,,30,30,54,,16,16,49,57,67,
12241,16,16,,,46,72,45,56,56,56,72,61,40,45,45,25,,,,46,,,
12244,,,,,31,16,61,17,47,47,59,10,,57,57,61,,11,11,31,,,
12245,61,61,,,46,65,72,47,47,47,16,21,40,45,45,2,,21,21,46,45,45,
12246,62,62,6,6,35,,,56,47,47,,,,45,45,10,,65,2,40,,,
12255,6,6,,,31,45,45,56,40,40,25,25,,45,45,65,,65,65,31,65,65,
12264,63,63,13,13,49,45,57,56,56,56,45,45,17,45,45,57,,2,2,49,25,57,
12267,25,25,,,60,14,26,17,40,56,25,25,,45,45,57,,,,60,45,45,
12268,6,6,,,31,15,15,17,56,56,15,15,,45,45,57,,62,62,31,70,70,
12269,25,25,14,14,46,45,57,47,47,47,,,17,45,45,57,,23,28,46,,,
12274,13,13,63,63,43,69,69,17,56,56,,,17,57,57,14,,,,38,,,
12279,16,16,15,15,31,61,61,17,56,56,11,11,17,57,57,71,,,,31,,,
12287,15,15,16,16,31,2,2,56,17,17,65,66,,57,57,45,,2,62,31,45,45,
12290,14,14,16,16,35,,,17,56,56,,,56,45,45,45,,62,25,35,72,33,
12291,15,15,61,61,46,45,66,40,40,40,21,72,56,45,45,2,,62,25,60,,,
12296,,,,,31,11,26,40,17,17,11,11,,57,57,45,,66,66,31,71,11,
12299,,,13,13,35,45,57,17,56,56,11,65,56,,,,,,,38,,,
12307,63,63,,,46,45,57,47,47,47,67,42,40,45,45,57,,67,67,46,67,11,
12349,,,,,44,,,32,51,51,59,23,32,12,12,39,,23,71,,,,
12350,,,,,22,39,61,32,48,48,71,33,,12,39,12,,71,66,,,,
12352,,,,,3,39,19,32,32,32,10,10,32,52,52,39,,10,10,,,,
12360,,,,,44,19,12,32,48,48,71,12,,12,12,39,,71,19,,,,
12361,,,,,44,,,32,48,48,5,59,,52,52,52,,42,59,,,,
12365,,,,,44,5,66,32,55,55,,,,39,39,39,,60,20,,,,
12372,,,,,43,,,32,48,48,71,71,32,12,12,19,,23,23,,,,
12394,,,,,44,52,12,55,32,32,,,,39,39,12,,,,,,,
12398,,,,,4,52,12,48,48,48,54,54,48,52,52,52,,27,27,,,,
12424,,,,,44,12,39,32,32,32,20,59,32,52,52,39,,59,20,,,,
12427,,,,,44,70,42,32,51,51,20,1,51,52,52,52,,20,42,,,,
12430,,,,,3,58,12,51,55,55,71,10,55,12,12,52,,52,12,,,,
12436,,,,,3,15,15,48,55,55,42,42,48,39,39,52,,,,,,,
12437,,,,,43,52,12,48,48,48,58,58,48,12,12,52,,34,34,,,,
12439,,,,,31,,,48,51,51,,,,,,,,,,,,,
12441,,,,,22,12,52,51,51,51,58,5,,12,12,12,,58,71,,,,
12443,,,,,3,59,10,48,55,55,70,10,48,39,39,52,,58,70,,,,
12444,998,998,998,998,44,52,59,20,20,20,58,52,20,52,52,52,998,59,3,998,998,998,998
12446,,,,,22,39,5,48,55,55,39,5,,39,39,42,,19,5,,,,
12447,,,,,44,,,51,48,48,,,51,39,39,39,,,,,,,
12450,,,,,44,,,48,51,51,,,51,12,12,39,,,,,,,
12451,,,,,3,59,10,55,32,32,10,71,55,71,71,10,,10,10,,,,
12452,,,,,43,5,39,55,55,55,,,48,12,12,52,,42,42,,,,
12455,,,,,44,42,52,55,48,48,20,19,55,52,52,39,,19,42,,,,
12459,19,19,5,5,43,12,52,48,48,48,66,66,55,12,12,12,,33,33,4,12,52,
12490,11,11,26,26,,,,47,47,47,,,47,,,,,,,35,45,21,
12523,63,63,16,16,,,,17,56,56,25,11,56,,,,,,,35,,,
12535,16,16,13,13,,,,17,47,47,25,25,,,,,,,,31,,,
12547,63,63,16,16,,,,17,56,56,,,56,,,,,,,43,,,
12552,16,16,,,,,,40,47,47,,,56,,,,,,,31,,,
12567,14,14,13,13,,,,56,56,56,62,62,,,,,,57,57,49,57,6,
12569,63,63,13,13,,,,17,47,47,25,21,,,,,,2,2,49,,,
12570,63,63,28,28,,,,17,17,17,21,21,,,,,,35,35,49,39,62,
12571,69,69,25,25,,,,,,,65,65,,,,,,,,31,,,
12573,63,63,14,14,,,,17,17,17,45,45,,,,,,57,57,49,57,45,
12576,13,13,,,,,,17,17,17,6,6,,,,,,6,62,46,,,
12578,63,63,14,14,,,,17,17,17,65,65,,,,,,57,57,49,57,65,
12579,16,16,15,15,,,,17,17,17,65,65,,,,,,57,57,49,57,45,
12580,63,63,14,14,,,,17,17,17,57,57,,,,,,45,45,49,45,67,
12581,6,6,61,61,,,,47,56,56,65,65,47,,,,,,,35,,,
12583,,,6,6,,,,,,,11,62,47,,,,,,,35,,,
12585,13,13,15,15,,,,47,56,56,,,47,,,,,,,35,,,
12587,6,6,58,58,,,,17,17,17,23,23,,,,,,37,37,49,67,65,
12588,63,63,14,14,,,,17,56,56,,,56,,,,,,,40,,,
12589,63,63,61,61,,,,,,,,,,,,,,62,62,31,62,62,
12591,63,63,,,,,,,,,,,,,,,,,,31,,,
12595,26,26,16,16,,,,56,47,47,65,25,,,,,,,,35,,,
12599,63,63,58,58,,,,17,17,17,23,23,,,,,,31,31,49,59,68,
12600,63,63,14,14,,,,,,,,,56,,,,,,,35,,,
12602,,,15,15,,,,47,47,47,65,11,56,,,,,62,11,46,62,11,
12611,63,63,61,61,,,,17,17,17,11,11,,,,,,28,28,49,57,45,
12613,16,16,,,,,,,,,,,,,,,,,,35,,,
12651,,,,,3,,,48,48,48,59,19,48,52,52,52,,59,19,,,,
12655,,,,,3,59,59,48,55,55,71,70,,39,39,70,,59,71,,,,
12679,,,,,3,33,10,51,55,55,10,10,55,12,12,12,,10,10,,,,
12692,,,,,43,,,51,51,51,58,58,51,20,20,12,,5,5,,,,
12694,,,,,44,42,59,55,48,48,59,59,55,39,39,39,,,,,,,
12702,,,,,44,12,39,48,51,51,20,15,51,39,39,12,,20,23,,,,
12711,,,,,31,58,52,48,51,51,58,58,,,,,,15,15,,,,
12717,,,,,3,33,12,48,55,55,12,19,,12,12,52,,71,71,,,,
12718,,,,,43,,,51,51,51,37,37,48,12,12,52,,58,58,,,,
12719,,,,,3,66,23,32,32,32,66,23,,52,52,5,,23,23,,,,
12720,,,,,43,12,39,51,32,32,,,51,12,12,66,,,,,,,
12723,,,,,44,,,51,48,48,,,48,39,39,39,,,,,,,
12724,,,,,22,23,39,48,32,32,23,39,32,39,39,39,,39,23,,,,
12727,,,,,3,15,15,48,55,55,42,42,48,39,39,52,,,,,,,
12730,,,,,3,42,16,55,55,55,10,16,55,10,10,71,,71,71,,,,
12732,,,,,22,70,19,32,55,55,70,19,32,39,39,39,,70,19,,,,
12733,,,,,44,,,32,55,55,,,55,52,52,52,,,,,,,
12734,998,998,998,998,44,,,51,20,20,12,39,51,52,52,39,998,4,44,998,998,998,998
12735,,,,,44,12,39,32,32,32,,,32,66,66,12,,,,,,,
12736,,,,,43,19,23,51,48,48,33,33,,12,12,39,,71,71,,,,
12738,,,,,43,20,39,55,55,55,,,48,12,12,52,,20,20,,,,
12742,,,,,4,,,32,32,32,19,71,32,33,33,33,,19,19,,,,
12746,,,,,3,19,66,48,55,55,66,19,48,52,52,39,,42,42,,,,
12754,,,,,3,70,59,32,51,51,70,70,32,12,12,52,,71,71,,,,
12756,,,,,43,52,52,48,51,51,52,52,,12,12,52,,71,71,,,,
12757,,,,,43,,,48,55,55,,,55,12,12,52,,42,42,,,,
12798,14,14,16,16,,,,17,47,47,62,62,,,,,,,,35,11,57,
12840,13,13,15,15,,,,56,56,56,62,62,,,,,,72,72,49,57,72,
12843,,,15,15,,,,47,47,47,11,11,56,,,,,62,42,46,45,72,
12845,63,63,14,14,,,,17,56,56,,,56,,,,,,,35,,,
12852,13,13,,,,,,17,17,17,6,6,56,,,,,62,6,46,72,72,
12857,16,16,,,,,,47,56,56,,,47,,,,,21,72,46,,,
12858,6,6,61,61,,,,47,56,56,,,47,,,,,,,35,,,
12860,63,63,61,61,,,,,,,62,62,,,,,,57,57,35,57,45,
12863,63,63,14,14,,,,17,17,17,57,57,,,,,,45,45,49,45,67,
12866,63,63,6,6,,,,17,17,17,23,23,47,,,,,67,67,46,45,65,
12869,,,6,6,,,,56,47,47,11,11,47,,,,,11,16,35,57,11,
12872,63,63,16,16,,,,47,17,17,31,31,,,,,,,,31,57,57,
12873,15,15,6,6,,,,40,40,40,,,56,,,,,72,72,46,,,
12874,15,15,16,16,,,,56,56,56,25,25,,,,,,,,60,57,57,
12875,16,16,15,15,,,,,,,65,65,,,,,,57,57,31,45,72,
12881,13,13,6,6,,,,56,47,47,,,,,,,,,,31,,,
12882,63,63,13,13,,,,17,17,17,57,57,,,,,,57,57,49,57,72,
12887,63,63,13,13,,,,56,56,56,14,14,40,,,,,42,42,35,57,72,
12890,63,63,,,,,,,,,25,25,,,,,,2,2,31,65,57,
12892,63,63,13,13,,,,56,56,56,62,62,,,,,,57,57,56,57,25,
12893,65,65,15,15,,,,,,,,,,,,,,,,35,,,
12896,16,16,13,13,,,,47,47,47,,,47,,,,,,,35,11,72,
12898,63,63,28,28,,,,17,17,17,21,21,,,,,,35,35,49,39,62,
12901,63,63,14,14,,,,17,17,17,45,45,,,,,,57,57,49,57,45,
12905,16,16,,,,,,40,47,47,,,47,,,,,,,35,45,21,
12910,23,23,14,14,,,,,,,,,56,,,,,,,35,25,11,
12918,26,26,16,16,,,,56,47,47,,,,,,,,65,65,31,65,65,
12970,63,63,6,6,,,,17,17,17,13,65,47,,,,,23,23,46,23,23,
12994,14,14,16,16,,,,,,,11,25,56,,,,,11,25,35,,,
13003,14,14,13,13,,,,47,47,47,65,65,47,,,,,65,65,46,45,65,
13004,13,13,,,,,,56,17,17,25,11,56,,,,,11,11,35,61,25,
13005,63,63,14,14,,,,56,47,47,65,65,,,,,,,,35,,,
13008,15,15,16,16,,,,47,47,47,60,11,56,,,,,11,62,46,62,62,
13010,11,11,26,26,,,,,,,65,65,,,,,,,,31,45,45,
13018,26,26,6,6,,,,47,56,56,62,42,,,,,,62,42,35,42,62,
13022,63,63,13,13,,,,56,56,56,65,65,56,,,,,65,65,49,45,57,
13026,63,63,13,13,,,,17,17,17,65,65,,,,,,57,57,49,57,65,
13027,63,63,11,11,,,,56,56,56,14,14,56,,,,,61,61,49,61,14,
13030,16,16,13,13,,,,17,47,47,,,47,,,,,11,21,35,,,
13031,16,16,,,,,,,,,65,65,,,,,,65,65,31,45,45,
13037,63,63,,,,,,47,47,47,65,65,47,,,,,65,65,46,65,65,
13041,16,16,15,15,,,,47,47,47,65,65,,,,,,65,65,31,65,65,
13045,63,63,23,23,,,,17,17,17,65,65,,,,,,65,65,49,42,50,
13122,,,,,44,42,70,32,48,48,33,71,32,12,12,39,,70,33,,,,
13172,28,28,67,67,35,15,33,17,56,56,62,13,17,57,57,,,62,25,9,6,15,
13234,,,,,44,,,48,55,55,59,19,48,39,39,39,,71,20,,,,
13818,11,11,14,14,49,57,45,17,17,17,65,65,998,57,57,45,998,57,57,49,45,57,998
13823,23,23,56,56,49,52,62,17,17,17,12,12,,29,29,40,,13,13,49,68,64,
13828,38,38,58,58,49,43,58,40,40,40,31,31,,45,45,57,,26,26,49,60,69,
14178,15,15,28,28,49,57,45,17,17,17,6,6,17,57,57,45,998,11,11,49,57,45,998
14183,11,11,,,56,15,71,17,47,47,71,15,,45,45,,,71,15,40,56,15,
14358,70,70,19,19,43,39,39,51,48,48,12,12,51,39,39,12,,52,52,43,12,52,
14363,70,70,71,71,44,,,51,20,20,,,998,,,39,998,59,59,44,,,998
15159,65,28,28,28,46,57,57,56,56,56,26,6,17,57,57,,,14,13,46,,,
15166,28,28,,,31,26,14,47,17,17,14,66,,57,57,,,26,26,31,26,66,
15170,65,65,28,28,4,57,6,17,17,17,53,53,40,57,57,,,26,26,4,66,26,
15174,67,67,28,28,3,52,39,51,5,5,33,33,5,39,39,,,42,42,3,42,55,
15175,28,28,67,67,43,12,39,20,51,51,14,14,51,12,12,,,19,19,1,19,14,
15180,,,,,43,12,71,55,20,20,12,12,,12,12,,,33,33,,,,
15186,14,14,,,,,,,,,11,65,,,,,,11,65,34,45,57,
15187,26,26,25,25,,,,47,56,56,,,56,,,,,17,11,35,28,67,
15574,16,16,15,15,,,,56,47,47,65,21,56,,,,,11,28,34,57,45,
15661,,,,,31,6,45,17,40,40,14,14,,26,26,14,,,,,,,
15666,,,,,,,,17,56,56,,,,,,,,31,31,31,,,
15671,35,35,37,37,,,,56,56,56,19,19,,,,,,24,24,49,26,31,
15676,,,14,14,998,,,56,47,47,65,65,,,,,,65,65,31,65,65,
15681,,,14,14,,,,56,47,47,65,65,,,,,,65,65,31,21,21,
15695,,,,,35,66,47,17,17,17,25,15,17,57,57,45,,,,,,,
15720,,,16,16,,,,17,17,17,14,14,17,,,,,2,11,9,,,
15771,29,29,51,51,,,,17,17,17,19,19,,,,,,26,26,49,38,52,
15821,,,26,26,,,,56,47,47,,,,,,,,65,65,31,2,2,