no_correlativo,marshalling_aeronave1,hombres_bandera_arribo1,hombres_bandera_arribo2,operador_remolcador_aeronave1,acople_desacople_escalera1,hombre_guia_acople_loader_main_deck1,hombre_guia_acople_loader_lower_deck1,operador_tractores1,operador_tractores2,operador_tractores3,operador_tractores4,operador_montacargas1,operador_montacargas2,operador_montacargas3,hombre_guia_acople_fajas1,hombre_guia_acople_fajas2,hombre_guia_desacople_loader_main_deck1,hombre_guia_desacople_loader_lower_deck1,hombre_guia_desacople_fajas1,hombre_guia_desacople_fajas2,drenado_aeronave1,drenado_aeronave2,aplicacion_agua_potable1,hombres_bandera_salida1,hombres_bandera_salida2,otros
147,,,,,,,,,,,,,,,,,,,,,,,,,,
148,,,,,,,,,,,,,,,,,,,,,,,,,,
149,,,,,,,,,,,,,,,,,,,,,,,,,,
150,,,,,,,,,,,,,,,,,,,,,,,,,,
152,,,,,,,,,,,,,,,,,,,,,,,,,,
153,,,,,,,,,,,,,,,,,,,,,,,,,,
157,,,,,,,,,,,,,,,,,,,,,,,,,,
158,,,,,,,,,,,,,,,,,,,,,,,,,,
159,,,,,,,,,,,,,,,,,,,,,,,,,,
160,,,,,,,,,,,,,,,,,,,,,,,,,,
161,,,,,,,,,,,,,,,,,,,,,,,,,,
164,,,,,,,,,,,,,,,,,,,,,,,,,,
165,,,,,,,,,,,,,,,,,,,,,,,,,,
166,,,,,,,,,,,,,,,,,,,,,,,,,,
167,,,,,,,,,,,,,,,,,,,,,,,,,,
168,,,,,,,,,,,,,,,,,,,,,,,,,,
169,,,,,,,,,,,,,,,,,,,,,,,,,,
174,,,,,,,,,,,,,,,,,,,,,,,,,,
175,,,,,,,,,,,,,,,,,,,,,,,,,,
176,,,,,,,,,,,,,,,,,,,,,,,,,,
177,,,,,,,,,,,,,,,,,,,,,,,,,,
178,,,,,,,,,,,,,,,,,,,,,,,,,,
184,,,,83,,,,84,95,95,95,84,95,95,,,,,,,,,,123,130,
185,,,,,,,,,,,,,,,,,,,,,,,,,,
186,,,,,,,,,,,,,,,,,,,,,,,,,,
202,,,,,,,,,,,,,,,,,,,,,,,,,,
203,,,,,,,,,,,,,,,,,,,,,,,,,,
204,,,,,,,,,,,,,,,,,,,,,,,,,,
221,,,,,,,,,,,,,,,,,,,,,,,,,,
222,,,,,,,,,,,,,,,,,,,,,,,,,,
223,,,,,,,,,,,,,,,,,,,,,,,,,,
287,,,,,,,,,,,,,,,,,,,,,,,,,,
288,,,,,,,,,,,,,,,,,,,,,,,,,,
289,,,,,,,,,,,,,,,,,,,,,,,,,,
316,,,,,,,,,,,,,,,,,,,,,,,,,,
320,,,,,,,,,,,,,,,,,,,,,,,,,,
325,,,,,,,,,,,,,,,,,,,,,,,,,,
327,,,,,,,,,,,,,,,,,,,,,,,,,,
548,,,,,,,,,,,,,,,,,,,,,,,,,,
549,,,,,,,,,,,,,,,,,,,,,,,,,,
551,,,,,,,,,,,,,,,,,,,,,,,,,,
553,,,,,,,,,,,,,,,,,,,,,,,,,,
1004,,,,,,,,,,,,,,,,,,,,,,,,,,
1006,,,,,,,,,,,,,,,,,,,,,,,,,,
1007,,,,,,,,,,,,,,,,,,,,,,,,,,
2399,,,,,,,,,,,,,,,,,,,,,,,,,,
2400,,,,,,,,,,,,,,,,,,,,,,,,,,
2401,,,,,,,,,,,,,,,,,,,,,,,,,,
2402,,,,,,,,,,,,,,,,,,,,,,,,,,
2404,,,,,,,,,,,,,,,,,,,,,,,,,,
2405,,,,,,,,,,,,,,,,,,,,,,,,,,
2406,,,,,,,,,,,,,,,,,,,,,,,,,,
2407,,,,,,,,,,,,,,,,,,,,,,,,,,
2408,,,,,,,,,,,,,,,,,,,,,,,,,,
2409,,,,,,,,,,,,,,,,,,,,,,,,,,
2413,,,,,,,,,,,,,,,,,,,,,,,,,,
2414,,,,,,,,,,,,,,,,,,,,,,,,,,
2415,,,,,,,,,,,,,,,,,,,,,,,,,,
2416,,,,,,,,,,,,,,,,,,,,,,,,,,
2417,,,,,,,,,,,,,,,,,,,,,,,,,,
2567,,,,,,,,,,,,,,,,,,,,,,,,,,
2568,,,,,,,,,,,,,,,,,,,,,,,,,,
2569,,,,,,,,,,,,,,,,,,,,,,,,,,
2570,,,,,,,,,,,,,,,,,,,,,,,,,,
2572,,,,,,,,,,,,,,,,,,,,,,,,,,
2573,,,,,,,,,,,,,,,,,,,,,,,,,,
2574,,,,,,,,,,,,,,,,,,,,,,,,,,
2575,,,,,,,,,,,,,,,,,,,,,,,,,,
2576,,,,,,,,,,,,,,,,,,,,,,,,,,
2577,,,,,,,,,,,,,,,,,,,,,,,,,,
2581,,,,,,,,,,,,,,,,,,,,,,,,,,
2582,,,,,,,,,,,,,,,,,,,,,,,,,,
2583,,,,,,,,,,,,,,,,,,,,,,,,,,
2584,,,,,,,,,,,,,,,,,,,,,,,,,,
2585,,,,,,,,,,,,,,,,,,,,,,,,,,
2633,,,,,,,,,,,,,,,,,,,,,,,,,,
2634,,,,,,,,,,,,,,,,,,,,,,,,,,
2635,,,,,,,,,,,,,,,,,,,,,,,,,,
3879,142,174,127,98,998,98,126,95,91,127,127,91,95,95,998,998,142,136,998,998,998,998,998,142,140,998
3884,146,143,142,96,,139,121,80,88,88,88,80,88,88,115,115,143,121,115,115,,,,146,140,
5317,,,,149,,,,82,85,85,85,,,,,,,,,,,,,132,128,
5332,,,,149,,,,84,85,85,85,84,85,85,,,,,,,,,,132,131,
5333,,,,150,,,,85,84,84,84,85,84,84,,,,,,,,,,130,131,
5365,,,,,,,,92,92,92,92,92,74,74,,,,,,,,,,,,
5366,,133,135,101,,,,91,92,92,92,91,92,92,,,,,,,,,,,,
5367,,,,,,,,88,88,88,88,91,95,95,,,,,,,,,,,,
5368,,,,101,,,,,,,,88,92,92,,,,,,,,,,,,
5371,,,,,,,,78,77,88,88,,,,,,,,,,,,,,,
5373,,,,102,,,,91,88,88,88,,,,,,,,,,,,,,,
5376,,,,,,,,86,86,86,86,76,77,77,,,,,,,,,,,,
5377,,,,,,,,,,,,,,,,,,,,,,,,,,
5384,,,,102,,,,91,91,91,91,88,92,92,,,,,,,,,,,,
5449,,,,97,,,,76,80,80,80,,,,,,,,,,,,,136,133,
5451,,,,150,,,,80,74,74,74,,,,,,,,,,,,,118,124,
5454,,,,,,,,77,77,77,77,,,,,,,,,,,,,110,133,
5455,,,,101,,,,77,77,77,77,,,,,,,,,,,,,,,
5457,,,,97,,,,86,76,76,76,,,,,,,,,,,,,133,136,
5458,,,,97,,,,86,74,74,74,,,,,,,,,,,,,136,133,
5459,,,,97,,,,86,80,80,80,,,,,,,,,,,,,136,133,
5460,,,,97,,,,86,80,80,80,,,,,,,,,,,,,110,136,
5461,,,,97,,,,86,78,78,78,,,,,,,,,,,,,133,136,
5463,,,,97,,,,86,77,77,77,,,,,,,,,,,,,135,110,
5464,,,,,,,,86,76,76,76,,,,,,,,,,,,,135,136,
5468,,,,102,,,,86,86,86,86,,,,,,,,,,,,,133,136,
5518,,,,,,,,92,92,92,92,,,,,,,,,,,,,,,
5528,150,109,108,97,,108,,92,98,98,98,74,80,80,113,113,108,,113,113,,,,108,109,
5529,98,108,109,98,98,108,,75,80,80,80,,,,109,109,109,,109,109,,,,109,121,
5531,97,108,109,151,,135,,75,80,80,80,74,74,74,105,105,135,,105,105,,,,108,109,
5549,151,107,108,97,,108,,80,81,81,81,76,77,77,105,105,108,,116,116,,,,107,110,
5552,100,116,109,97,,118,,74,91,91,91,95,76,76,120,120,118,,120,120,,,,118,117,
5617,,,,,,,,,,,,,,,,,,,,,,,,,,
5620,97,106,105,98,,114,,74,101,101,101,81,81,81,,,110,,,,,,,110,103,
5623,98,,,98,,105,,74,78,78,78,76,76,76,,,106,,,,,,,120,121,
5625,101,110,107,98,,121,,80,78,78,78,81,81,81,,,116,,,,,,,116,117,
5626,98,105,108,98,,105,,75,77,77,77,,,,,,108,,,,,,,105,111,
5627,97,136,135,97,,108,,77,80,80,80,,,,,,108,,,,,,,108,125,
5630,151,106,107,151,,108,,77,80,80,80,81,81,81,,,110,,,,,,,107,116,
5631,97,135,133,97,,142,,80,80,80,80,,,,,,142,,,,,,,118,108,
5632,97,136,133,150,,136,,76,78,78,78,,,,,,133,,,,,,,133,136,
5633,97,,,97,,,,80,76,76,76,,,,,,,,,,,,,113,108,
5635,98,135,109,98,,121,,75,74,74,74,,,,,,135,,,,,,,108,109,
5636,97,109,113,98,,109,,77,76,76,76,,,,,,118,,,,,,,109,118,
5639,,,,,,,,,,,,,,,135,135,,,137,137,,,,,,
5640,,,,,,,,77,77,77,77,,,,106,106,,,106,106,,,,,,
5642,,,,,,,,,,,,,,,,,,,,,,,,,,
5643,,,,,,,,102,102,102,102,,,,133,133,,,136,136,,,,,,
5644,,,,,,,,151,151,151,151,,,,136,136,,,135,135,,,,,,
5651,,,,,,,,75,75,75,75,,,,137,137,,,137,137,,,,,,
5652,,,,,,,,95,95,95,95,,,,,,,,,,,,,,,
5653,,,,,,,,86,86,86,86,,,,136,136,,,133,133,,,,,,
5655,,,,,,,,76,76,76,76,,,,135,135,106,,78,78,,,,120,121,
5658,,,,,,,,,,,,,,,,,,,,,,,,,,
5660,,,,,,,,86,86,86,86,,,,136,136,,,135,135,,,,,,
5661,,,,,,,,80,80,80,80,,,,108,108,,,111,111,,,,,,
5662,,,,,,,,,,,,,,,106,106,,,107,107,,,,107,116,
5663,,,,,,,,80,80,80,80,,,,135,135,,,136,136,,,,,,
5664,,136,133,,,,,78,78,78,78,,,,133,133,,,136,136,,,,,,
5665,,,,,,,,80,80,80,80,,,,107,107,,,107,107,,,,,,
5666,98,133,135,98,,133,,80,96,96,96,,,,,,113,,,,,,,113,133,
5667,,,,,,,,,,,,,,,121,121,,,121,121,,,,,,
5669,,,,,,,,80,80,80,80,,,,118,118,,,117,117,,,,,,
5675,148,109,108,148,97,114,108,80,77,75,78,,,,,,114,108,,,,,,108,116,
5677,148,118,117,151,97,118,117,75,86,86,86,,,,,,118,105,,,,,,117,131,
5687,98,118,106,101,,105,106,92,98,98,98,92,101,101,115,115,105,106,115,115,,,,105,106,
5767,149,105,117,,,146,109,91,91,91,91,91,149,149,118,118,146,109,118,118,,,,105,117,
5768,97,109,108,97,,118,108,80,88,88,88,75,92,92,,,118,108,,,,,,114,116,
5773,98,109,118,102,,105,105,79,78,78,78,77,79,79,103,103,106,105,113,113,,,,105,109,
7795,,,,,,,,,,,,,,,,,,,,,,,,,,
7798,,,,,,,,,,,,,,,,,,,,,,,,,,
7801,,,,,,,,,,,,,,,,,,,,,,,,,,
9180,150,125,138,150,,146,,82,149,149,149,82,89,89,,,146,130,,,,,,132,125,
9762,,,,,,,,,,,,,,,,,,,,,,,,,,
9766,,,,,,,,,,,,,,,,,,,,,,,,,,
9769,101,107,135,151,,136,,95,88,88,88,95,88,88,,,136,140,,,,,,136,107,
9772,101,108,103,151,,109,,95,88,88,88,86,86,86,103,103,103,140,103,103,,,,107,108,
9783,98,105,109,98,,110,,75,81,81,81,81,81,81,,,109,,,,,,,103,108,
9788,,115,138,101,,144,137,92,81,81,81,81,92,92,114,114,140,106,114,114,,,,146,137,
9867,149,137,132,151,,124,146,89,84,84,84,84,89,89,,,132,146,,,,,,124,125,
9878,101,133,135,102,,133,140,91,92,92,92,92,92,92,142,142,136,140,142,142,,,,140,109,
9896,,107,105,101,,106,118,92,77,77,77,77,79,79,115,115,110,118,115,115,,,,141,137,
9905,102,131,137,101,,127,,92,149,149,149,92,149,149,138,138,123,,138,138,,,,144,137,
9909,98,106,105,151,,105,,74,74,74,74,76,74,74,116,116,,,116,116,,,,,,
9911,,135,120,101,,136,141,91,88,88,88,91,80,80,120,120,136,141,120,120,,,,136,120,
9921,,,,151,,,,77,81,81,81,,,,,,108,,,,,,,105,107,
9929,,,,98,,105,,76,80,80,80,,,,,,105,,,,,,,107,110,
9932,98,106,107,98,,110,,80,78,78,78,79,79,79,,,110,,,,,,,117,121,
9933,98,109,135,98,,136,,74,92,92,92,,,,,,109,,,,,,,118,109,
9934,98,105,133,98,,137,,81,79,79,79,,,,,,,,,,,,,121,116,
9936,97,109,110,151,,107,,77,80,80,80,,,,,,116,,,,,,,116,110,
9938,98,137,138,98,,104,,75,79,79,79,98,98,98,,,110,,,,,,,144,137,
9939,97,109,110,97,,107,,75,81,81,81,77,77,77,,,107,,,,,,,111,104,
9941,97,109,110,97,,104,,95,75,75,75,93,93,93,,,104,,,,,,,137,108,
9942,150,107,108,150,,136,,79,77,77,77,80,80,80,,,117,,,,,,,117,116,
9943,97,110,108,151,,107,,80,77,77,77,81,81,81,,,107,,,,,,,117,121,
9944,97,107,110,97,,107,,75,80,80,80,77,77,77,,,107,,,,,,,107,105,
9946,98,142,107,98,,108,,74,75,75,75,,,,,,109,,,,,,,121,116,
9948,150,106,109,150,,106,,80,75,75,75,78,78,78,,,106,,,,,,,109,113,
9949,98,109,113,98,,108,,76,80,80,80,,,,,,107,,,,,,,107,107,
9950,97,107,136,97,,135,,80,81,81,81,76,76,76,,,135,,,,,,,117,121,
9951,97,109,104,102,,107,,75,80,80,80,76,76,76,,,107,,,,,,,117,116,
9952,98,146,137,98,,106,,78,77,77,77,93,93,93,,,107,,,,,,,117,121,
9953,98,106,113,98,,110,,75,79,79,79,90,90,90,,,108,,,,,,,108,113,
9993,,,,,,,,88,88,88,88,,,,,,,,,,,,,,,
9995,,,,,,,,98,98,98,98,,,,,,,,,,,,,,,
10001,,,,,,,,88,88,88,88,,,,,,,,,,,,,,,
10002,,,,,,,,92,92,92,92,,,,,,,,,,,,,,,
10004,,,,,,,,81,81,81,81,,,,,,,,,,,,,,,
10012,,,,100,,,,82,86,93,100,82,86,86,,,,,,,,,,128,131,
10013,,,,149,,,,85,82,86,86,82,85,85,,,,,,,,,,124,127,
10014,,,,100,,,,82,86,85,92,82,85,85,,,,,,,,,,124,132,
10017,,,,151,,,,82,85,87,87,82,86,86,,,,,,,,,,127,128,
10025,,,,100,,,,82,82,82,82,101,85,85,,,,,,,,,,127,124,
10045,,,,151,,,,85,83,95,95,,,,,,,103,,,,,,132,130,
10069,,,,149,,,,86,91,74,74,,,,,,,,,,,,,,,
10072,,,,,,,,92,74,74,74,,,,,,,,,,,,,,,
10075,,,,102,,,,86,88,91,91,,,,,,,,,,,,,,,
10076,,,,,,,,92,92,92,92,88,88,88,,,,,,,,,,,,
10077,,,,,,,,,,,,88,91,91,,,,,,,,,,,,
10078,,,,,,,,,,,,88,93,93,,,,,,,,,,,,
10079,,,,151,,,,91,95,95,95,,,,,,,,,,,,,,,
10080,,,,101,,,,91,91,91,91,88,95,95,,,,,,,,,,,,
10082,,,,102,,,,95,93,93,93,,,,,,,,,,,,,,,
10083,,,,,,,,91,93,93,93,91,93,93,,,,,,,,,,,,
10084,,,,,,,,86,86,86,86,76,77,77,,,,,,,,,,,,
10098,,,,102,,,,92,91,91,91,92,91,91,,,,,,,,,,,,
10101,,,,102,,,,86,88,91,91,,,,,,,,,,,,,,,
10107,,,,149,,,,95,91,91,91,,,,,,,,,,,,,,,
10111,,,,,,,,86,93,93,93,86,93,93,,,,,,,,,,,,
10155,,,,98,,,,74,77,77,77,,,,,,,,,,,,,78,107,
10156,,,,97,,,,74,79,79,79,,,,,,,,,,,,,118,107,
10158,,,,,,,,80,86,86,86,,,,,,,,,,,,,136,135,
10159,,,,97,,,,76,86,86,86,,,,,,,,,,,,,136,110,
10160,,,,97,,,,80,86,86,86,,,,,,,,,,,,,107,110,
10161,,,,97,,,,80,86,86,86,,,,,,,,,,,,,136,135,
10162,,,,97,,,,86,76,76,76,86,93,93,,,,,,,,,,110,136,
10171,,,,149,,,,95,95,95,95,,,,,,,,,,,,,136,139,
10173,,,,147,,,,78,78,78,78,,,,,,,,,,,,,136,135,
10179,,,,98,,,,80,78,78,78,,,,,,,,,,,,,135,136,
10199,,,,150,,,,80,79,79,79,,,,,,,,,,,,,107,117,
10201,,,,151,,,,81,77,77,77,,,,,,,,,,,,,117,110,
10207,,,,97,,,,86,81,81,81,,,,,,,,,,,,,136,105,
10208,,,,102,,,,78,79,80,80,,,,,,,,,,,,,118,108,
10221,,,,150,,,,79,81,81,81,,,,,,,,,,,,,121,135,
10223,,,,97,,,,80,86,86,86,,,,,,,,,,,,,118,136,
10230,102,108,107,102,97,107,135,91,95,95,95,80,88,88,,,107,109,,,,,,135,107,
10242,98,146,106,98,,110,146,93,92,92,92,92,93,93,104,104,110,146,104,104,,,,146,113,
10247,98,107,114,98,,110,114,98,74,74,74,98,77,77,107,107,110,114,107,107,,,,107,106,
10264,97,108,109,97,,108,,74,93,93,93,74,93,93,107,107,108,,107,107,,,,107,104,
10271,148,109,108,97,,110,,81,80,80,80,76,88,88,138,138,110,,138,138,,,,142,146,
10275,97,108,110,102,,109,,76,86,86,86,75,77,77,135,135,109,,135,135,,,,138,107,
10276,148,136,113,148,,108,,74,80,80,80,,,,109,109,108,,109,109,,,,136,108,
10279,151,107,110,97,,108,,76,80,80,80,81,78,78,109,109,108,,109,109,,,,107,138,
10325,98,109,108,98,,109,,74,80,80,80,,,,104,104,108,,104,104,,,,104,108,
10371,98,105,118,98,,110,106,98,92,92,92,98,92,92,113,113,103,106,113,113,,,,106,105,
10384,98,108,142,98,,108,137,95,91,91,91,95,91,91,108,108,108,137,108,108,,,,142,137,
10385,97,142,110,151,,106,146,93,80,80,80,91,88,88,107,107,106,146,107,107,,,,109,108,
10408,101,133,105,101,,144,114,101,93,93,93,74,101,101,,,,114,,,,,,137,146,
10419,97,142,146,151,,110,146,79,78,78,78,88,87,87,113,113,110,146,113,113,,,,110,116,
10447,149,138,118,151,,118,141,81,93,92,92,81,81,81,141,141,118,141,141,141,,,,118,138,
12161,,,,100,,106,,78,75,75,75,,,,108,108,106,,124,124,,,,106,108,
12176,,,,97,,,,76,80,80,80,,,,,,,,,,,,,133,136,
13049,101,137,139,151,,140,,76,90,90,90,76,90,90,78,78,,140,78,78,,,,136,140,
13055,102,135,140,102,,106,140,78,91,91,91,78,91,91,113,113,106,140,113,113,,,,140,146,
13057,102,135,140,102,,144,146,78,80,80,80,78,91,91,,,110,146,,,,,,136,109,
13060,102,103,107,102,,139,142,88,91,91,91,88,91,91,142,142,133,140,,,,,,,,
13064,100,116,117,151,,131,127,82,91,100,100,91,151,151,144,144,143,127,130,130,,,,116,117,
13082,,,,151,,,,82,84,85,85,84,85,85,,,,,,,,,,131,124,
13085,102,,,102,,146,139,88,91,91,91,88,91,91,136,136,111,139,135,135,,,,111,133,
13098,,123,130,150,,132,137,95,95,95,95,95,95,95,126,126,132,137,126,126,,,,123,130,
13100,102,,,102,,142,103,78,77,80,80,88,91,95,,,142,103,,,,,,136,135,
13110,98,113,118,100,,118,108,81,83,75,75,74,75,75,115,115,104,108,106,106,,,,113,118,
13114,149,107,118,,,107,123,77,82,82,82,82,82,82,114,114,107,123,114,114,,,,107,118,
13116,102,141,137,102,,129,124,93,92,92,92,92,93,93,,,141,124,,,,,,141,137,
13155,100,125,130,151,,126,146,82,84,93,93,84,93,93,130,130,128,146,130,130,,,,138,144,
13158,102,,,102,,110,107,88,91,95,95,86,88,91,107,107,,104,107,107,,,,114,118,
13161,102,,,98,,140,108,88,91,91,91,88,92,91,,,113,108,,,,,,,,
13175,150,118,136,100,,118,110,74,85,81,81,74,85,85,129,129,108,110,129,129,,,,114,118,
13178,151,146,138,149,,146,144,149,151,151,151,149,149,149,138,138,146,144,138,138,,,,146,144,
13181,,,,,,,,88,92,92,92,88,88,88,,,,,,,,,,,,
13209,97,107,108,100,,106,116,77,80,83,83,77,80,80,78,78,111,110,141,141,,,,117,107,
13241,,,,149,,,,88,91,91,91,88,88,88,,,,,,,,,,,,
13245,,,,97,,,,74,80,80,80,,,,,,,,,,,,,136,135,
13249,101,138,146,101,,110,106,74,92,92,92,92,74,74,106,106,146,106,106,106,,,,146,138,
13257,151,114,114,149,,107,137,85,86,86,86,85,85,85,118,118,107,137,118,118,,,,107,107,
13263,998,998,998,83,,,998,84,85,86,92,84,85,85,,,998,998,998,998,,,998,141,144,998
13264,,,,83,,,,82,92,124,127,82,92,92,,,,,,,,,,132,128,
13279,998,998,998,150,998,998,998,82,95,95,95,82,95,95,998,998,998,998,998,998,998,998,998,125,124,998
13280,,,,100,,,,82,83,95,95,82,83,83,,,,,,,,,,132,130,
13281,,,,149,998,,998,93,93,93,93,82,82,82,,,,998,,,998,998,998,125,146,
13282,998,998,998,150,998,998,998,83,89,89,89,83,89,89,998,998,998,998,998,998,998,998,998,132,124,998
13308,,,,149,,,,88,91,95,95,,,,,,,,,,,,,,,
13309,,,,149,998,,,134,91,92,92,998,998,998,,,,,,,998,998,,998,998,
13310,998,998,998,998,998,998,998,998,998,998,998,92,95,95,998,998,998,998,998,998,998,998,998,998,998,998
13311,,103,142,149,,,,134,77,77,77,,,,,,,,,,,,,,,
13312,,,,,998,,,,,,,92,92,92,,,,,,,998,998,998,998,998,
13313,,,,149,998,,,88,91,95,95,,,,,,,,,,998,998,998,,,
13314,,,,149,998,,,95,95,95,95,149,149,149,,,,,,,998,998,998,136,133,
13315,,,,149,998,,,92,88,88,88,,,,,,,,,,998,998,,998,998,
13317,998,998,998,998,998,998,998,998,998,998,998,88,93,93,998,998,998,998,998,998,998,998,998,998,998,998
13318,,,,98,,,,81,88,88,88,,,,,,,,,,,,,,,
13319,998,998,998,998,998,998,998,998,998,998,998,134,79,79,998,998,998,998,998,998,998,998,998,998,998,998
13320,998,998,998,998,998,998,998,93,93,93,93,998,998,998,998,998,998,998,998,998,998,998,998,998,998,998
13321,,,,87,,,,81,78,78,78,,,,,,,,,,,,,,,
13322,,,,,,,,91,78,78,78,79,88,88,,,,,,,,,,,,
13323,,,,150,,,,88,88,88,88,91,93,93,,,,,,,,,,,,
13324,998,998,998,998,998,998,998,93,93,93,93,93,86,86,998,998,998,998,998,998,998,998,998,998,998,998
13376,998,998,998,149,,,,134,124,124,124,998,998,998,,,,,,,,,998,135,135,
13377,,998,998,149,,,,134,134,134,134,,,,,,,,,,,,,135,136,
13378,,,,149,,,,134,77,77,77,,,,,,,,,,,,,136,133,
13379,998,998,998,149,,,998,134,80,80,80,998,998,998,,,,998,,,998,998,998,135,136,
13380,,,,,,,,134,134,134,134,,,,,,,,,,,,,135,133,
13382,,,,98,,,,134,111,111,111,,,,,,,,,,,,,133,136,
13383,998,998,998,149,998,,998,134,134,134,134,998,998,998,,,,998,,,998,998,998,136,105,
13384,998,998,998,98,998,998,998,134,80,80,80,998,998,998,998,998,998,998,998,998,998,998,998,133,136,998
13385,998,998,998,,998,998,998,,,,,998,998,998,998,998,998,998,998,998,998,998,998,,,
13386,998,998,998,98,998,998,998,134,80,80,80,998,998,998,998,998,998,998,998,998,998,998,998,105,107,998
13387,,,,150,,,,78,80,80,80,,,,,,,,,,,,,105,133,
13388,,,,98,,,,80,134,134,134,,,,,,,,,,,,,106,133,
13389,,,,87,,,,78,111,111,111,,,,,,,,,,,,,133,108,
13390,,,,87,,,,134,111,111,111,,,,,,,,,,,,,136,106,
13391,,,,87,,,,80,78,78,78,,,,,,,,,,,,,106,107,
13392,,,,87,,,,86,134,134,134,,,,,,,,,,,,,136,135,
13432,998,998,998,101,998,998,998,91,95,88,88,998,998,998,998,998,998,998,998,998,998,998,998,998,998,998
13433,998,998,998,998,998,998,998,95,95,95,95,91,88,88,998,998,998,998,998,998,998,998,998,998,998,998
13434,,,,,,,,,,,,88,93,93,,,,,,,,,,,,
13435,998,998,998,101,998,998,998,88,95,96,96,998,998,998,998,998,998,998,998,998,998,998,998,998,998,998
13436,998,998,998,998,998,998,998,998,998,998,998,93,86,86,998,998,998,998,998,998,998,998,998,998,998,998
13452,,,,87,,,,81,86,86,86,,,,,,,,,,,,,136,135,
13453,,,,87,,,,134,111,111,111,,,,,,,,,,,,,110,106,
13454,,,,87,,,,134,79,79,79,,,,,,,,,,,,,118,108,
13455,,,,87,,,,78,134,134,134,,,,,,,,,,,,,118,110,
13456,,,,87,,,,103,134,134,134,,,,,,,,,,,,,106,108,
13471,998,,,998,,998,998,,,,,998,998,998,998,998,998,998,998,998,998,998,998,998,998,998
13472,998,998,998,998,998,998,998,77,77,77,77,998,998,998,,,998,,,,998,998,998,998,998,
13473,,,,,,,,134,134,134,134,,,,110,110,,,106,106,,,,,,
13474,998,998,998,998,998,998,998,90,90,90,90,998,998,998,146,146,,998,146,146,998,998,998,,,998
13483,87,109,142,148,,142,,75,80,80,80,76,76,76,,,106,,,,,,,106,109,
13484,148,139,142,150,,113,,81,95,95,95,,,,,,109,,,,,,,105,109,
13485,151,142,138,76,,142,,91,111,111,111,95,95,95,,,108,,,,,,,115,121,
13486,106,108,107,150,,108,,111,111,111,111,81,81,81,,,121,,,,,,,120,116,
13487,136,133,135,151,,136,,134,81,81,81,81,81,81,,,113,,,,,,,113,109,
13488,87,107,109,87,,107,,78,76,76,76,80,80,80,,,136,,,,,,,109,107,
13489,98,108,107,98,,78,,96,80,80,80,,,,,,109,,,,,,,108,111,
13491,98,108,109,98,998,108,998,75,80,80,80,998,998,998,998,998,116,998,998,998,998,998,998,107,116,998
13492,98,133,109,87,,109,,74,111,111,111,74,74,74,,,98,,,,,,,121,108,
13493,98,106,104,151,,113,,79,98,98,98,75,75,75,,,108,,,,,,,108,136,
13494,98,138,144,98,998,106,998,95,103,103,103,95,95,95,998,998,146,998,998,998,998,998,998,146,138,
13495,136,146,108,87,,110,,140,140,140,140,81,81,81,,,110,,,,,,,105,108,
13496,98,104,118,98,998,110,998,111,111,111,111,98,98,98,998,998,111,103,998,998,998,998,998,103,118,998
13497,98,106,105,98,,110,,81,81,81,81,76,76,76,,,110,,,,,,,116,120,
13498,98,106,110,98,998,998,107,78,80,80,80,81,81,81,998,998,117,998,998,998,998,998,998,117,102,998
13499,98,110,106,150,998,133,998,77,78,78,78,81,81,81,998,998,143,998,998,998,998,998,998,106,116,998
13500,98,110,139,151,998,133,998,79,79,79,79,77,80,80,998,998,117,998,998,998,998,998,998,121,117,998
13501,150,110,106,76,,107,,81,77,77,77,78,78,78,,,107,,,,,,,108,107,
13502,78,107,106,76,,107,,78,134,134,134,79,79,79,,,107,,,,,,,117,121,
13503,107,139,105,76,,146,,80,80,80,80,78,78,78,,,116,,,,,,,116,120,
13504,76,94,138,151,,101,,76,101,101,101,,,,,,139,,,,,,,108,106,
13510,,,,,,,,,,,,,,,,,,,,,,,,,,998
13511,148,109,121,148,150,117,105,98,77,77,77,80,80,80,,,117,105,,,,,,107,104,
13513,148,109,108,148,76,104,142,103,80,80,80,87,101,101,,,104,142,,,,,,107,108,
13514,148,118,108,148,151,118,114,104,74,74,74,,,,121,121,118,114,121,121,,,,121,114,
13527,146,138,137,149,,146,101,95,92,92,92,95,95,95,140,140,146,101,140,140,998,998,,137,138,
13536,107,139,113,101,998,109,998,93,80,124,124,998,998,998,998,998,139,998,998,998,998,998,998,139,109,998
13537,136,107,109,87,79,108,,80,78,78,78,,,,113,113,108,,113,113,,,,105,106,
13538,106,108,109,97,,113,,80,75,75,75,,,,109,109,113,,109,109,,,,108,109,
13539,142,106,113,87,,110,,80,78,78,78,,,,133,133,110,,133,133,,,,110,106,
13540,106,107,146,87,,110,,75,77,77,77,,,,104,104,110,,104,104,,,,146,104,
13541,87,136,109,87,,108,,78,92,92,92,74,74,74,113,113,108,,113,113,,,,113,109,
13542,87,116,111,150,,78,,111,75,75,75,,,,109,109,78,,109,109,,,,143,116,
13543,108,109,113,87,,109,,80,91,91,91,75,75,75,105,105,109,,105,105,,,,,,
13544,98,109,100,98,998,140,998,75,80,80,80,998,998,998,140,140,80,998,109,109,998,998,998,109,113,998
13580,87,117,107,148,,107,117,81,78,78,78,75,80,80,110,110,107,117,110,110,,,,110,107,
13586,98,107,109,98,,108,150,96,91,91,91,91,96,96,,,107,150,,,,,,107,108,
13587,142,117,109,151,,103,121,80,92,92,92,103,76,76,,,108,121,,,,,,117,118,
13641,136,107,107,102,998,136,998,95,149,149,149,86,95,95,95,95,101,998,95,95,998,998,998,136,107,998
15625,100,116,143,151,,121,117,82,85,85,85,82,85,85,,,121,117,,,,,,116,132,
15643,,,,,,,,76,76,76,76,,,,,,,,,,,,,,,
15647,97,107,135,151,,110,136,80,81,81,81,86,87,87,,,110,136,,,,,,107,108,
15835,146,138,139,101,998,139,144,88,95,95,95,91,80,80,139,139,144,144,139,139,998,998,998,141,139,998
15838,108,109,107,,998,101,141,77,74,74,74,77,74,74,998,998,101,141,998,998,998,998,998,109,107,998
15841,151,121,113,151,,118,114,80,111,111,111,87,87,87,,,118,114,,,,,,108,109,
15964,151,114,118,149,998,118,88,91,95,95,95,95,95,95,88,88,118,88,109,109,998,998,998,114,118,
15972,,,,149,,,,95,91,91,91,91,91,91,,,,,,,,,,998,998,
15976,998,,,149,,,,91,134,134,134,998,998,998,,,,,,,,,,136,135,
15985,,114,138,101,998,101,137,101,93,93,93,81,93,93,998,998,146,137,998,998,998,998,998,108,146,
15988,151,94,105,149,998,,110,92,92,92,92,92,92,92,110,110,94,110,110,110,998,998,998,94,138,
15992,151,138,138,,998,118,110,92,101,101,101,101,101,101,94,94,110,118,138,118,998,998,998,118,138,
16961,998,,,998,,998,998,88,88,88,88,998,998,998,998,998,998,998,998,998,998,998,998,998,998,998
16965,146,141,142,150,998,101,142,79,80,80,80,79,91,91,94,94,144,142,94,94,998,998,998,141,146,998
16967,,,,,,,,75,75,75,75,,,,107,107,,,107,107,,,,,,
16970,140,138,142,101,998,136,142,95,88,88,88,88,95,95,998,998,146,142,998,998,998,998,998,139,140,998
16973,146,139,138,101,998,146,140,95,91,91,91,88,95,95,150,150,140,140,103,103,998,998,998,140,146,998
16975,,,,,,109,,81,81,81,81,,,,,,109,,,,,,,109,105,
16980,136,133,135,149,998,101,92,91,88,88,88,91,88,88,998,998,101,92,998,998,998,998,998,135,133,998
16983,133,,,,,133,,95,95,95,95,,,,,,133,,104,104,,,,121,142,
17007,118,115,144,101,998,118,130,84,96,96,96,96,83,83,998,998,101,130,998,998,998,998,998,140,115,998
17010,110,109,105,101,998,101,107,96,77,77,77,96,93,93,106,106,,107,106,106,998,998,998,146,144,
17017,146,144,94,,998,,107,79,134,88,88,101,93,93,107,107,101,107,107,107,998,998,998,110,146,998
17023,132,94,125,83,998,127,144,85,124,82,82,85,124,124,998,998,127,144,998,998,,,998,125,94,998
17026,,,,,,,,88,88,88,88,,,,,,,,,,,,,,,
17030,,,,,,,,,,,,,,,,,,,,,,,,,,
17033,142,80,95,150,,133,150,134,88,88,88,88,134,134,146,146,133,150,146,146,,,,146,136,
17041,98,118,143,151,75,,,111,111,111,111,,,,117,117,,,98,98,,,,,,
17046,998,,,149,998,998,,140,140,140,140,,,,998,998,,998,998,998,998,998,998,140,133,
17052,87,108,142,89,,116,85,87,91,91,91,91,87,87,,,116,85,,,,,,108,107,
17054,998,998,998,150,998,146,998,137,140,140,140,998,998,998,93,150,146,998,150,150,998,998,,146,94,998
17058,98,138,144,98,998,110,105,95,93,93,93,95,93,93,998,998,110,105,998,998,998,998,998,110,107,998
17065,98,110,109,98,998,107,106,103,101,101,101,103,101,101,998,998,107,106,998,998,998,998,998,110,109,998
17068,,,,,,,,,,,,,,,,,,,,,,,,,,
17077,998,,,100,,,,82,86,85,124,82,124,124,998,998,,,,,,,,128,123,
17078,998,,,100,,,,82,85,86,86,82,86,86,,,,,,,,,,127,128,
17079,,,,100,,,,82,86,85,85,82,85,85,,,,,,,,,,127,76,
17080,,,,,,,,82,86,92,92,82,86,86,,,,,,,,,,123,124,
17098,,139,94,150,998,,142,93,79,79,79,79,101,101,998,998,,142,998,998,998,998,998,146,144,998
17101,,,,,,,,88,88,88,88,,,,,,,,,,,,,,,
17107,140,139,144,101,998,133,146,91,88,88,88,91,88,88,106,106,106,146,106,106,998,998,998,106,142,998
17111,88,136,135,,998,101,,88,92,92,92,88,101,101,109,109,101,,109,109,998,998,998,136,135,998
17114,78,107,108,151,,108,78,79,87,87,87,79,87,87,77,77,108,78,77,77,,,,107,108,
17117,,,,,,,,,,,,88,92,92,,,,,,,,,,,,
17121,136,109,107,76,,136,135,134,76,76,76,76,76,76,133,133,136,135,133,133,998,998,998,136,133,
17124,146,138,137,101,998,146,,95,92,92,92,95,92,92,998,998,146,,998,998,998,998,998,146,146,998
17127,98,105,107,98,998,110,106,81,98,98,98,81,98,98,998,998,110,106,998,998,998,998,998,105,107,998
17146,998,998,998,998,998,998,998,998,998,998,998,101,74,74,998,998,998,998,998,998,998,998,998,998,998,998
17147,998,998,998,101,998,998,998,92,92,92,92,998,998,998,998,998,998,998,998,998,998,998,998,998,998,998
17148,998,998,998,998,998,998,998,103,88,88,88,77,88,88,998,998,998,998,998,998,998,998,998,998,998,998
17149,998,998,998,998,998,998,998,92,88,88,88,88,92,92,998,998,998,998,998,998,998,998,998,998,998,998
17150,998,998,998,998,998,998,998,998,998,998,998,76,86,86,998,998,998,998,998,998,998,998,998,998,998,998
17151,,,,87,,,,103,103,103,103,93,74,74,,,,,,,,,,,,
17152,998,998,998,998,998,998,998,103,88,88,88,88,93,93,998,998,998,998,998,998,998,998,998,998,998,998
17153,,,,,,,,88,93,93,93,88,93,93,,,,,,,,,,,,
17154,,,,,,,,,,,,74,95,95,,,,,,,,,,,,
17155,,,,,,,,103,103,103,103,95,96,96,,,,,,,,,,,,
17156,,,,,,,,86,93,95,95,,,,,,,,,,,,,,,
17158,,,,149,,,,92,95,103,103,,,,,,,,,,,,,,,
17159,998,133,136,101,998,998,998,86,103,103,103,998,998,998,998,998,998,998,998,998,998,998,998,998,998,998
17160,998,133,136,101,998,998,998,88,95,139,139,998,998,998,998,998,998,998,998,998,998,998,998,998,998,998
17207,,,,98,,,,74,81,81,81,,,,,,,,,,,,,106,105,
17208,,,,149,,,,74,74,74,74,,,,,,,,,,,,,103,110,
17209,998,998,998,98,998,998,998,103,80,80,80,998,998,998,998,998,998,998,998,998,998,998,998,135,133,998
17210,998,998,998,98,998,998,998,76,76,76,76,998,998,998,998,998,998,998,998,998,998,998,998,110,118,998
17211,,,,98,,,,80,86,86,86,,,,,,,,,,,,,107,105,
17212,,,,87,,,,103,86,86,86,,,,,,,,,,,,,136,105,
17213,998,998,998,101,998,998,998,80,103,103,103,998,998,998,998,998,998,998,998,998,998,998,998,133,135,998
17214,,,,100,,,,81,86,86,86,,,,,,,,,,,,,133,135,
17215,,,,87,,,,103,79,79,79,,,,,,,,,,,,,133,136,
17216,,,,87,,,,103,86,86,86,,,,,,,,,,,,,135,133,
17217,,,,100,,,,86,86,86,86,,,,,,,,,,,,,133,137,
17218,,,,100,,,,80,111,111,111,,,,,,,,,,,,,133,108,
17219,,,,149,,,,103,103,103,103,,,,,,,,,,,,,136,135,
17220,,,,149,,,,75,80,80,80,,,,,,,,,,998,998,998,113,136,
17221,,,,149,,,,80,80,80,80,,,,,,,,,,,,,133,136,
17222,,,,,,,,77,102,102,102,,,,,,,,,,,,,107,136,
17260,,,,,,,,134,92,92,92,92,95,95,,,,,,,,,,,,
17261,,,,,,,,,,,,95,95,95,,,,,,,,,,,,
17262,,,,,,,,,,,,92,92,92,,,,,,,,,,,,
17263,998,136,133,98,998,998,998,91,95,95,95,998,998,998,998,998,998,998,998,998,998,998,998,136,133,998
17264,998,998,998,101,998,998,998,103,103,103,103,91,95,95,998,998,998,998,998,998,998,998,998,998,998,998
17280,,,,87,,,,103,111,111,111,,,,,,,,,,,,,136,108,
17281,,,,98,,,,103,75,75,75,103,103,103,,,,,,,,,,133,136,
17282,,,,101,,,,103,74,74,74,,,,,,,,,,,,,136,135,
17283,,,,100,,,,76,100,100,100,,,,,,,,,,,,,133,108,
17284,998,998,998,98,998,998,998,103,80,80,80,998,998,998,998,998,998,998,998,998,998,998,998,137,133,998
17316,,998,998,100,998,998,998,85,84,83,83,85,84,84,998,998,998,998,998,998,998,998,998,124,124,998
17317,998,998,998,150,998,998,998,124,84,84,84,84,124,124,998,998,998,998,998,998,998,998,998,127,132,998
17318,998,998,998,151,998,998,998,84,85,85,85,84,85,85,998,998,998,998,998,998,998,998,998,126,127,
17319,,,,149,,,,85,84,84,84,84,84,84,,,,,,,,,,127,126,
17320,,,,,,,,84,85,85,85,84,85,85,,,,,,,,,,126,127,
17335,998,998,998,998,998,998,998,,,,,998,998,998,998,998,998,998,998,998,998,998,998,998,998,998
17336,998,998,998,998,998,998,998,77,77,77,77,998,998,998,998,998,998,998,998,998,998,998,998,998,998,998
17337,998,998,998,998,998,998,998,88,88,88,88,998,998,998,146,146,998,998,133,133,998,998,998,998,998,998
17338,998,998,998,998,998,998,998,77,77,77,77,998,998,998,998,998,998,998,998,998,998,998,998,998,998,998
17352,998,998,998,998,998,998,998,101,101,101,101,998,998,998,105,105,998,998,105,105,998,998,998,998,998,998
17353,998,998,998,998,998,998,998,101,101,101,101,998,998,998,94,94,998,998,94,94,998,998,998,998,998,998
17363,136,146,137,87,,136,,104,104,104,104,87,87,87,,,136,,,,,,,146,105,
17364,106,108,105,98,,104,,81,79,79,79,79,79,79,,,106,,,,,,,105,104,
17365,104,140,146,150,,118,,95,74,74,74,81,81,81,,,118,,,,,,,121,118,
17366,118,115,110,98,998,146,998,151,151,151,151,93,93,93,998,998,146,998,998,998,998,998,998,146,138,998
17367,110,105,108,100,,,,75,74,74,74,75,75,75,,,108,,,,,,,134,103,
17369,106,,,98,,110,,81,74,74,74,74,74,74,,,110,,,,,,,121,116,
17370,110,133,107,98,998,137,998,79,79,79,79,998,998,998,998,998,107,998,998,998,998,998,998,121,107,998
17371,106,110,107,98,998,133,998,103,103,103,103,98,98,98,998,998,117,998,998,998,998,998,998,121,117,998
17372,98,105,106,75,,110,,81,79,79,79,93,93,93,,,117,,,,,,,121,114,
17373,108,94,81,74,,94,,74,76,76,76,,,,,,94,,,,,,,121,116,
17374,106,107,105,101,998,110,107,81,77,77,77,77,77,77,998,998,107,998,998,998,998,998,998,110,106,998
17375,106,107,75,150,,105,,80,81,81,81,77,77,77,,,105,,,,,,,103,110,
17376,140,137,115,100,998,115,998,111,81,81,81,77,77,77,998,998,137,998,998,998,998,998,998,106,106,998
17377,76,136,107,74,,107,,80,75,75,75,,,,,,118,,,,,,,108,107,
17378,110,103,116,76,,74,,77,81,81,81,81,81,81,,,106,,,,,,,107,108,
17379,78,94,91,100,80,106,,81,80,86,86,96,96,96,,,109,,,,,,,111,78,
17380,98,109,116,98,,108,,75,77,77,77,,,,,,116,,,,,,,121,116,
17381,136,137,142,87,,134,,80,81,81,81,,,,,,134,,,,,,,109,134,
17382,98,107,100,98,998,107,998,77,103,103,103,998,998,998,998,998,107,998,998,998,998,998,998,107,109,998
17383,98,133,121,98,998,121,998,77,115,115,115,998,998,998,998,998,107,998,998,998,998,998,998,121,93,998
17388,148,104,108,148,76,104,,104,75,103,103,,,,107,107,104,,107,107,,,,107,108,
17389,148,133,135,148,150,136,104,80,96,86,103,74,75,75,998,998,117,86,998,998,998,998,998,107,109,998
17391,148,134,118,100,,108,113,80,78,104,104,78,76,75,,,108,113,,,,,,133,121,
17401,98,118,117,74,,110,106,81,77,77,77,81,77,77,,,110,106,,,,,,110,105,
17403,110,137,105,101,998,137,105,101,92,92,92,101,92,92,998,998,110,105,998,998,998,998,998,107,110,998
17416,98,108,109,98,,105,,80,74,111,111,,,,113,113,108,,113,113,,,,108,105,
17417,142,94,104,98,,142,,80,75,134,74,,,,113,113,139,,109,109,,,,142,139,
17419,132,115,117,100,,120,,74,75,80,80,,,,,,115,,,,,,,108,132,
17420,108,105,133,98,998,134,998,88,111,80,74,998,998,998,115,115,134,998,115,115,998,998,998,133,134,998
17461,136,114,135,96,,136,105,76,92,92,92,76,76,76,,,136,105,,,,,,133,105,
17477,142,110,103,88,,114,107,88,74,74,74,74,93,93,,,142,107,,,,,,142,118,
17534,101,133,136,101,998,101,103,101,86,86,86,101,95,86,998,998,110,103,998,998,998,998,998,142,133,998
17535,146,133,94,101,998,101,77,74,86,86,86,101,74,74,998,998,110,77,998,998,998,998,998,110,146,998
19727,106,137,107,87,,110,146,80,90,90,90,77,87,87,106,106,110,146,106,106,,,,136,135,
19730,998,998,998,998,998,998,998,90,90,90,90,998,998,998,142,142,998,998,146,146,998,998,998,998,998,998
19735,142,137,135,151,998,101,142,81,95,86,86,86,95,95,103,103,110,142,103,103,998,998,998,110,107,998
19738,140,133,106,101,998,101,106,86,77,77,77,86,77,77,103,103,110,106,103,103,998,998,998,136,133,998
19741,118,116,120,100,998,117,150,75,82,103,103,111,103,103,108,108,108,150,116,116,,,,116,120,
19769,146,137,124,149,998,94,137,84,95,95,95,93,92,92,998,998,89,137,998,998,998,998,998,127,129,
19787,146,137,141,151,998,146,100,86,85,85,85,85,86,86,998,998,101,100,998,998,998,998,998,146,127,998
19908,86,79,81,101,998,110,107,80,81,81,81,86,93,93,998,998,101,107,998,998,998,998,998,136,133,998
19911,118,114,117,101,998,110,121,77,86,86,86,101,101,101,108,108,110,121,108,108,998,998,998,121,114,998
19914,,998,998,,998,998,998,101,101,101,101,998,998,998,106,106,998,998,110,110,998,998,998,998,998,998
19920,142,113,107,87,,113,,81,103,103,103,,,,107,107,113,,107,107,,,,107,142,
19924,132,107,109,101,998,132,998,101,77,77,77,101,77,77,135,135,101,998,135,135,998,998,998,107,109,998
19927,118,96,104,74,,118,104,92,96,96,96,92,92,92,998,998,118,104,998,998,998,998,,118,136,
19936,132,129,126,101,998,101,132,124,93,93,93,93,96,96,126,126,101,132,129,129,998,998,998,118,115,998
19939,140,94,138,96,,94,140,92,93,93,93,92,92,92,95,95,94,140,95,95,,,,94,138,
19942,110,94,138,101,998,146,137,77,92,92,92,101,74,74,106,106,101,137,106,106,998,998,998,94,137,998
19947,142,146,107,151,998,101,94,80,86,86,86,80,86,86,998,998,101,94,998,998,998,998,998,105,108,998
19953,142,138,137,100,998,,142,84,93,95,95,84,93,93,998,998,138,142,998,998,998,998,998,74,93,998
19956,81,101,133,148,998,101,998,92,81,81,81,92,95,95,142,142,101,998,142,142,998,998,998,104,108,998
19959,,,,149,,,,95,92,92,92,,,,,,,,,,,,,,,
19963,108,109,80,98,998,140,104,75,80,80,80,75,80,80,998,998,140,104,998,998,998,998,998,108,107,998
19971,108,105,113,150,998,104,150,74,95,95,95,74,95,95,998,998,104,150,998,998,998,998,998,118,105,998
19974,110,107,121,150,,118,121,75,103,87,87,87,92,92,,,118,121,,,,,,121,115,
19977,106,105,81,98,998,110,105,79,98,98,98,98,79,79,998,998,110,105,998,998,998,998,998,106,110,998
19985,998,998,998,998,998,998,998,998,998,998,998,998,998,998,107,107,998,998,106,106,998,998,998,998,998,998
19989,124,129,125,151,,142,,85,100,151,151,85,151,151,,,129,85,,,,,,129,127,
19996,107,104,108,101,998,107,998,78,76,76,76,75,75,75,134,134,107,998,134,134,998,998,998,118,107,998
20000,107,108,133,151,,149,,86,103,103,103,86,103,103,137,137,136,,137,137,,,,107,108,
20008,127,130,141,150,,150,130,84,84,84,84,84,84,84,94,94,94,130,94,94,,,,126,127,
20014,148,105,136,151,149,132,103,95,92,92,92,103,74,74,998,998,94,105,998,998,998,998,998,117,135,998
20017,108,109,134,98,998,104,998,103,74,74,74,998,998,998,109,109,108,998,134,134,998,998,998,109,135,998
20024,100,117,117,,96,,142,111,111,111,111,74,74,74,,,,142,,,,,,,,
20026,106,146,109,151,998,118,106,92,77,77,77,77,77,77,109,109,146,106,110,110,998,998,998,138,146,998
20030,132,123,141,101,998,132,93,151,96,96,96,151,101,101,998,998,101,93,998,998,998,998,998,146,94,998
20033,146,109,113,101,998,146,137,93,151,151,151,151,101,101,998,998,101,137,998,998,998,998,998,118,109,998
20039,998,998,998,998,101,998,142,111,111,111,111,101,101,101,998,998,998,142,998,998,998,998,998,117,142,998
20047,,,,,,,,85,86,102,102,86,85,85,,,,,,,,,,128,141,
20051,998,998,998,998,998,998,998,103,103,103,103,998,998,998,998,998,998,998,998,998,998,998,998,998,998,998
20055,,,,,,,,76,76,76,76,,,,142,142,,,94,94,,,,,,
20059,106,135,136,76,,135,106,93,88,88,88,88,93,93,,,142,106,,,,,,135,136,
20062,136,133,135,96,,136,142,95,88,88,88,88,95,95,142,142,102,142,142,142,,,,133,135,
20065,146,143,121,96,,139,121,80,88,88,88,80,88,88,115,115,143,121,115,115,,,,146,140,
20067,78,109,107,100,,110,,79,77,75,75,,,,,,137,,,,,,,104,107,
20079,136,135,137,96,,136,,88,86,91,91,86,86,86,,,102,,,,,,,108,107,
20084,98,133,126,151,,109,109,75,74,85,84,,,,114,114,127,114,114,114,,,,121,127,
20087,146,138,137,102,998,146,,92,93,93,93,93,92,92,106,106,146,,106,106,998,998,998,146,137,998
20096,132,128,146,96,,127,146,86,96,96,96,86,86,86,,,127,146,,,,,,128,146,
20099,146,85,129,101,,139,129,93,92,92,92,85,92,93,,,102,129,,,,,,96,138,
21142,149,132,126,83,,125,130,87,84,84,84,149,87,87,128,128,125,130,128,128,,,,128,132,
22400,998,998,998,83,998,998,998,92,102,85,85,86,85,85,998,998,998,998,998,998,998,998,998,141,129,998
22407,110,,,101,,106,107,102,92,81,81,81,92,92,,,101,107,,,,,,,,
22408,106,109,134,98,998,106,109,80,111,111,111,80,111,111,98,98,110,109,98,98,998,998,998,134,106,998
22409,110,113,138,101,998,101,134,104,80,80,80,80,80,80,105,105,101,134,105,105,998,998,998,109,113,998
22410,106,94,108,98,998,110,107,98,81,81,81,98,81,81,105,105,106,107,94,94,998,998,998,106,108,998
22547,998,998,998,149,998,998,998,93,82,82,82,90,82,82,998,998,998,998,998,998,998,998,998,125,128,998
22548,,,,,,,,88,96,82,82,88,96,96,,,,,,,,,,141,125,
22549,,,,83,,,,85,82,86,86,86,82,82,,,,,,,,,,128,124,
22550,,,,83,,,,92,82,82,82,92,82,82,,,,,,,,,,128,125,
22563,,,,,,,,96,96,96,96,,,,,,,,,,,,,,,
22564,,,,,,,,,,,,,,,,,998,,,,,,,,,
22565,998,998,998,998,998,998,998,103,103,103,103,998,998,998,998,998,998,998,998,998,998,998,998,998,998,998
22566,,,,,,,,92,92,92,92,,,,,,,,,,,,,,,
22581,,,,,,,,102,102,102,102,,,,96,96,,,96,96,,,,,,
22582,,,,,,,,81,81,81,81,,,,106,106,,,106,106,,,,,,
22583,,,,,,,,77,77,77,77,,,,138,138,,,138,138,,,,,,
22584,,,,,,,,88,88,88,88,,,,142,142,,,150,150,,,,,,
22618,998,998,998,998,998,998,998,74,76,76,76,74,76,76,998,998,998,998,998,998,998,998,998,998,998,998
22619,,,,,,,,88,93,93,93,93,88,88,,,,,,,,,,,,
22620,,,,,,,,96,92,92,92,92,96,96,,,,,,,,,,,,
22621,998,998,998,998,998,998,998,81,81,81,81,81,74,74,998,998,998,998,998,998,998,998,998,998,998,998
22622,,,,,,,,88,96,96,96,88,96,96,,,,,,,,,,,,
22623,,,,,,,,96,93,93,93,93,96,96,,,,,,,,,,,,
22624,,,,,,,,91,93,93,93,91,93,93,,,,,,,,,,,,
22625,,,,102,,,,88,93,74,74,,,,,,,,,,,,,,,
22626,,,,,,,,77,75,75,75,81,91,91,,,,,,,,,,,,
22627,,,,,,,,88,93,103,103,,,,,,,,,,,,,,,
22628,,,,,,,,88,93,93,93,86,88,88,,,,,,,,,,,,
22629,,,,,,,,88,95,95,95,88,95,95,,,,,,,,,,,,
22630,,,,,,,,88,93,93,93,88,93,93,,,,,,,,,,,,
22631,,,,,,,,93,95,95,95,93,95,95,,,,,,,,,,,,
22632,,,,,,,,91,93,93,93,88,88,88,,,,,,,,,,,,
22633,,,,102,,,,92,88,88,88,88,92,92,,,,,,,,,,,,
22634,998,998,998,102,998,998,998,91,88,92,92,998,998,998,998,998,998,998,998,998,998,998,998,998,998,998
22635,,,,102,,,,86,91,91,91,,,,,,,,,,,,,,,
22636,,,,102,,,,88,95,95,95,,,,,,,,,,,,,,,
22637,998,998,998,101,998,998,998,95,95,95,95,92,88,88,998,998,998,998,998,998,998,998,998,998,998,998
22638,998,998,998,101,998,998,998,103,91,91,91,88,88,88,998,998,998,998,998,998,998,998,998,998,998,998
22710,998,998,998,98,998,998,998,103,80,80,80,998,998,998,998,998,998,998,998,998,998,998,998,117,107,998
22711,998,998,998,98,998,998,998,103,80,80,80,998,998,998,998,998,998,998,998,998,998,998,998,105,133,998
22712,998,998,998,98,998,998,998,103,78,78,78,998,998,998,998,998,998,998,998,998,998,998,998,106,137,998
22713,998,998,998,149,998,998,998,74,110,110,110,998,998,998,998,998,998,998,998,998,998,998,998,133,105,998
22715,,,,100,,,,81,75,75,75,,,,,,,,,,,,,106,105,
22716,,,,100,,,,86,86,86,86,,,,,,,,,,,,,133,137,
22717,,,,100,,,,86,103,103,103,,,,,,,,,,,,,133,136,
22718,,,,100,,,,86,75,75,75,,,,,,,,,,,,,136,106,
22719,,,,150,,,,74,103,103,103,,,,,,,,,,,,,136,105,
22720,,,,100,,,,75,74,74,74,,,,,,,,,,,,,136,137,
22721,,,,100,,,,86,86,86,86,,,,,,,,,,,,,133,108,
22722,,,,100,,,,86,110,110,110,,,,,,,,,,,,,110,108,
22723,,,,149,,,,86,75,75,75,,,,,,,,,,,,,113,133,
22724,,,,150,,,,78,86,86,86,,,,110,110,,,110,110,,,,110,137,
22725,,,,100,,,,75,74,74,74,,,,,,,,,,,,,133,136,
22726,,,,102,,,,103,96,96,96,,,,,,,,,,,,,136,113,
22727,998,998,998,101,998,998,998,75,80,80,80,998,998,998,998,998,998,998,998,998,998,998,998,136,133,998
22728,,,,87,,,,75,80,80,80,,,,,,,,,,,,,141,130,
22730,,,,100,,,,75,80,80,80,,,,,,,,,,,,,108,113,
22731,,,,100,,,,103,103,103,103,,,,,,,,,,,,,136,133,
22732,,,,100,,,,78,80,80,80,,,,109,109,,,109,109,,,,133,75,
22783,,,,149,,,,85,84,84,84,84,85,85,,,,,,,,,,127,132,
22784,,,,89,,,,85,84,124,124,85,84,84,,,,,,,,,,129,141,
22785,,,,151,,,,86,85,85,85,84,85,85,,,,,,,,,,130,126,
22786,,,,83,,,,84,85,82,82,84,85,85,,,,,,,,,,124,127,
22795,106,133,105,98,998,110,998,78,78,78,78,98,98,98,998,998,107,998,998,998,998,998,998,121,117,
22796,110,133,135,98,998,106,998,81,78,78,78,98,98,98,998,998,143,998,998,998,998,998,998,121,114,998
22797,106,107,137,74,998,110,998,81,79,79,79,79,79,79,998,998,108,998,998,998,998,998,998,110,106,998
22798,106,110,107,98,998,110,998,998,998,998,998,998,998,998,998,998,116,998,998,998,998,998,998,114,116,998
22799,106,110,107,74,998,110,998,103,74,74,74,998,998,998,998,998,118,998,998,998,998,998,998,118,74,998
22800,142,114,107,76,,,,75,74,76,76,79,79,79,,,78,,,,,,,118,143,
22801,93,91,142,100,,142,,74,75,75,75,,,,,,110,,,,,,,121,117,
22802,106,105,78,100,,,,91,103,103,103,,,,,,,,,,,,,81,81,
22803,133,138,103,100,,106,,81,75,75,75,75,75,75,,,106,,,,,,,114,121,
22804,142,138,146,100,,106,,75,75,75,75,,,,,,106,,,,,,,114,106,
22805,110,107,109,89,,104,,104,103,103,103,,,,,,110,,,,,,,107,109,
22806,90,88,104,75,,,,75,74,81,81,,,,,,106,,,,,,,113,133,
22807,102,142,138,100,,106,,79,78,78,78,,,,,,134,,,,,,,107,115,
22808,149,142,140,100,,142,,75,78,81,81,,,,,,142,,,,,,,114,121,
22809,102,138,146,150,,146,,75,81,81,81,,,,,,106,,,,,,,103,108,
22810,107,133,109,98,998,143,998,78,75,75,75,80,80,80,998,998,117,998,998,998,998,998,998,117,121,998
22811,133,108,136,98,998,113,998,86,111,111,111,998,998,998,998,998,121,998,998,998,998,998,998,121,114,998
22812,142,109,142,98,998,142,998,91,88,88,88,998,998,998,998,998,91,998,998,998,998,998,998,142,117,998
22813,107,107,109,98,998,108,998,111,103,103,103,998,998,998,998,998,114,998,998,998,998,998,998,114,143,998
22814,136,106,134,98,998,106,998,93,98,98,98,98,98,98,998,998,117,998,998,998,998,998,998,118,117,998
22815,136,105,134,100,,113,,90,95,95,95,,,,,,113,,,,,,,143,134,
22816,110,105,104,98,998,108,998,104,111,111,111,75,75,75,998,998,110,998,998,998,998,998,998,136,143,998
22817,109,105,134,100,,,109,111,111,111,111,81,81,81,,,109,,,,,,,109,134,
22822,148,94,113,100,149,118,128,74,84,78,78,78,75,75,,,141,107,,,,,,143,126,
22823,148,107,114,98,149,108,109,75,74,78,78,98,75,74,998,998,108,109,998,998,998,998,998,109,101,998
22824,148,143,113,100,100,108,109,74,80,82,82,74,96,96,,,92,109,,,,,,107,116,
22825,148,107,108,100,149,109,134,78,80,84,85,80,85,86,,,109,108,,,,,,143,107,
22830,110,,,100,,109,,75,81,95,95,,,,,,108,,,,,,,134,107,
22831,103,108,109,149,,78,78,103,111,111,111,,,,107,107,78,,107,107,,,,134,136,
22832,108,113,106,100,,,,74,75,78,81,,,,,,107,,,,,,,108,134,
22833,110,113,134,100,,108,,75,78,86,88,,,,107,107,108,,107,107,,,,75,108,
22834,78,135,142,100,,139,,75,77,78,86,140,140,140,110,110,139,,110,110,,,,139,107,
22835,108,105,113,100,,135,,74,75,78,78,,,,,,134,,,,,,,108,134,
22836,142,94,80,100,,108,,75,78,93,92,,,,,,108,,,,,,,108,136,
22837,111,134,105,100,,105,,75,80,78,124,,,,133,133,105,,133,133,,,,134,117,
22838,134,78,104,100,,105,,74,75,80,88,,,,136,136,105,,136,136,,,,78,135,
22879,127,128,132,83,,132,125,82,85,85,85,82,85,85,,,132,125,,,,,,125,132,
22942,142,109,135,100,,142,136,77,78,75,74,74,78,78,,,107,136,,,,,,94,133,
22966,998,998,998,998,998,998,998,103,103,103,103,998,998,998,998,998,998,998,998,998,998,998,998,998,998,998
22970,127,141,128,83,,146,139,96,92,92,92,88,93,93,138,138,102,139,138,138,,,,146,142,
22975,,,,,,,,102,102,102,102,,,,,,,,,,,,,,,
22979,146,142,139,97,,,142,86,88,88,88,86,88,95,,,97,,,,,,,146,139,
22984,140,139,138,96,,139,136,92,88,88,88,88,92,92,,,151,108,,,,,,139,103,
22987,136,140,142,151,998,101,998,102,95,91,91,95,91,91,136,136,101,998,136,136,998,998,998,74,104,998
22990,108,133,109,101,998,140,151,78,88,76,76,76,88,88,998,998,101,151,998,998,998,998,998,133,136,998
22993,998,998,998,151,998,998,998,103,92,92,92,92,92,92,998,998,998,998,998,998,998,998,998,136,133,998
23007,146,138,114,102,998,146,114,95,95,95,95,96,92,92,998,998,146,114,998,998,998,998,998,146,138,998
23010,118,105,107,98,998,110,109,80,81,81,81,80,81,81,998,998,107,109,998,998,998,998,998,107,105,998
23021,146,106,105,100,,,105,81,78,96,96,88,96,96,,,146,,,,,,,142,146,
23024,110,118,117,149,,125,117,78,75,91,91,75,84,84,,,125,117,,,,,,110,117,
23027,88,133,136,96,,108,118,86,88,88,88,88,86,86,,,102,118,,,,,,133,136,
23030,136,113,133,101,,102,,128,80,80,80,,,,,,136,,,,,,,113,133,
23033,151,127,137,87,,141,137,88,84,84,84,88,88,88,,,141,137,,,,,,130,137,
23036,116,143,117,100,,105,121,74,95,80,80,95,88,88,113,113,105,113,113,113,,,,143,117,
23039,127,143,141,101,998,127,143,85,86,86,86,85,86,86,998,998,101,143,998,998,998,998,998,94,141,998
23042,146,141,123,96,,141,128,85,86,82,82,85,86,86,,,102,128,,,,,,146,129,
23045,136,,,96,,136,146,92,88,96,96,88,93,93,133,133,102,146,133,133,,,,146,138,
23061,78,142,110,100,,,136,78,91,92,95,95,87,87,142,142,106,136,142,142,,,,146,116,
23064,,106,107,96,,,136,86,88,93,95,88,93,93,104,104,102,136,104,104,,,,,,
23640,,,,83,,,,86,82,82,82,82,86,86,,,,,,,,,,127,141,
23641,,,,101,,,,92,82,101,101,92,82,82,,,,,,,,,,125,141,
23642,,,,87,,,,82,85,88,88,82,85,85,,,,,,,,,,126,141,
23643,,,,151,,,,92,82,82,82,92,82,82,,,,,,,,,,127,128,
23674,,,,150,,,,92,91,91,91,92,91,91,,,,,,,,,,,,
23675,998,998,998,101,998,998,998,88,92,95,95,998,998,998,998,998,998,998,998,998,998,998,998,998,998,998
23676,998,998,998,101,998,998,998,88,95,92,92,998,998,998,998,998,998,998,998,998,998,998,998,998,998,998
23677,,,,,,,,88,95,95,95,88,95,95,,,,,,,,,,,,
23684,998,998,998,998,998,998,998,93,93,93,93,998,998,998,998,998,998,998,998,998,998,998,998,998,998,998
23685,,,,,,,,88,93,93,93,88,93,93,,,,,,,,,,,,
23686,998,998,998,998,998,998,998,998,998,998,998,96,93,93,998,998,998,998,998,998,998,998,998,998,998,998
23687,998,133,110,101,998,998,998,,,,,998,998,998,998,998,998,998,998,998,998,998,998,998,998,998
23688,,,,,,,,88,93,93,93,88,93,93,,,,,,,,,,,,
23689,,,,,,,,88,91,91,91,88,91,91,,,,,,,,,,,,
23690,,,,,,,,88,93,93,93,88,93,93,,,,,,,,,,,,
23691,,,,,,,,93,149,149,149,93,149,149,,,,,,,,,,,,
23692,,,,,,,,93,95,95,95,93,91,91,,,,,,,,,,,,
23693,,,,,,,,74,81,81,81,74,81,81,,,,,,,,,,,,
23694,,,,,,,,92,91,91,91,92,91,91,,,,,,,,,,,,
23695,,,,,,,,77,88,88,88,77,93,93,,,,,,,,,,,,
23762,,,,100,,,,80,103,103,103,,,,,,,,,,,,,108,115,
23763,,,,100,,,,85,80,80,80,,,,,,,,,,,,,113,109,
23764,,,,102,,,,78,100,100,100,,,,,,,,,,,,,113,118,
23765,,,,97,,,,78,78,78,78,,,,,,,,,,,,,133,136,
23766,,,,150,,,,127,127,127,127,,,,,,,,,,,,,133,136,
23772,,,,149,,,,103,81,81,81,,,,,,,,,,,,,110,133,
23773,,,,150,,,,77,80,80,80,,,,,,,,,,,,,107,105,
23774,,,,150,,,,78,80,80,80,,,,,,,,,,,,,106,107,
23775,998,998,998,98,998,135,998,78,74,74,74,998,998,998,998,998,135,998,998,998,998,998,998,135,110,998
23776,,,,100,,,,77,103,103,103,,,,,,,,,,,,,133,136,
23777,,,,100,,,,150,150,150,150,,,,,,,,,,,,,105,136,
23778,,,,151,,,,78,78,78,78,,,,,,,,,,,,,107,110,
23779,,,,,,,,111,77,77,77,,,,,,,,,,,,,105,136,
23780,,,,151,,,,77,103,103,103,,,,,,,,,,,,,106,114,
23781,,,,102,,,,78,111,111,111,,,,,,,,,,,,,110,133,
23782,,,,100,,,,78,79,79,79,,,,,,,,,,,,,106,107,
23783,,,,,,,,78,78,78,78,,,,,,,,,,,,,133,137,
23790,,,,83,,,,84,96,89,89,84,96,96,,,,,,,,,,128,127,
23791,,,,87,,,,84,85,85,85,85,84,84,,,,,,,,,,127,132,
23792,,,,150,,,,82,84,85,85,82,85,85,,,,,,,,,,127,127,
23793,,,,150,,,,84,85,85,85,84,85,85,,,,,,,,,,132,78,
23806,998,998,998,998,998,998,998,88,88,88,88,998,998,998,998,998,998,998,998,998,998,998,998,998,998,998
23807,998,998,998,998,998,998,998,,,,,998,998,998,998,998,,998,998,998,998,998,998,998,998,998
23808,998,998,998,998,998,998,998,96,96,96,96,998,998,998,998,998,998,998,998,998,998,998,998,998,998,998
23809,998,998,998,998,998,998,998,,,,,998,998,998,998,998,998,998,998,998,998,998,998,998,998,998
23822,,,,,,,,88,88,88,88,,,,136,136,,,102,102,,,,,,
23823,,,,102,,,,,,,,,,,136,136,,,136,136,,,,,,
23824,,,,,,,,78,78,78,78,,,,106,106,,,106,106,,,,,,
23825,,,,,,,,149,149,149,149,,,,136,136,,,136,136,,,,,,
23834,98,107,109,98,998,74,998,111,77,77,77,998,998,998,998,998,118,998,998,998,998,998,998,118,107,
23835,100,109,107,87,,107,,111,88,88,88,,,,,,107,,,,,,,111,109,
23836,100,109,107,101,,74,,77,74,74,74,,,,,,107,,,,,,,113,118,
23837,,142,138,97,,77,,77,76,76,76,,,,,,77,,,,,,,134,107,
23838,107,74,74,98,998,107,998,74,75,75,75,998,998,998,998,998,75,998,998,998,998,998,998,105,107,998
23839,104,108,110,98,998,100,998,75,75,75,75,90,90,90,998,998,146,998,998,998,998,998,998,146,113,998
23840,96,137,140,100,,104,,95,90,90,90,,,,,,104,,,,,,,106,113,
23841,149,94,105,96,,105,,80,81,81,81,80,80,80,,,106,,,,,,,104,110,
23842,111,,,100,,105,,111,104,104,104,,,,,,143,,,,,,,143,105,
23844,110,107,105,150,,81,,81,77,77,77,77,77,77,,,110,,,,,,,134,118,
23845,106,81,105,150,,76,,80,77,77,77,79,79,79,,,109,,,,,,,134,114,
23846,106,107,133,98,998,110,998,78,109,109,109,998,998,998,998,998,114,998,998,998,998,998,998,107,114,998
23847,110,142,138,100,,106,107,74,81,81,81,77,77,77,,,106,,,,,,,134,114,
23848,78,105,107,100,,76,134,79,76,76,76,,,,,,76,,,,,,,114,134,
23849,106,137,105,151,,106,,77,79,79,79,,,,,,137,,,,,,,107,114,
23851,106,,,100,,106,,76,81,81,81,,,,,,106,,,,,,,114,134,
23852,142,78,77,100,,142,,74,81,81,81,,,,,,134,,,,,,,143,134,
23853,,,,100,,,,79,77,77,77,,,,,,,,,,,,,106,107,
23854,142,139,146,102,,142,,93,88,88,88,,,,,,142,,,,,,,140,138,
23862,148,107,118,100,149,109,134,80,74,77,77,74,77,77,,,150,113,,,,,,113,113,
23863,,118,109,100,150,118,134,84,85,104,111,76,74,85,,,143,134,,,,,,114,107,
23864,148,108,133,100,150,108,118,74,75,80,85,74,77,75,,,108,118,,,,,,133,108,
23886,140,137,139,101,998,107,998,91,92,103,103,998,998,998,998,998,101,998,998,998,998,998,998,140,137,998
23887,118,107,113,87,,118,,104,74,74,74,,,,113,113,118,,113,113,,,,118,109,
23888,,,,,,,,,,,,,,,,,,,,,,,,,,
23889,,105,113,100,,109,,77,95,104,111,,,,,,109,,,,,,,136,113,
23890,,108,105,74,,108,,75,74,92,96,,,,113,113,108,,113,113,,,,105,113,
23891,106,110,113,87,,107,,91,88,74,74,,,,110,110,107,,110,110,,,,113,107,
23892,142,143,96,100,,143,,88,91,92,93,,,,,,143,,,,,,,143,139,
23893,,113,113,100,,109,,77,79,81,96,,,,146,146,109,,146,146,,,,,,
23937,106,107,115,149,998,106,109,92,93,93,93,93,93,93,998,998,106,109,998,998,998,998,998,105,107,
23989,106,105,107,150,998,106,105,80,150,150,150,80,98,98,113,113,110,105,113,113,998,998,998,106,105,998
24032,,,,100,,,,80,80,80,80,88,95,95,,,,,,,,,,,,
24033,998,998,998,101,998,998,998,998,998,998,998,92,95,95,998,998,998,998,998,998,998,998,998,998,998,998
24034,998,998,998,998,998,998,998,998,998,998,998,95,101,101,998,998,998,998,998,998,998,998,998,998,998,998
24035,,,,150,,,,91,95,111,111,,,,,,,,,,,,,,,
24036,998,998,998,98,998,998,998,91,88,88,88,88,91,91,998,998,998,998,998,998,998,998,998,998,998,998
24052,998,998,998,100,998,998,998,103,78,78,78,78,103,103,998,998,998,998,998,998,998,998,998,136,107,998
24053,,,,100,,,,111,80,80,80,,,,,,,,,,,,,133,143,
24054,,,,150,,,,78,77,77,77,,,,,,,,,,,,,105,94,
24055,,,,150,,,,111,77,77,77,,,,,,,,,,,,,136,105,
24056,998,998,998,100,998,998,998,74,111,111,111,98,98,98,998,998,998,998,998,998,998,998,998,105,133,998
24070,140,140,137,101,998,140,998,75,95,95,95,95,95,95,101,101,101,998,101,101,998,998,998,140,137,998
24073,107,117,116,83,,117,121,74,80,84,85,85,84,84,,,117,78,,,,,,117,116,
24075,,,,87,,134,,88,91,91,91,,,,109,109,134,,109,109,,,,108,107,
24079,998,998,998,98,998,998,998,91,92,92,92,88,91,91,998,998,998,998,998,998,998,998,998,998,998,998
24083,136,109,135,101,998,136,101,88,101,101,101,101,88,88,121,121,135,116,121,121,998,998,998,121,109,998
24086,146,138,137,101,998,146,137,95,96,96,96,92,95,95,998,998,101,137,998,998,998,998,998,107,138,998
24092,,138,137,83,,137,,88,96,101,101,96,88,88,,,92,,,,,,,,,
24100,998,998,998,998,998,998,998,103,103,103,103,998,998,998,998,998,998,998,998,998,998,998,998,998,998,998
24108,146,,,102,,146,110,88,91,91,91,88,91,91,,,74,110,,,,,,91,142,
24658,,,,,,,,79,79,79,79,,,,133,133,,,133,133,,,,,,
24662,146,142,138,102,,138,142,88,91,78,78,91,78,78,,,146,142,,,,,,142,138,
24665,128,130,125,151,,125,142,91,91,91,91,84,89,89,,,125,142,,,,,,128,126,
24668,142,140,91,151,998,140,142,92,101,101,101,151,92,92,998,998,,142,998,998,998,998,998,133,140,998
24671,998,998,998,98,998,998,998,88,95,95,95,88,98,98,998,998,998,998,998,998,998,998,998,998,998,998
24675,,,,100,,,,78,80,80,80,,,,109,109,,,109,109,,,,133,75,
24682,118,,,74,,118,140,74,92,93,93,93,92,92,,,102,140,,,,,,138,137,
24685,107,,,101,998,146,107,88,79,79,79,102,88,88,998,998,101,107,998,998,998,998,,146,139,998
24691,127,128,125,83,,132,125,82,124,85,85,82,85,85,,,132,125,,,,,,125,132,
25907,,146,139,102,,142,146,88,91,79,79,88,91,91,,,78,146,,,,,,108,107,
25910,,,,,,,,,,,,,,,,,,,,,,,,110,105,
25920,78,133,146,98,,146,98,93,81,86,86,81,93,93,102,102,104,98,102,102,,,,108,106,
26077,142,137,140,101,998,140,998,92,91,91,91,92,91,91,136,136,140,998,136,136,998,998,998,140,137,998
26082,109,108,113,101,998,140,,101,91,91,91,101,91,91,998,998,109,,998,998,998,998,998,109,113,998
26100,107,113,109,101,998,101,105,93,79,77,77,93,81,81,104,104,101,105,104,104,998,998,998,107,109,998
26103,106,113,115,100,,105,107,74,79,80,80,81,77,77,101,101,105,107,101,101,,,,143,113,
26107,146,139,137,151,998,101,137,101,101,101,101,92,93,93,,,146,137,,,998,998,998,139,146,998
26116,142,146,138,102,,,142,88,91,81,81,88,91,91,,,,142,,,,,,142,146,
26119,136,77,110,76,,110,136,96,95,91,91,91,95,95,,,102,136,,,,,,110,136,
26122,110,113,107,100,,118,143,77,79,81,81,77,81,81,,,110,143,,,,,,74,110,
26125,136,133,139,101,,,,78,92,80,80,80,80,80,102,102,102,,136,136,,,,,,
26128,88,136,95,101,998,136,76,80,74,104,104,74,80,80,101,101,101,76,101,101,998,998,998,136,133,998
26131,146,138,140,150,998,115,143,95,96,93,93,95,93,93,998,998,101,143,998,998,998,998,998,146,138,998
26134,106,105,109,150,,106,143,111,81,81,81,81,111,111,113,113,106,143,113,113,,,,129,125,
26137,,,,101,,102,139,88,92,92,92,93,88,88,139,139,139,139,139,139,,,,,,
26149,118,134,133,76,,133,114,88,93,93,93,93,88,88,136,136,146,136,136,136,,,,114,134,
26152,110,,,100,,110,,104,92,92,92,92,74,74,,,110,,89,89,,,,110,148,
26155,142,,,102,,146,,88,92,93,81,88,95,95,,,102,,,,,,,107,110,
26165,107,133,136,101,998,101,136,85,84,84,84,84,85,85,998,998,101,136,998,998,998,998,998,107,133,998
26171,81,109,113,100,,109,110,81,80,80,80,80,80,80,,,109,110,,,,,,110,109,
26175,143,105,94,150,998,101,105,150,101,101,101,150,150,150,137,137,101,105,137,137,998,998,998,94,138,
26193,146,132,141,150,,146,142,85,124,86,86,85,86,86,,,136,150,,,,,,146,136,
26199,142,113,139,96,,146,142,74,78,115,115,77,88,88,,,113,142,106,106,,,,106,113,
26202,132,124,130,97,,132,124,84,91,91,91,84,91,91,,,91,124,,,,,,139,132,
26205,142,132,114,101,998,142,140,80,88,88,88,88,80,80,998,998,101,140,998,998,998,998,998,140,142,998
26208,106,109,110,98,998,146,138,95,93,93,93,93,95,95,142,142,146,138,142,142,998,998,998,106,105,998
26216,,,,83,,,,82,93,93,93,82,93,93,,,,,,,,,,139,128,
26217,,,,151,,,,124,92,101,82,101,124,124,,,,,,,,,,127,130,
26218,,,,83,,,,82,92,92,92,92,82,82,,,,,,,,,,128,132,
26219,,,,83,,,,85,86,86,86,86,85,85,,,,,,,,,,128,141,
26220,,,,83,,,,85,82,82,82,88,82,85,,,,,,,,,,128,88,
26236,,,,83,,,,85,82,82,82,85,82,82,,,,,,,,,,74,114,
26237,998,998,998,151,998,998,998,86,124,85,85,85,86,86,998,998,998,998,998,998,998,998,998,132,126,998
26238,,,,149,,,,85,84,84,84,84,85,85,,,,,,,,,,124,132,
26239,,,,151,,,,85,86,86,86,86,85,85,,,,,,,,,,123,126,
26240,,,,150,,,,84,85,85,85,84,85,85,,,,,,,,,,130,123,
26256,,,,,,,,81,81,81,81,,,,,,,,,,,,,,,
26258,998,998,998,998,998,998,998,92,92,92,92,998,998,998,998,998,998,998,998,998,998,998,998,998,998,998
26259,998,998,998,998,998,998,998,88,88,88,88,998,998,998,998,998,998,998,998,998,998,998,998,998,998,998
26260,998,998,998,998,998,998,998,93,93,93,93,998,998,998,998,998,998,998,998,998,998,998,998,998,998,998
26275,,,,,,,,88,88,88,88,,,,102,102,,,102,102,,,,,,
26277,,,,,,,,93,93,93,93,,,,107,107,,,107,107,,,,,,
26304,,,,,,,,74,81,81,81,88,96,96,,,,,,,,,,,,
26305,,,,102,,,,88,93,93,93,88,93,93,,,,,,,,,,,,
26306,998,998,998,998,998,998,998,93,88,88,88,93,88,88,998,998,998,998,998,998,998,998,998,998,998,998
26307,,,,,,,,88,93,93,93,88,93,93,,,,,,,,,,,,
26308,,,,,,,,101,92,92,92,92,101,101,,,,,,,,,,,,
26309,,,,,,,,88,96,96,96,88,96,96,,,,,,,,,,,,
26310,,,,149,,,,88,93,93,93,88,93,93,,,,,,,,,,,,
26311,,,,,,,,88,91,91,91,88,91,91,,,,,,,,,,,,
26312,,,,100,,,,79,91,91,91,151,91,91,,,,,,,,,,,,
26313,,,,,,,,88,88,88,88,76,96,96,,,,,,,,,,,,
26314,,,,,,,,88,78,78,78,78,88,88,,,,,,,,,,,,
26315,,,,,,,,88,95,95,95,88,95,95,,,,,,,,,,,,
26316,,,,,,,,88,95,95,95,88,95,95,,,,,,,,,,,,
26317,998,998,998,101,998,998,998,88,91,92,92,998,998,998,998,998,998,998,998,998,998,998,998,998,998,998
26318,998,998,998,998,998,998,998,88,92,92,92,88,92,92,998,998,998,998,998,998,998,998,998,998,998,998
26319,998,998,998,998,998,998,998,88,91,91,91,91,88,88,998,998,998,998,998,998,998,998,998,998,998,998
26320,998,998,998,998,998,998,998,92,92,92,92,101,96,96,998,998,998,998,998,998,998,998,998,998,998,998
26372,998,998,998,150,998,998,998,75,75,75,75,998,998,998,998,998,998,998,998,998,998,998,998,133,135,998
26373,998,998,998,149,998,998,998,77,77,77,77,998,998,998,998,998,998,998,998,998,998,998,998,107,105,998
26374,998,998,998,98,998,998,998,150,79,79,79,998,998,998,998,998,998,998,998,998,998,998,998,106,110,998
26375,998,998,998,149,998,998,998,79,74,74,74,998,998,998,998,998,998,998,998,998,998,998,998,107,133,998
26376,998,998,998,98,998,998,998,96,96,96,96,998,998,998,998,998,998,998,998,998,998,998,998,106,110,998
26377,,,,151,,,,81,81,81,81,,,,,,,,,,,,,106,110,
26378,,,,151,,,,151,151,151,151,,,,,,,,,,,,,108,106,
26379,,,,100,,,,76,76,76,76,,,,,,,,,,,,,136,135,
26380,,,,151,,,,77,77,77,77,,,,,,,,,,,,,,,
26381,,,,,,,,78,81,81,81,,,,,,,,,,,,,,,
26382,,,,149,,,,75,75,75,75,,,,,,,,,,,,,108,110,
26383,,,,100,,,,92,92,92,92,,,,,,,,,,,,,135,136,
26384,,,,151,,,,74,74,74,74,,,,,,,,,,,,,107,107,
26385,998,998,998,101,998,998,998,104,91,91,91,998,998,998,998,998,110,998,998,998,998,998,998,110,133,998
26386,,,,151,,,,124,124,124,124,,,,,,,,,,,,,136,135,
26387,998,998,998,101,998,998,998,88,77,77,77,998,998,998,998,998,135,998,998,998,998,998,998,135,136,998
26388,,,,151,,,,84,85,85,85,,,,,,,,,,,,,136,135,
26427,998,998,998,998,998,998,998,998,998,998,998,92,101,101,998,998,998,998,998,998,998,998,998,998,998,998
26428,,,,149,,,,,,,,88,91,91,,,,,,,,,,,,
26429,998,998,998,998,998,998,998,91,91,91,91,101,95,95,998,998,998,998,998,998,998,998,998,998,998,998
26430,998,998,998,998,998,998,998,998,998,998,998,101,95,95,998,998,998,998,998,998,998,998,998,998,998,998
26443,,,,100,,,,75,76,76,76,,,,,,,,,,,,,,,
26444,998,998,998,101,998,998,998,75,75,75,75,998,998,998,998,998,998,998,998,998,998,998,998,136,135,998
26445,,,,150,,,,76,77,77,77,,,,,,,,,,,,,133,108,
26446,998,998,998,98,998,998,,74,76,76,76,998,998,998,998,998,998,998,998,998,998,998,998,108,118,998
26455,106,118,114,98,998,107,998,77,81,81,81,998,998,998,998,998,134,998,998,998,998,998,998,118,114,998
26456,106,77,105,98,998,77,998,80,74,74,74,76,76,76,998,998,114,998,998,998,998,998,998,134,94,998
26457,106,96,80,80,998,110,998,81,77,77,77,80,80,80,998,998,105,998,998,998,998,998,998,134,106,998
26458,81,77,114,98,998,110,998,77,81,81,81,998,998,998,998,998,134,998,998,998,998,998,998,114,77,998
26459,98,78,80,98,998,81,998,76,79,79,79,998,998,998,998,998,83,998,998,998,998,998,998,83,78,998
26460,107,105,146,75,,110,,77,78,78,78,,,,,,110,,,,,,,105,143,
26461,111,106,102,100,,106,,75,77,77,77,,,,,,106,,,,,,,114,134,
26462,136,135,105,96,,110,,75,81,81,81,,,,,,114,,,,,,,81,110,
26463,106,107,81,100,,107,,74,81,81,81,,,,,,107,,,,,,,118,114,
26464,107,,,76,,113,,78,81,81,81,,,,,,113,,,,,,,118,114,
26465,146,,,93,,114,,77,76,76,76,,,,,,119,,,,,,,115,115,
26466,74,96,142,76,,133,,78,77,77,77,,,,,,133,,,,,,,110,136,
26467,151,77,76,96,,106,,76,104,104,104,,,,,,77,,,,,,,136,135,
26468,100,107,142,98,998,142,998,80,77,77,77,998,998,998,998,998,104,998,998,998,998,998,998,80,126,998
26469,75,139,83,98,998,74,998,998,998,998,998,998,998,998,998,998,113,998,998,998,998,998,998,113,114,998
26470,102,135,136,98,998,136,998,95,95,95,95,76,76,76,998,998,105,998,998,998,998,998,998,105,107,998
26471,142,107,135,98,998,77,998,91,77,77,77,998,998,998,998,998,80,998,998,998,998,998,998,77,142,998
26472,100,,,100,,106,,75,75,75,75,,,,,,106,,,,,,,,,
26473,106,146,138,98,998,146,998,81,104,104,104,104,104,104,998,998,107,998,998,998,998,998,998,113,107,998
26474,106,140,104,101,998,106,998,104,92,92,92,127,92,92,998,998,92,998,998,998,998,998,998,104,140,998
26475,127,106,134,100,,114,,81,95,95,95,,,,,,114,,,,,,,114,134,
26476,109,138,107,101,998,138,998,95,93,93,93,95,95,95,998,998,110,998,998,998,998,998,998,138,127,998
26481,148,,,100,150,118,123,75,76,80,77,81,85,86,,,118,123,,,,,,110,107,
26482,150,108,134,100,98,108,,75,78,80,86,127,86,78,,,108,,,,,,,108,108,
26483,,143,118,100,,134,134,77,76,81,80,81,85,86,108,108,134,134,108,108,,,,123,123,
26484,,109,107,150,150,109,118,84,76,104,104,85,85,85,,,109,118,,,,,,143,118,
26494,106,143,83,98,998,146,105,80,81,81,81,81,80,80,998,998,146,113,998,998,998,998,998,105,83,998
26495,108,143,107,98,998,146,108,92,96,96,96,92,92,92,998,998,146,108,998,998,,,998,143,138,998
26496,81,143,138,101,998,106,101,104,96,96,96,81,81,81,106,106,106,101,106,106,998,998,998,138,106,998
26497,106,143,105,150,998,110,107,80,81,81,81,81,80,80,107,107,110,107,107,107,998,998,998,105,106,998
26498,143,115,107,98,998,146,101,74,92,92,92,98,92,92,146,146,146,101,146,146,998,998,998,106,107,998
26509,106,113,75,100,,106,,75,81,85,88,,,,113,113,106,,113,113,,,,113,107,
26510,146,139,135,96,,140,,75,91,74,77,111,111,111,141,141,140,,141,141,,,,140,139,
26511,107,109,133,96,,106,,76,77,81,88,,,,132,132,106,,132,132,,,,107,135,
26512,110,137,77,100,74,133,,78,74,76,79,,,,136,136,133,,136,136,,,,136,137,
26513,105,108,104,74,,,,80,74,75,98,101,111,75,113,113,,,113,113,,,,,,
26514,108,113,143,101,998,143,998,80,77,74,74,998,998,998,998,998,143,998,998,998,998,998,998,143,113,998
26515,104,105,108,150,,108,,80,92,92,92,,,,,,108,,,,,,,108,105,
26516,108,83,139,74,150,108,998,74,76,80,80,998,998,998,109,109,109,998,109,109,998,998,998,83,109,998
27102,,137,138,101,,,135,74,93,93,93,74,93,93,102,102,135,138,101,101,,,,138,142,
27106,146,142,136,151,,138,132,88,102,102,102,88,102,102,,,138,132,,,,,,142,136,
27109,146,,,96,,146,142,88,91,91,91,88,91,91,138,138,102,142,138,138,,,,,,
28916,,,,,,,,88,88,88,88,,,,142,142,,,142,142,,,,,,
28917,111,,,100,,106,110,75,77,81,81,,,,107,107,106,110,107,107,,,,108,106,
28919,74,,,100,,142,,76,74,77,77,,,,,,142,,,,,,,,,
28975,,136,88,101,998,136,149,101,98,98,98,98,101,101,998,998,101,101,998,998,998,998,998,136,88,998
28979,143,105,137,151,,137,104,98,87,87,87,87,87,87,,,137,104,,,,,,104,90,
28986,146,137,138,98,,106,110,80,81,77,77,80,81,81,,,110,106,,,,,,106,110,
28992,136,146,143,74,,139,92,88,93,93,93,88,93,93,,,102,92,,,,,,146,136,
28997,146,142,139,96,,138,142,91,88,88,88,88,91,91,,,102,142,,,,,,142,135,
29000,106,,,100,,136,88,75,74,77,78,,,,,,136,88,,,,,,141,107,
29003,108,75,76,74,,108,135,77,92,78,78,78,77,77,,,92,135,,,,,,140,136,
29006,140,138,137,150,998,140,146,92,92,92,92,92,93,93,998,998,138,146,998,998,998,998,998,138,140,998
29009,140,140,142,101,,146,140,92,93,93,93,74,78,78,,,138,140,,,,,,146,140,
29012,,105,111,74,,118,111,75,78,85,85,,,,,,118,111,,,,,,142,118,
29015,143,105,107,149,998,107,94,81,77,77,77,81,77,77,998,998,143,94,998,998,998,998,998,107,143,998
29021,102,135,110,150,,74,78,88,74,74,74,74,74,74,107,107,139,78,107,107,,,,110,135,
29038,106,108,135,74,,140,106,76,88,88,88,76,88,88,,,78,106,,,,,,108,106,
29061,,,,,,,,77,81,81,81,77,81,81,,,,,,,,,,,,
29063,,,,,,,,88,93,93,93,88,93,93,,,,,,,,,,,,
29064,,,,,,,,95,88,88,88,88,95,95,,,,,,,,,,,,
29065,,,,,,,,93,88,88,88,88,93,93,,,,,,,,,,,,
29068,998,998,998,102,998,998,998,91,91,91,91,95,88,88,998,998,998,998,998,998,998,998,998,998,998,998
29069,,,,102,,,,88,95,95,95,100,88,88,,,,,,,,,,,,
29070,,,,102,,,,76,104,104,104,,,,,,,,,,,,,,,
29072,,,,,,,,88,92,92,92,92,88,88,,,,,,,,,,,,
29202,,,,100,,,,81,81,81,81,,,,,,,,,,,,,105,106,
29203,,,,100,,,,79,79,79,79,,,,,,,,,,,,,106,105,
29204,,,,149,,,,77,77,77,77,,,,,,,,,,,,,106,136,
29207,,,,150,,,,100,100,100,100,,,,,,,,,,,,,133,108,
29208,,,,151,,,,79,79,79,79,,,,,,,,,,,,,133,135,
29209,998,998,998,101,998,998,998,111,111,111,111,998,998,998,998,998,110,998,998,998,998,998,998,107,110,998
29212,,,,87,,,,85,84,84,84,,,,,,,,,,,,,130,107,
29213,,,,100,,,,77,77,77,77,,,,,,,,,,,,,107,108,
29214,,,,102,,,,84,84,84,84,,,,,,,,,,,,,135,130,
29216,998,998,998,151,998,998,998,80,80,80,80,998,998,998,998,998,998,998,998,998,998,998,998,105,107,998
29217,998,998,998,98,998,998,998,80,79,79,79,998,998,998,998,998,998,998,998,998,998,998,998,107,133,998
29218,998,998,998,151,998,998,998,79,79,79,79,998,998,998,998,998,998,998,998,998,998,998,998,106,105,998
29260,998,998,998,998,998,998,998,91,91,91,91,95,88,88,998,998,998,998,998,998,998,998,998,998,998,998
29261,998,998,998,998,998,998,998,91,92,92,92,92,91,91,998,998,998,998,998,998,998,998,998,998,998,998
29262,,,,,,,,127,127,127,127,88,95,95,,,,,,,,,,,,
29276,,,,100,,,,77,77,77,77,,,,,,,,,,,,,135,109,
29277,998,998,998,98,998,998,998,80,74,74,74,998,998,998,998,998,998,998,998,998,998,998,998,105,107,998
29278,,,,151,,,,77,80,80,80,,,,,,,,,,,,,105,133,
29292,998,998,998,83,998,998,998,85,89,86,86,85,86,86,998,998,998,998,998,998,998,998,998,132,128,998
29293,,,,83,,,,82,88,88,88,88,82,82,,,,,,,,,,132,141,
29294,,,,151,,,,86,82,124,124,82,86,86,,,,,,,,,,123,128,
29308,,,,83,,,,85,84,84,84,84,85,85,,,,,,,,,,130,126,
29309,,,,83,,,,84,95,95,95,84,95,95,,,,,,,,,,123,130,
29310,,,,100,,,,84,82,82,82,124,84,84,,,,,,,,,,126,74,
29324,,,,,,,,92,92,92,92,,,,106,106,,,106,106,,,,,,
29325,998,998,998,998,998,998,998,88,88,88,88,998,998,998,998,998,998,998,998,998,998,998,998,998,998,998
29326,998,,,998,,998,998,81,81,81,81,998,998,998,110,110,998,998,110,110,998,998,998,998,998,998
29341,,,,,,,,93,93,93,93,,,,102,102,,,102,102,,,,,,
29342,,,,,,,,151,151,151,151,,,,136,136,,,136,136,,,,,,
29343,,,,,,,,81,81,81,81,,,,133,133,,,133,133,,,,,,
29356,107,133,138,74,,107,,77,81,81,81,,,,,,107,,,,,,,108,107,
29357,110,105,104,150,,106,,80,81,81,81,79,79,79,,,106,,,,,,,114,111,
29358,106,108,178,100,,106,,74,76,78,78,,,,,,134,,,,,,,134,114,
29361,110,109,137,100,,,,74,81,81,81,,,,,,,,,,,,,109,110,
29362,151,144,138,76,,106,,77,76,76,76,,,,,,106,,,,,,,107,111,
29363,106,138,139,149,998,106,998,81,79,79,79,93,93,93,998,998,106,998,998,998,998,998,998,106,113,998
29366,98,,,100,,108,,77,76,76,76,,,,,,108,,,,,,,134,115,
29367,74,143,107,98,998,109,998,96,96,96,96,80,80,80,998,998,109,998,998,998,998,998,998,105,136,998
29368,107,132,107,98,998,,,80,77,77,77,998,998,998,998,998,107,998,998,998,998,998,998,136,108,998
29370,106,109,137,96,,106,,93,80,80,80,,,,,,115,,,,,,,115,105,
29371,136,140,127,98,,106,,77,79,79,79,80,80,80,,,106,,,,,,,136,105,
29372,136,143,138,98,998,106,998,93,98,98,98,98,98,98,998,998,113,998,998,998,998,998,998,138,113,998
29374,74,107,80,98,998,110,998,80,80,80,80,101,101,101,998,998,107,998,998,998,998,998,998,114,134,998
29375,78,76,105,98,998,106,998,77,77,77,77,81,81,81,998,998,134,998,998,998,998,998,998,107,134,998
29376,81,138,144,98,998,110,998,79,79,79,79,81,81,81,998,998,118,998,998,998,998,998,998,114,105,998
29384,148,143,134,100,149,118,134,77,84,74,80,74,77,80,,,118,134,,,,,,143,134,
29394,138,,,98,,146,143,92,96,77,77,92,96,96,105,105,146,143,105,105,,,,,,
29395,106,107,133,98,998,110,143,81,80,80,80,81,80,80,107,107,110,143,107,107,998,998,998,106,133,998
29396,143,109,138,151,998,137,143,80,96,96,96,80,96,96,138,138,106,143,138,138,998,998,998,138,83,998
29406,110,108,133,150,76,108,,77,77,77,77,95,95,95,146,146,108,,146,146,,,,133,108,
29407,135,133,109,74,,133,,74,76,77,78,,,,108,108,133,,108,108,,,,135,136,
29408,110,109,113,101,998,108,998,77,76,78,78,998,998,998,113,113,110,998,101,101,998,998,998,107,110,998
29411,108,105,139,74,150,109,,74,76,77,79,,,,139,139,109,,139,139,,,,108,105,
29412,137,,,74,,,,74,80,91,115,,,,,,,,,,,,,134,113,
29413,133,135,136,98,109,113,998,80,74,74,74,77,91,91,108,108,108,998,108,108,998,998,998,135,133,998
29938,142,140,139,101,,102,91,85,92,92,92,85,88,88,,,142,92,,,,,,142,139,
29941,110,118,114,83,,118,124,87,74,74,74,74,87,87,,,143,124,,,,,,110,143,
29953,142,143,118,88,,139,140,88,91,92,92,92,88,88,140,140,102,140,140,140,,,,143,118,
29959,146,143,140,102,,146,138,93,92,92,92,92,93,93,,,110,138,,,,,,146,140,
29969,110,106,113,101,998,113,138,92,101,101,101,92,93,93,998,998,101,138,998,998,998,998,998,110,105,998
29972,146,139,133,88,,146,142,74,78,88,88,74,88,88,,,102,142,,,,,,146,139,
29975,132,128,126,87,,132,118,87,89,89,89,87,89,89,118,118,115,118,118,118,,,,132,126,
29981,146,142,139,149,,146,142,88,95,95,95,88,95,95,139,139,102,142,139,139,,,,142,144,
29987,132,134,115,151,,115,143,87,86,86,86,87,84,84,118,118,123,143,118,118,,,,134,132,
29990,136,135,133,76,,136,,81,88,95,95,,,,,,102,,,,,,,136,133,
29996,142,143,115,150,998,142,143,91,74,74,74,91,74,74,998,998,142,143,998,998,998,998,998,143,142,998
30003,146,138,143,102,998,146,143,92,80,93,93,92,93,93,998,998,146,143,998,998,998,998,998,146,138,998
30006,146,144,138,74,,143,101,93,92,92,92,93,92,92,,,143,101,,,,,,144,143,
30009,146,139,142,96,,142,146,88,91,91,91,88,91,91,,,102,146,,,,,,146,142,
30015,110,134,114,74,,118,110,78,74,84,86,,,,,,118,110,,,,,,134,143,
30018,132,128,82,87,,128,132,88,91,91,91,88,91,91,,,102,132,,,,,,88,91,
30021,106,142,91,96,,102,127,88,79,79,79,88,79,79,,,102,127,,,,,,137,108,
30027,110,143,114,101,,142,,127,115,115,115,,,,,,142,,,,,,,139,92,
30030,110,132,126,101,998,110,132,998,998,998,998,74,74,74,998,998,110,132,998,998,998,998,998,123,110,998
30032,148,127,142,,,128,137,,,,,92,102,102,,,97,137,,,,,,88,101,
31773,136,133,114,101,998,136,149,151,88,88,88,101,151,151,92,92,101,149,92,92,998,998,998,114,136,998
31776,110,146,144,74,,146,102,92,93,93,93,92,93,93,,,102,98,,,,,,146,138,
31779,107,109,105,101,998,101,106,101,74,74,74,74,98,98,998,998,101,106,998,998,998,998,998,106,109,998
31843,110,114,118,76,,110,105,76,78,78,78,76,78,78,106,106,102,105,102,102,,,,110,114,
31846,146,144,142,96,,146,149,93,98,74,74,93,98,98,135,135,102,149,135,135,,,,142,146,
31849,132,134,114,83,,143,123,86,84,84,84,84,87,87,,,143,123,,,,,,,,
31852,108,135,133,149,,108,,88,91,127,127,96,96,96,102,102,102,,102,102,,,,136,133,
31861,135,133,136,102,,108,136,,,,,79,76,76,,,108,136,,,,,,133,108,
31867,88,133,139,100,998,101,100,79,76,91,91,76,79,79,127,127,101,100,127,127,998,998,998,135,133,998
31870,143,144,115,100,998,143,126,93,96,96,96,96,150,150,144,144,101,126,144,144,998,998,998,143,115,998
31876,146,138,139,101,,138,146,86,92,92,92,86,92,92,144,144,102,146,144,144,,,,88,90,
31878,998,998,998,998,998,998,998,96,96,96,96,998,998,998,83,83,998,998,137,137,998,998,998,998,998,998
31880,94,141,132,83,,89,141,86,82,82,82,82,86,86,94,94,89,141,94,94,,,,144,94,
31899,,,,,,,,90,90,90,90,,,,139,139,,,139,139,,,,,,
31900,,,,,,,,91,91,91,91,,,,133,133,,,133,133,,,,,,
31901,,,,,,,,81,81,81,81,,,,76,76,,,76,76,,,,,,
31903,,,,,,,,77,77,77,77,,,,144,144,,,144,144,,,,,,
31904,,,,,,,,91,91,91,91,,,,171,171,,,171,171,,,,,,
31907,,,,,,,,91,91,91,91,,,,88,88,,,88,88,,,,,,
31908,,,,,,,,171,171,171,171,,,,133,133,,,133,133,,,,,,
31913,998,998,998,998,998,998,998,88,88,88,88,998,998,998,138,138,998,998,101,101,998,998,998,998,998,998
31914,998,998,998,998,998,998,998,88,88,88,88,998,998,998,138,138,998,998,138,138,998,998,998,998,998,998
31920,,,,,,,,91,93,93,93,91,93,93,,,,,,,,,,,,
31921,,,,,,,,88,93,93,93,88,93,93,,,,,,,,,,,,
31933,,,,,,,,76,76,76,76,,,,111,111,,,111,111,,,,,,
31935,142,,,100,,138,142,79,91,95,95,95,91,91,,,110,142,,,,,,135,109,
31938,88,,,96,,138,136,93,95,127,127,88,88,88,,,102,136,,,,,,144,142,
31941,114,84,124,83,998,114,126,84,86,92,92,84,86,86,130,130,101,126,130,130,998,998,998,84,86,998
31949,136,137,135,88,,91,136,95,91,92,92,92,95,95,137,137,102,136,137,137,,,,113,102,
31951,998,998,998,998,998,998,998,96,96,96,96,998,998,998,107,107,998,998,107,107,998,998,998,998,998,998
31952,,,,,,,,74,74,74,74,,,,133,133,,,133,133,,,,,,
31957,,998,998,,998,998,998,76,76,76,76,998,998,998,107,107,998,998,107,107,998,998,998,998,998,998
31958,998,998,998,998,998,998,998,96,96,96,96,998,998,998,133,133,998,998,133,133,998,998,998,998,998,998
31960,,,,,,,,111,111,111,111,,,,110,110,,,110,110,,,,,,
31963,998,998,998,998,998,998,998,149,149,149,149,998,998,998,135,135,998,998,135,135,998,998,998,998,998,998
31968,123,130,94,149,,126,130,88,149,149,149,88,149,149,141,141,126,130,141,141,,,,123,130,
31984,113,133,108,100,,106,108,77,80,81,81,77,81,81,113,113,143,,113,113,,,,143,106,
31997,104,138,95,74,,106,110,80,79,81,81,74,81,115,113,113,106,110,113,113,,,,113,106,
32006,998,998,998,998,998,998,998,93,79,79,79,77,93,93,998,998,998,998,998,998,998,998,998,998,998,998
32007,998,998,998,998,998,998,998,998,998,998,998,93,151,151,998,998,998,998,998,998,998,998,998,998,998,998
32013,102,136,135,88,,136,133,93,90,90,90,90,93,93,,,102,133,,,,,,136,135,
32016,110,171,139,96,,110,171,74,93,93,93,74,93,93,,,102,171,,,,,,175,110,
32019,171,173,139,83,,171,139,88,84,84,84,84,88,88,,,171,139,,,,,,140,171,
32022,136,139,133,91,,110,171,88,93,93,93,93,91,91,74,74,142,142,74,74,,,,133,110,
32025,136,142,135,102,998,136,998,140,96,95,95,96,96,96,171,171,136,998,171,171,998,998,998,142,135,998
32028,142,177,126,98,998,142,109,91,93,93,93,91,95,95,998,998,142,109,998,998,998,998,998,142,140,998
32030,91,141,172,100,,126,,82,150,127,127,82,150,150,94,94,126,,94,94,,,,141,172,
32032,132,137,173,83,,115,,80,124,93,93,82,81,81,,,109,,,,,,,123,109,
32035,144,138,173,150,,143,144,95,83,150,150,96,95,95,,,143,144,,,,,,140,137,