no_correlativo,posiciones_entrando_main_deck,posiciones_saliendo_main_deck,posiciones_transito_cargadas,posiciones_transito_descargadas,carga_entrando,carga_saliendo,posiciones_entrando_lower_deck,posiciones_saliendo_lower_deck,peso_total_entrando,peso_total_saliendo,otros_entrando,otros_saliendo
147,0,1,0,0,0,0,0,0,0,1243,0,0
148,11,10,0,0,0,0,6,6,10618.32,11693.742,0,0
149,0,0,0,0,0,0,0,0,0,0,0,0
150,0,1,0,0,0,0,0,0,0,1925,0,0
152,,1,0,,0,0,5,,0,1021.515,0,0
153,,1,,,,,,,0,2329,0,
157,,1,0,0,0,0,,,0,2669,0,0
158,0,0,0,0,0,0,0,0,0,0,0,0
159,0,0,0,0,0,0,0,0,0,0,0,0
160,11,10,0,0,0,0,6,6,10618.32,11693.742,0,0
161,,1,,0,,,,0,0,1248.921,0,0
164,1,0,0,0,0,0,0,0,1543,0,0,0
165,11,10,0,0,0,0,6,6,10618.32,11693.742,0,0
166,0,0,0,0,0,0,0,0,0,0,0,0
167,1,,0,0,0,0,0,0,0,,0,0
168,1,1,0,0,0,0,0,0,,2447,0,0
169,1,,0,,0,0,,,0,0,0,0
174,1,0,0,0,0,0,,,0,,0,0
175,0,0,0,0,0,0,0,0,0,0,0,0
176,0,0,0,0,0,0,0,0,0,0,0,0
177,11,10,0,0,0,0,6,6,10618.32,11693.742,0,0
178,1,,,0,,,,0,0,0,0,0
185,15,15,0,,0,2,0,0,0,68091,0,0
186,0,0,0,0,0,0,0,0,0,0,0,0
202,14,9,0,0,0,2,0,0,8561.247,3900.783,0,0
203,11,10,0,0,0,0,6,6,10618.32,11693.742,0,0
204,15,8,0,0,,,0,0,9630.327,0,0,0
221,0,0,0,0,0,0,0,0,0,0,0,0
222,11,10,0,0,0,0,6,6,10618.32,11693.742,0,0
223,11,12,,1,0,1,0,0,7913.91,3399.765,0,0
287,15,13,2,6,80,0,0,5,0,54393,0,0
288,15,16,4,4,1,0,1,7,0,38242.26,0,0
289,16,18,7,7,,0,,7,0,84580,0,
316,9,12,0,0,0,,1,4,6385.035,0,0,28303
320,11,10,0,0,0,0,6,6,10618.32,11693.742,0,0
325,5,12,0,0,0,0,2,5,4575.3,14375.049,0,0
327,12,11,4,4,0,0,5,8,11719.11,29092,0,0
548,21,4,0,0,0,0,8,4,15632.124,5286.51,0,0
549,16,6,1,1,85,0,6,3,0,7370.31,0,0
551,0,0,0,0,0,0,0,0,0,0,0,0
553,14,11,,0,0,1,4,0,10037.574,15902.565,0,0
1004,28,13,1,1,0,0,4,0,33403.314,6987.072,0,0
1006,0,0,0,0,0,0,0,0,0,0,0,0
1007,15,,0,0,5,0,0,2,26089,11235,0,0
2399,15,0,0,0,3,0,0,0,0,0,0,0
2400,11,10,0,0,0,0,6,6,10618.32,11693.742,0,0
2401,0,0,0,0,0,0,0,0,0,0,0,0
2402,15,,0,0,5,0,0,0,0,,0,0
2404,15,,0,0,3,,,,0,0,0,
2405,11,10,0,0,0,0,6,6,10618.32,11693.742,0,0
2406,15,0,0,0,3,0,0,0,0,0,0,0
2407,15,0,0,0,0,0,0,0,0,0,0,0
2408,15,,0,,0,0,,,0,0,0,0
2409,15,,,,,,,,0,0,0,
2413,15,5,0,0,4,0,,,0,,0,0
2414,0,0,0,0,0,0,0,0,0,0,0,0
2415,0,0,0,0,0,0,0,0,0,0,0,0
2416,11,10,0,0,0,0,6,6,10618.32,11693.742,0,0
2417,15,,,0,3,1,,0,0,0,0,0
2567,0,15,0,0,0,0,0,0,0,0,0,0
2568,11,10,0,0,0,0,6,6,10618.32,11693.742,0,0
2569,0,0,0,0,0,0,0,0,0,0,0,0
2570,,4,0,0,5,0,0,0,0,,0,0
2572,,9,0,0,,,,,0,0,0,
2573,11,10,0,0,0,0,6,6,10618.32,11693.742,0,0
2574,,1,0,0,,1,0,0,0,0,0,0
2575,15,2,0,0,0,0,0,0,0,0,0,0
2576,,6,0,,0,0,,,0,0,0,0
2577,15,,,,,,,,0,0,0,
2581,,5,0,0,0,0,,,0,,0,0
2582,0,0,0,0,0,0,0,0,0,0,0,0
2583,0,0,0,0,0,0,0,0,0,0,0,0
2584,11,10,0,0,0,0,6,6,10618.32,11693.742,0,0
2585,,3,,0,,,,0,0,0,0,0
2633,0,1,0,0,0,0,0,0,0,2447,0,0
2634,,1,0,,0,0,,,0,0,0,0
2635,,1,,,,,,,0,2071,0,
3884,11,11,0,0,0,24,7,7,10020.36,14039.829,0,0
5317,5,12,9,9,0,0,0,7,0,50.102,0,0
5332,15,15,0,0,0,0,3,2,0,64.918,0,0
5333,8,15,0,0,0,0,0,0,0,42.182,0,0
5365,15,0,0,0,0,0,0,0,0,0,0,0
5366,13,,,,0,,0,,,0,0,0
5367,25,0,0,0,1,0,7,0,0,0,0,0
5368,24,0,0,0,0,0,0,0,0,0,0,0
5371,15,0,0,0,0,0,0,0,0,0,0,0
5373,15,1,0,0,200,0,0,0,,2817,0,0
5376,15,0,0,0,2,0,0,0,0,0,0,0
5377,15,0,0,0,99,0,0,0,0,0,0,0
5384,15,0,0,0,0,0,0,0,0,0,0,0
5449,0,1,0,0,0,1,0,0,,,0,0
5451,0,8,0,0,0,0,0,0,0,0,0,0
5454,0,5,0,0,0,0,0,0,0,0,0,0
5455,0,6,0,0,0,0,0,0,0,0,0,0
5457,0,12,0,0,0,1,0,0,0,0,0,0
5458,,7,0,,0,1,0,0,0,,0,0
5459,,6,0,,0,1,0,0,0,0,0,0
5460,0,6,0,0,0,1,0,0,0,0,0,0
5461,0,7,0,0,0,1,0,0,0,0,0,0
5463,0,12,0,0,0,2,0,0,0,0,0,0
5464,0,7,0,0,0,1,0,0,0,0,0,0
5468,0,6,0,0,0,76,0,0,0,0,0,0
5518,0,1,0,0,0,0,0,0,0,665,0,0
5528,15,10,0,0,0,0,0,0,10856.145,2009.961,0,0
5529,12,7,1,2,0,0,0,0,14.737,,0,0
5531,15,11,0,0,0,1,0,0,9044.145,3614.034,0,0
5549,14,14,0,1,1,1,0,0,10371.888,4802.706,0,0
5552,14,4,0,0,0,1,0,0,10414.017,1546.542,0,0
5617,4,6,0,2,0,0,0,0,0,0,0,0
5620,3,3,0,2,0,0,0,0,0,0,0,0
5623,6,7,2,3,0,0,0,0,15086,0,0,0
5625,2,4,3,3,0,0,0,0,0,0,0,0
5626,5,4,2,2,0,0,0,0,9.506,9.79,0,0
5627,2,3,4,5,0,0,0,0,0,14783,0,0
5628,0,3,3,0,0,0,0,0,0,0,0,0
5630,3,4,2,2,,0,0,0,11122,13208,0,0
5631,2,3,4,5,0,0,0,0,0,0,0,0
5632,3,3,2,3,0,0,0,0,0,0,0,0
5635,6,6,1,2,0,0,0,0,14.29,14.855,0,0
5636,2,3,3,3,0,0,0,0,0,0,0,0
5637,7,5,2,3,0,0,0,0,0,11.39,0,0
5640,,1,,,0,0,0,0,0,3.439,0,0
5642,0,1,0,0,0,0,0,0,,2817,0,0
5643,0,1,0,0,0,0,0,0,0,2143,0,0
5644,0,1,0,0,0,0,0,0,0,2230,0,0
5651,0,1,0,0,0,0,0,0,0,0,0,0
5652,0,1,0,0,0,0,0,0,0,0,0,0
5653,0,1,0,0,0,0,0,0,0,1200,0,0
5655,1,,,,0,0,0,0,,0,0,0
5656,1,0,0,0,0,0,0,0,1.223,0,0,0
5658,0,0,0,0,0,0,0,0,0,0,0,0
5660,1,0,0,0,0,0,0,0,1500,0,0,0
5661,1,0,0,0,0,0,0,0,0,0,0,0
5662,1,0,0,0,0,0,0,0,0,0,0,0
5663,1,0,0,0,0,0,0,0,0,0,0,0
5664,1,,,0,0,0,0,0,0,0,0,0
5665,1,0,0,0,0,0,0,0,0,0,0,0
5666,7,5,2,5,0,0,0,0,,11399,0,0
5669,1,0,0,0,0,0,0,0,3213,0,0,0
5675,7,16,0,0,0,0,5,0,24326.1,9405.186,0,0
5677,23,2,0,0,0,0,1,1,22224.633,1519.362,0,0
5687,10,10,0,0,0,0,3,3,17.49,24.778,,0
5767,11,11,0,0,23,125,6,8,10.833495,12.72477,0,0
5768,9,11,7,7,0,0,4,6,8037.579,19124.754,0,0
5773,16,12,3,3,,211,5,4,19.518,18.069,0,0
7795,0,0,0,0,0,0,0,0,0,0,0,0
7798,0,0,0,0,0,0,0,0,0,0,0,0
7801,0,0,0,0,0,0,0,0,0,0,0,0
9180,7,7,2,2,0,0,4,3,8.565324,9.657507,0,0
9762,0,0,0,0,0,0,0,0,0,0,0,0
9766,0,0,0,0,0,0,0,0,0,0,0,0
9769,9,14,6,6,,0,1,1,6.374163,12.998835,0,0
9772,19,19,,,,0,8,8,17.879004,19.856802,0,0
9783,6,7,2,2,0,0,0,0,9.906,13.44,0,0
9788,11,11,1,1,2,0,6,10,12509.595,12929.526,0,0
9867,12,12,12,12,0,0,5,6,12.55263,12.168033,0,0
9878,3,10,5,5,0,37,0,6,1.395693,11.711409,0,0
9896,3,5,0,0,0,0,3,3,3836.91,8857.509,0,0
9905,15,2,0,0,60,0,0,0,8378.688,940.881,0,0
9909,12,1,0,0,0,0,0,0,13.178,2.826,0,0
9911,6,10,7,7,4,104,3,8,4.209276,13512.084,0,0
9914,15,15,0,0,0,0,0,0,0,0,0,0
9921,0,15,0,0,0,0,0,0,0,6.254571,0,0
9929,,15,0,0,0,2,0,0,0,0,0,0
9932,4,5,1,1,0,0,0,0,0,0,0,0
9933,3,4,2,2,0,0,0,0,0,0,0,0
9934,5,3,1,1,0,0,0,0,0,8.63,0,0
9936,2,2,2,2,0,0,0,0,0,0,0,0
9938,6,5,2,2,0,0,0,0,90.878,10.577,0,0
9939,3,4,1,1,0,0,0,0,0,9086,0,0
9941,2,3,2,2,0,0,0,0,0,0,0,0
9942,3,3,1,1,0,0,0,0,0,0,0,0
9943,5,3,2,2,0,0,0,0,0,0,0,0
9944,2,2,2,2,0,0,0,0,0,0,0,0
9946,5,4,1,1,0,0,0,0,7.51,8.855,0,0
9948,2,2,1,1,0,0,0,0,0,0,0,0
9949,4,4,1,1,0,0,0,0,0,0,0,0
9950,5,4,2,2,0,0,0,0,14852,13849,0,0
9951,3,3,1,1,0,0,0,0,0,0,0,0
9952,5,4,2,2,0,0,0,0,0,0,0,0
9953,7,6,2,2,0,0,0,0,1228,9822,0,0
9993,0,1,0,0,0,0,0,0,,1.5,0,0
9995,0,1,0,0,0,0,0,0,0,0,0,0
10001,,1,,,0,0,,,,0,0,0
10002,,1,0,0,0,0,0,0,0,1190,0,0
10004,,1,,,0,0,,,,,0,0
10012,9,16,3,3,0,0,0,7,0,85.688,0,0
10013,4,13,0,0,0,0,0,7,0,76.604,0,0
10014,15,18,3,3,0,0,0,7,0,0,0,0
10017,6,21,3,3,0,0,0,7,0,101.947,0,0
10025,8,18,1,1,0,0,0,7,0,90.823,0,0
10041,15,15,0,0,0,0,0,0,0,0,0,0
10045,15,15,0,0,0,54,0,0,0,63.99,0,0
10069,15,0,0,0,,0,2,0,0,0,0,0
10072,15,0,0,0,0,0,0,0,0,0,0,0
10075,15,0,0,0,165,0,0,0,0,0,0,0
10076,0,0,0,0,0,0,0,0,0,0,0,0
10077,5,0,0,0,0,0,0,0,0,0,0,0
10078,3,0,0,0,0,0,0,0,0,0,0,0
10079,15,0,0,0,3,0,0,0,0,,0,0
10080,24,0,0,0,0,0,7,0,0,0,0,0
10082,15,0,0,0,75,0,0,0,0,0,0,0
10083,15,0,0,0,68,0,0,0,0,0,0,0
10084,15,0,0,0,3,0,0,0,0,0,0,0
10098,15,0,0,0,0,0,3,0,0,0,0,0
10101,15,0,0,0,102,0,0,0,0,0,0,0
10107,15,0,0,0,0,0,3,0,0,0,0,0
10111,15,0,0,0,3,0,0,0,0,0,0,0
10155,0,6,0,0,0,0,0,0,0,0,0,
10156,0,7,0,0,0,1,0,0,,,0,0
10158,0,6,0,0,0,0,0,1,0,0,0,0
10160,0,6,0,0,0,1,0,0,0,0,0,0
10161,0,11,0,0,0,2,0,0,0,0,0,0
10162,0,6,0,0,0,2,0,0,0,0,0,0
10171,0,6,0,0,0,0,0,1,0,0,0,0
10173,0,6,0,0,0,2,0,0,0,,0,0
10176,0,7,0,0,0,0,0,0,0,0,0,0
10179,0,4,0,0,0,0,0,0,0,0,0,0
10199,0,6,0,0,0,0,0,0,0,0,0,0
10201,0,11,0,0,0,0,0,0,0,0,0,0
10207,0,6,0,0,0,1,0,0,0,0,0,0
10208,,6,0,0,,85,0,0,0,0,0,0
10221,0,5,0,0,0,0,0,0,0,,0,0
10223,0,7,0,0,0,1,0,0,0,0,0,0
10230,19,3,3,9,0,0,1,2,20209.689,4785.492,0,0
10242,5,8,0,0,0,18,4,3,15.159,24.159,0,0
10247,2,5,0,0,0,0,3,3,7.182,1.466,0,0
10264,8,14,0,0,5,0,0,0,4328.415,2403.618,0,0
10271,13,15,0,0,1,0,0,0,8574.837,7401.114,0,0
10275,9,15,0,0,8,0,0,0,4954.008,3805.2,0,0
10276,15,3,0,0,0,0,0,0,8939.955,0,0,0
10279,10,10,0,0,0,0,0,0,10192.5,8250.036,0,0
10325,13,5,0,0,0,0,0,0,12.68,2.764,0,0
10371,9,8,2,2,0,62,5,6,19.614,23.124,0,0
10384,9,11,0,0,3,0,3,4,15.2,25.534,0,0
10385,5,11,2,2,0,15,6,8,6203.835,24401.298,0,0
10408,17,8,1,1,0,0,8,4,16.385463,9.00111,0,0
10419,15,17,0,0,0,91,8,9,12705.744,20194.74,0,0
10447,13,8,0,0,0,82,7,4,13.831902,10.389555,0,0
12161,0,15,0,0,0,251,0,0,0,9.679704,0,0
13049,10,11,0,0,0,73,4,6,9.565095,12.30348,0,0
13055,8,10,1,1,,98,4,4,9818.322,13161.462,0,0
13057,20,16,,,,,9,9,18151.71,18255.9,0,0
13060,15,14,,,,43,2,2,9824.664,13792.944,0,0
13064,11,13,0,0,0,101,4,4,14.708457,13.564632,0,0
13082,15,15,0,0,0,0,0,0,0,0,0,0
13085,8,11,1,1,18,83,4,6,8790.465,11582.757,0,0
13098,11,11,3,3,30,67,7,6,10514.13,12925.902,0,0
13100,17,11,0,0,0,0,9,9,17618.982,14063.385,0,0
13110,11,11,3,3,12,60,6,6,11.227605,29.109,0,0
13114,8,10,0,0,23,0,7,6,7.812891,12.875166,,0
13116,20,8,4,4,0,0,5,4,18470.622,10054.335,0,0
13155,5,10,5,5,29,60,6,6,5.900325,12.710727,0,0
13158,15,17,0,0,0,19,7,9,16205.622,19040.043,0,0
13161,8,11,0,0,0,50,5,0,8101.452,8914.587,0,0
13175,9,10,5,5,1,78,5,6,9.613113,32.058,0,0
13178,8,11,0,0,19,96,5,7,11.43825,12.540399,0,0
13181,22,0,0,0,0,0,7,0,0,0,0,0
13209,10,11,1,1,0,73,5,6,10.45977,13.279695,0,0
13241,17,0,0,0,0,0,2,0,0,0,0,0
13245,0,6,0,0,0,0,0,0,0,0,0,0
13249,1,9,2,2,0,95,4,3,2.839857,12.134511,0,0
13257,7,22,0,0,0,13,9,11,1.2684,24.66585,0,0
13263,5,17,4,4,8,0,0,7,0,86.621,0,0
13264,5,14,3,3,0,0,0,7,0,85.31,0,0
13279,15,15,0,0,0,0,0,2,0,0,0,0
13280,15,15,0,0,0,0,0,2,0,64.456,0,0
13281,15,15,0,0,0,0,3,2,0,0,0,0
13282,15,15,0,0,0,0,0,1,0,65.281,0,0
13308,15,0,0,0,0,0,3,0,0,0,0,0
13309,15,0,0,0,0,0,2,0,0,0,0,0
13310,15,0,0,0,0,0,2,0,0,0,0,0
13311,15,0,0,0,0,0,2,0,0,0,0,0
13312,15,0,0,0,0,0,3,0,0,0,0,0
13313,16,0,0,0,0,0,0,0,0,0,0,0
13314,23,0,0,0,0,0,3,0,0,0,0,0
13315,17,0,0,0,0,0,0,0,0,0,0,0
13317,5,0,0,0,0,0,0,0,0,0,0,0
13318,6,0,0,0,0,0,0,0,0,0,0,0
13319,15,0,0,0,0,0,0,0,0,0,0,0
13320,1,0,0,0,0,0,0,0,0,0,0,0
13321,15,0,0,0,0,0,2,0,0,0,0,0
13322,15,0,0,0,75,0,0,0,0,0,0,0
13323,15,0,0,0,0,0,2,0,0,0,0,0
13324,15,0,0,0,0,0,1,0,0,0,0,0
13376,0,6,0,0,0,0,0,1,0,0,0,0
13377,0,6,0,0,0,0,0,1,0,0,0,0
13378,0,5,0,0,0,0,0,1,0,0,0,0
13379,0,7,0,0,0,0,0,1,0,0,0,0
13380,0,12,0,0,0,58,0,0,0,0,0,0
13382,0,7,0,0,0,0,0,0,0,0,0,0
13383,0,6,0,0,0,0,0,0,0,0,0,0
13384,0,7,0,0,0,0,0,0,0,3.212,0,0
13385,0,6,0,0,0,0,0,0,0,0,0,0
13386,0,10,0,0,0,0,0,1,0,0,0,0
13387,0,11,0,0,0,0,0,0,0,5.823,0,0
13388,0,7,0,0,0,0,0,0,0,8.452,0,0
13389,0,6,0,0,0,60,0,0,0,0,0,0
13390,0,7,0,0,0,0,0,0,0,0,0,0
13391,0,6,0,0,0,50,0,0,0,0,0,0
13392,0,6,0,0,0,95,0,0,0,0,0,0
13432,15,0,0,0,0,0,4,0,,0,0,0
13433,15,0,0,0,0,0,2,0,0,0,0,0
13434,15,0,0,0,0,0,0,0,0,0,0,0
13435,15,0,0,0,0,0,2,0,0,0,0,0
13436,15,0,0,0,0,0,2,0,0,0,0,0
13452,0,6,0,0,0,0,0,2,0,0,0,0
13453,0,6,0,0,0,90,0,0,0,0,0,0
13454,0,11,0,0,0,30,0,0,0,0,0,0
13455,0,5,0,0,0,140,0,0,0,0,0,0
13456,0,2,0,0,0,0,0,0,0,0,0,0
13471,0,1,0,0,0,0,0,0,0,2.2,0,0
13472,0,1,0,0,0,0,0,0,0,0,0,0
13473,0,1,0,0,0,0,0,,0,2,0,0
13474,0,1,0,0,0,0,0,0,0,1.323,0,0
13483,3,4,1,1,0,0,0,0,0,0,0,0
13484,1,5,1,1,0,0,0,0,0,0,0,0
13485,3,3,1,1,0,0,0,0,6161,9650,0,0
13486,4,2,1,1,0,0,0,0,0,6268,0,0
13487,4,3,2,2,0,0,0,0,0,8368,0,0
13488,0,0,0,0,0,0,0,0,0,0,0,0
13489,4,5,2,2,0,0,0,0,0,8.911,0,0
13491,4,4,1,1,0,0,0,0,0,9.69,0,0
13492,3,3,2,2,0,0,0,0,0,6.403,0,0
13493,4,5,2,2,0,0,0,0,0,0,0,0
13494,6,5,2,2,0,0,0,0,7.704,11.544,0,0
13495,3,3,2,2,0,0,0,0,0,0,0,0
13496,5,4,1,1,0,0,0,0,0,10.687,0,0
13497,6,4,0,2,0,0,0,0,0,0,0,0
13498,6,3,1,1,0,0,0,0,0,6.253,0,0
13499,5,4,1,1,0,0,0,0,9.989,10.257,0,0
13500,5,4,2,2,0,0,0,0,11.922,0,0,0
13501,3,0,0,1,0,0,0,0,0,0,0,0
13502,3,3,2,2,0,0,0,0,0,0,0,0
13503,3,5,2,2,0,0,0,0,7218,9808,0,0
13504,3,3,2,2,0,0,0,0,0,0,0,0
13510,22,1,2,2,0,0,4,3,48.413,3.17,0,0
13511,20,6,1,1,0,0,0,2,39.069,2.526,0,0
13513,19,1,1,1,0,0,4,1,19381.152,1494.9,0,0
13514,9,3,0,0,0,0,5,1,24946.71,530.463,0,0
13527,1,7,0,0,0,0,3,6,2.502372,12.0951,0,0
13536,8,8,0,0,0,0,0,0,0,0,0,0
13537,14,18,0,1,0,0,0,0,8860.68,4297.611,0,0
13538,18,15,0,0,1,0,0,0,10205.637,6777.786,0,0
13539,15,3,0,1,0,0,0,0,10569.396,2176.212,0,0
13540,17,10,0,1,125,0,0,0,13566.444,2954.919,0,0
13541,14,7,0,1,87,0,0,0,12347.421,2867.037,0,0
13542,11,12,0,0,0,0,0,0,14422.614,4523.658,0,0
13543,14,0,0,4,150,0,0,0,10318.887,0,0,0
13544,18,14,0,0,0,0,2,0,24.611,21.022,0,0
13580,4,9,2,2,0,0,5,6,3972.81,20091.456,0,0
13586,7,10,2,3,0,0,2,3,14.13,22.023,0,0
13587,10,14,0,0,0,0,4,7,8099.64,20311.161,0,0
13641,4,12,0,0,0,0,0,0,1.696485,9.787065,0,0
15625,16,10,2,2,0,0,4,4,15.329973,24.265,0,0
15643,0,1,0,0,0,0,0,0,0,1482,0,0
15647,1,10,3,3,0,0,4,6,3333.174,23674.686,0,0
15835,14,14,0,0,0,2,0,9,9.561018,16.79271,0,0
15838,10,13,2,2,0,0,4,0,9.306885,10.58208,0,0
15841,9,11,0,0,0,0,1,0,481.992,9474.948,0,0
15964,10,8,1,0,0,1,5,6,9.08265,10.948557,0,0
15972,16,0,0,0,0,0,0,0,0,0,0,0
15976,0,10,0,0,0,0,0,0,0,0,0,0
15985,9,17,0,0,0,0,7,9,12.02262,19.026,0,0
15988,1,10,5,5,0,0,0,3,3.325926,12.657273,0,0
15992,10,7,5,5,0,1,1,6,8.41221,12.762369,0,0
16961,0,1,0,0,0,0,0,0,0,1.5,0,0
16965,2,17,2,2,0,38,3,6,2.19705,12.089211,0,0
16967,0,1,0,0,0,0,0,0,0,2841,0,0
16970,9,13,0,0,0,0,6,4,7.612665,14.25591,0,0
16973,9,19,0,0,0,67,8,11,11.082645,22.754643,0,0
16975,0,2,0,0,0,0,0,0,0,5900,0,0
16980,12,14,1,1,0,0,2,0,11.410617,10.874265,0,0
16983,11,13,0,0,0,0,0,0,8.17665,8.62965,0,0
17007,8,11,0,0,0,0,1,4,7.050945,12.424884,0,0
17010,1,10,1,1,0,0,3,3,3.780738,12.445269,0,0
17017,11,13,0,0,0,0,7,9,8.872911,16.92408,0,0
17023,3,6,12,12,0,0,3,3,5.189115,7.304625,0,0
17026,0,1,0,0,0,0,0,0,0,1430,0,0
17030,0,0,0,0,0,0,0,0,0,0,0,0
17033,11,14,3,3,,126,5,7,13365.765,11591.364,0,0
17041,0,0,0,0,0,0,2,0,3.942,0,0,0
17046,0,0,0,0,0,0,0,0,0,0,0,0
17052,16,6,0,0,0,0,5,8,0,0,0,0
17054,0,10,0,0,0,0,0,0,0,0,0,0
17058,4,7,4,4,0,0,3,7,5.276,26.472,0,0
17065,10,13,0,0,0,0,5,8,15.618,27.658,0,0
17068,0,18,0,0,0,0,1,11,0.761493,21.528825,0,0
17077,8,8,4,4,0,0,0,7,0,53.12,0,0
17078,10,16,1,1,0,0,0,0,0,50.116,0,0
17079,15,18,6,6,0,0,0,7,0,0,0,0
17080,22,22,1,1,0,0,0,7,0,117.036,0,0
17098,11,7,1,1,20,0,7,6,11.36577,8.78367,0,0
17101,1,0,0,0,0,0,0,0,1600,0,0,0
17107,10,9,0,0,0,17,3,7,8.57982,11.598612,0,0
17111,15,14,0,0,0,0,3,0,13.859082,11.055465,0,0
17114,9,15,0,0,0,3,3,8,7865.892,16283.085,0,0
17117,13,0,0,0,1,0,7,0,0,0,0,0
17121,12,9,4,4,0,0,5,5,9.578685,9.54018,0,0
17124,7,11,8,8,0,0,4,4,9.48129,12.233265,0,0
17127,17,8,0,0,0,0,9,4,35.889,21.315,0,0
17146,4,0,0,0,0,0,0,0,0,0,0,0
17147,0,0,0,0,0,0,0,0,0,0,0,0
17148,3,0,0,0,0,0,1,0,0,0,0,0
17149,7,0,0,0,0,0,0,0,0,0,0,0
17150,15,0,0,0,0,0,0,0,0,0,0,0
17151,15,0,0,0,0,0,0,0,0,0,0,0
17152,15,0,0,0,0,0,1,0,0,0,0,0
17153,15,0,0,0,206,0,,0,0,0,0,0
17154,15,0,0,0,0,0,2,0,0,0,0,0
17155,15,0,0,0,125,0,0,0,0,0,0,0
17156,15,0,0,0,0,0,3,0,0,0,0,0
17158,15,0,0,0,2,0,,0,0,0,0,0
17159,15,0,0,0,0,0,2,0,0,0,0,0
17160,15,0,0,0,0,0,1,0,0,0,0,0
17207,0,7,0,0,0,0,0,0,0,0,0,0
17208,0,6,0,0,0,0,0,0,0,0,0,0
17209,0,10,0,0,0,0,0,1,0,0,0,0
17210,0,7,0,0,0,0,0,0,0,0,0,0
17211,0,8,0,0,0,0,0,0,0,6.549,0,0
17212,0,6,0,0,0,0,0,0,0,0,0,0
17213,0,6,0,0,0,0,0,0,0,0,0,0
17214,15,6,0,0,0,0,4,0,0,0,0,0
17215,0,6,0,0,0,0,0,0,0,0,0,0
17216,0,6,0,0,0,0,0,0,0,0,0,0
17217,0,1,0,0,0,0,0,0,0,0,0,0
17218,0,9,0,0,0,0,0,0,0,0,0,0
17219,0,6,0,0,0,1,0,0,0,0,0,0
17220,0,6,0,0,0,1,0,0,0,0,0,0
17221,0,6,0,0,0,1,0,0,0,0,0,0
17222,0,7,0,0,0,0,0,0,0,0,0,0
17260,0,0,0,0,0,0,0,0,0,0,0,0
17261,23,0,0,0,0,0,7,0,0,0,0,0
17262,23,0,0,0,0,0,7,0,0,0,0,0
17263,24,0,0,0,0,0,7,0,0,0,0,0
17264,20,0,0,0,0,0,5,0,0,0,0,0
17280,0,8,0,0,0,0,0,0,0,0,0,0
17281,0,7,0,0,0,0,0,1,0,0,0,0
17282,0,7,0,0,0,0,0,1,0,0,0,0
17283,0,9,0,0,0,0,0,1,0,0,0,0
17284,0,10,0,0,0,0,0,0,0,0,0,0
17316,15,15,0,0,0,0,0,0,0,0,0,0
17317,15,15,0,0,0,0,0,3,,0,0,0
17318,15,15,0,0,0,0,0,3,0,0,0,0
17319,15,15,0,0,0,2,0,0,0,0,0,0
17320,15,15,0,0,123,154,0,0,0,0,0,0
17335,0,1,0,0,0,0,0,0,0,1.819,0,0
17336,0,1,0,0,0,0,0,0,0,1.87,0,0
17337,0,1,0,0,0,0,0,0,0,2.304,0,0
17338,1,0,0,0,0,0,0,0,0,0,0,0
17352,0,1,0,0,0,0,0,0,0,1.2,0,0
17353,0,1,0,0,0,0,0,0,0,800,0,0
17363,5,3,2,2,0,0,0,0,0,12132,0,0
17364,6,5,2,2,0,0,0,0,0,0,0,0
17365,4,3,2,2,0,0,0,0,0,10269,0,0
17366,5,3,1,1,0,0,0,0,11.754,19.696,0,0
17367,7,3,2,2,0,0,0,,0,11.432,0,0
17369,6,5,2,2,0,0,0,0,11.102,10.83,0,0
17370,6,4,1,1,0,0,0,0,0,9.88,0,0
17371,3,2,2,2,0,0,0,0,0,8.272,0,0
17372,5,3,1,1,0,0,0,0,11.024,8.466,0,0
17373,2,3,2,2,0,0,0,0,0,11547,0,0
17374,2,2,1,1,0,0,0,0,0,5.874,0,0
17375,2,2,1,1,0,0,0,0,0,4644,0,0
17376,4,3,1,1,0,0,0,0,0,9.055,0,0
17377,2,4,1,1,0,0,0,0,0,9027,0,0
17378,3,6,1,1,0,0,0,0,0,11.832,0,0
17379,5,5,2,2,0,0,0,,0,11.616,0,0
17380,4,5,2,2,0,0,0,0,0,11.135,0,0
17381,2,3,2,2,0,0,0,0,0,10871,0,0
17382,4,4,2,2,0,0,0,0,0,5.645,0,0
17383,3,3,1,1,0,0,0,0,5.518,6.478,0,0
17388,11,1,0,0,0,5,0,0,22665.855,4815.843,0,0
17389,20,7,2,2,0,0,3,3,41.492,7.562,0,0
17391,13,1,0,0,0,0,3,2,13.013331,0,0,0
17401,6,9,1,1,0,0,3,6,10.303,29.259,0,0
17403,3,8,0,0,0,0,3,6,4.921392,12.450252,0,0
17416,18,11,0,0,0,0,3,0,33.138,23.025,0,0
17417,18,10,0,0,0,0,2,0,20.657,14.85,0,0
17419,18,14,0,0,0,0,3,0,10.508241,4.132266,0,0
17420,18,10,0,0,0,0,1,0,20.573,7.405,0,0
17461,8,11,2,2,0,0,4,4,8.978913,12.042099,0,0
17477,3,9,0,0,0,0,2,4,0,0,0,0
17534,20,18,0,0,0,0,9,8,15.154662,16.996107,0,0
17535,19,15,0,0,0,0,5,8,14.39634,17.750805,0,0
19727,5,10,10,10,0,0,1,4,4283.115,22919.535,0,0
19730,0,1,0,0,0,0,0,0,0,1.3,0,0
19735,6,11,6,6,0,31,2,6,5.900325,12.705744,0,0
19738,15,21,0,0,0,0,0,9,7.760796,18.273114,0,0
19741,13,12,0,0,0,0,9,4,14.660892,26.635,0,0
19769,18,7,0,0,0,0,9,4,13.756251,8.77008,0,0
19787,9,16,0,0,0,0,0,6,7.90485,19.240269,0,0
19908,10,19,0,0,0,0,4,7,10.119114,16.871532,0,0
19911,7,15,0,0,0,106,2,9,7.2027,18.828039,0,0
19914,0,1,0,0,0,0,0,0,0,0,0,0
19920,18,16,0,0,125,0,0,0,11733.606,10178.457,0,0
19924,6,11,0,0,0,0,0,0,2.717094,7.513458,0,0
19927,17,8,0,0,0,0,8,3,8.577102,14.905512,0,0
19936,8,10,2,2,36,0,4,5,12.657273,12.023979,0,0
19939,10,16,0,0,1,0,6,8,22.398,40.675,0,0
19942,5,8,0,0,0,49,0,6,4.424904,12.392721,0,0
19947,11,12,1,1,0,0,6,7,9.395673,13.502118,0,0
19953,7,11,2,2,0,0,3,6,6.519123,12.913671,0,0
19956,1,11,2,2,0,0,0,0,149.943,7.762155,0,0
19959,15,0,0,0,0,0,2,0,0,0,0,0
19963,9,16,0,0,0,0,5,4,37.662,43.888,0,0
19971,5,0,0,0,0,0,2,0,9.69,0,0,0
19974,14,18,0,0,0,0,8,8,13289.661,18505.05,0,0
19977,17,19,0,0,0,0,1,6,26.35,50.095,0,0
19985,0,1,0,0,0,0,0,0,0,1.455,0,0
19989,9,20,0,0,0,0,3,9,11.38842,23.669703,0,0
19996,18,18,0,0,0,0,1,0,9.435084,3.738609,0,0
20000,4,14,0,0,0,0,0,0,4.318902,9.818775,0,0
20008,14,15,0,0,0,39,4,2,10.09737,14.10642,0,0
20014,26,12,0,0,0,0,1,1,76.655,13.13,0,0
20017,13,13,0,0,0,0,0,0,29.506,19.399,0,0
20024,0,0,0,0,0,0,18,0,0,0,0,0
20026,4,7,0,0,0,66,0,2,9.904,19.477,0,0
20030,16,15,0,0,0,0,8,3,12.936774,16.03167,0,0
20033,9,20,0,0,0,0,1,8,8.68854,21.863139,0,0
20039,0,0,0,0,0,0,0,18,0,0,0,0
20047,22,21,1,1,0,0,0,7,0,98.803,0,0
20051,0,1,0,0,0,0,0,0,0,1.4,0,0
20055,0,1,0,0,0,0,0,0,0,816,0,0
20059,0,0,0,0,0,0,0,0,0,0,0,0
20062,18,16,0,0,0,0,3,3,10822.17,15450.471,0,0
20065,11,11,0,0,0,24,7,7,10020.36,14039.829,0,0
20067,18,13,0,0,0,0,0,0,8.472459,5.20497,0,0
20079,1,14,0,0,0,0,0,0,601.131,11030.55,0,0
20084,16,14,5,5,0,0,5,4,14.74515,17.960997,0,0
20087,6,10,0,0,51,0,2,2,4.822638,11.570979,0,0
20096,16,17,0,0,0,0,0,8,14.933145,23.359398,0,0
20099,18,18,0,0,0,0,8,3,16635.519,18405.39,0,0
21142,7,12,1,1,0,16,6,3,6810.855,22128.597,0,0
22400,12,18,0,0,0,0,1,7,0,0,0,0
22407,3,7,0,0,0,0,2,3,3793.422,10027.608,0,0
22408,5,10,0,0,0,0,0,3,4.43,28.381,0,0
22409,2,10,0,0,0,73,1,3,1.154697,12.422619,0,0
22410,3,9,0,0,54,0,3,7,0,29.252,0,0
22547,10,15,1,1,0,0,0,5,0,34.585644,0,0
22548,14,21,0,0,0,0,0,7,0,0,0,0
22549,12,19,0,0,0,0,0,7,0,0,0,0
22550,14,20,1,1,0,0,0,7,0,0,0,0
22563,0,1,0,0,0,0,0,0,0,660,0,0
22564,0,1,0,0,0,0,0,0,0,0,0,0
22565,0,1,0,0,0,0,0,0,,2.666,0,0
22566,0,1,0,0,0,0,0,0,0,120.045,0,0
22581,0,1,0,0,0,0,0,0,0,732.501,0,0
22582,0,1,0,0,0,0,0,0,0,1022,0,0
22583,0,1,0,0,0,0,0,0,0,0,0,0
22584,0,1,0,0,0,0,0,0,0,1000,0,0
22618,1,0,0,0,0,0,0,0,0,0,0,0
22619,7,0,0,0,0,0,0,0,0,0,0,0
22620,15,0,0,0,0,0,0,0,0,0,0,0
22621,7,0,0,0,0,0,0,0,0,0,0,0
22622,7,0,0,0,0,0,0,0,0,0,0,0
22623,15,0,0,0,135,0,0,0,0,0,0,0
22624,15,0,0,0,107,0,0,0,0,0,0,0
22625,15,0,0,0,0,0,0,0,0,0,0,0
22626,15,0,0,0,0,0,2,0,0,0,0,0
22627,15,0,0,0,102,0,0,0,0,0,0,0
22628,15,0,0,0,132,0,0,0,0,0,0,0
22629,15,0,0,0,175,0,0,0,0,0,0,0
22630,15,0,0,0,0,0,0,0,0,0,0,0
22631,15,0,0,0,133,0,0,0,0,0,0,0
22632,15,0,0,0,3,0,0,0,0,0,0,0
22633,15,0,0,0,173,0,0,0,0,0,0,0
22634,15,0,0,0,0,0,2,0,0,0,0,0
22635,15,0,0,0,135,0,0,0,0,0,0,0
22636,15,0,0,0,67,0,0,0,0,0,0,0
22637,19,0,0,0,0,0,7,0,0,0,0,0
22638,20,0,0,0,0,0,1,0,0,0,0,0
22710,0,7,0,0,0,0,0,0,0,0,0,0
22711,0,7,0,0,0,0,0,0,0,0,0,0
22712,0,6,0,0,0,0,0,0,0,0,0,0
22713,0,6,0,0,0,0,0,0,0,0,0,0
22715,0,5,0,0,0,0,0,1,0,0,0,0
22716,0,6,0,0,0,0,0,0,0,0,0,0
22717,0,6,0,0,0,0,0,0,0,0,0,0
22718,0,7,0,0,0,0,0,0,0,0,0,0
22719,0,3,0,0,0,0,0,0,0,0,0,0
22720,0,6,0,0,0,0,0,1,0,0,0,0
22721,0,7,0,0,0,0,0,0,0,0,0,0
22722,0,6,0,0,0,0,0,0,0,0,0,0
22723,0,8,0,0,0,0,0,0,0,0,0,0
22724,0,6,0,0,0,0,0,0,0,0,0,0
22725,0,7,0,0,0,0,0,0,0,0,0,0
22726,0,6,0,0,0,112,0,0,0,0,0,0
22727,0,2,0,0,0,0,0,0,0,0,0,0
22728,0,6,0,0,0,50,0,0,0,0,0,0
22730,0,7,0,0,0,0,0,0,0,0,0,0
22731,0,8,0,0,0,0,0,0,0,0,0,0
22732,0,11,0,0,0,0,0,0,0,0,0,0
22783,15,15,0,0,0,125,0,0,0,0,0,0
22784,15,15,0,0,0,0,2,2,0,0,0,0
22785,15,15,0,0,0,250,0,0,0,0,0,0
22786,14,17,0,0,0,134,7,7,0,0,0,0
22795,5,3,1,1,0,0,0,0,0,7.887,0,0
22796,7,3,1,1,0,0,0,0,0,0,0,0
22797,5,3,2,2,0,0,0,0,11.322,5.374,0,0
22798,4,4,2,2,0,0,0,0,0,7.574,0,0
22799,5,3,2,2,0,0,0,0,0,5.399,0,0
22800,2,4,1,1,0,0,0,0,0,10.08,0,0
22801,3,2,2,2,0,0,0,0,0,0,0,0
22802,2,2,1,1,0,0,0,0,0,0,0,0
22803,2,2,1,1,0,0,0,0,0,0,0,0
22804,3,4,2,1,0,0,0,0,0,0,0,0
22805,3,2,1,1,0,0,0,0,0,6995,0,0
22806,2,3,2,2,0,0,0,0,0,0,0,0
22807,3,3,1,1,0,0,0,0,5.552,8.963,0,0
22808,2,3,1,1,0,0,0,0,0,0,0,0
22809,3,2,1,1,0,0,0,0,0,0,0,0
22810,4,4,1,1,0,0,0,0,0,7.973,0,0
22811,4,2,1,1,0,0,0,0,0,4.276,0,0
22812,4,3,1,1,0,0,0,0,0,5.365,0,0
22813,4,3,1,1,0,0,0,0,0,6.442,0,0
22814,6,4,1,1,0,0,0,0,0,0,0,0
22815,3,3,2,2,0,0,0,0,0,11.167,0,0
22816,6,5,2,2,0,0,0,0,0,0,0,0
22817,7,5,2,2,0,0,0,0,0,10.601,0,0
22822,18,7,0,0,0,0,1,0,16.814001,2.956731,0,0
22823,22,9,2,2,0,0,4,0,42.854,4.57,0,0
22824,15,6,0,0,0,0,5,0,16.327026,3.371679,0,0
22825,23,4,1,1,0,0,7,0,22.765515,1.711887,0,0
22830,18,18,0,0,0,0,0,0,28.106,26.448,0,0
22831,18,9,0,1,25,0,0,0,12290.343,3635.778,0,0
22832,18,9,0,0,0,0,0,0,12.454329,4.494213,0,0
22833,18,12,0,0,0,0,1,0,0,0,0,0
22834,18,18,0,0,0,0,0,0,22.546,17.963,0,0
22835,18,14,0,8,0,0,0,0,29.156,23.451,0,0
22836,18,8,0,0,0,0,0,0,9.898503,0.837597,0,0
22837,18,8,0,3,3,0,0,0,7.422858,8.876,0,0
22838,16,18,0,0,0,0,2,0,9.131121,4.200216,0,0
22879,10,0,14,14,0,0,3,0,9.954675,0,0,0
22942,10,10,7,7,0,0,0,6,1.686066,11.28423,0,0
22966,0,1,0,0,0,0,0,0,0,0,0,0
22970,14,17,0,0,0,0,0,4,11531.115,18099.162,0,0
22975,0,1,0,0,0,0,0,0,0,1623,0,0
22979,20,12,0,0,1,0,3,4,18297.576,14199.738,0,0
22984,5,5,0,0,0,0,6,6,5248.005,6478.806,0,0
22987,4,14,0,0,0,0,0,0,1.992747,10.273587,0,0
22990,9,9,0,0,0,0,4,5,8.84709,13.607667,0,0
22993,0,8,0,0,0,0,0,0,0,0,0,0
23007,21,14,0,0,0,0,7,9,17.226231,17.61264,0,0
23010,9,10,2,0,0,0,7,7,16.59,52.027,0,0
23021,9,11,0,0,0,0,3,4,7.676085,12.8652,0,0
23024,19,18,0,0,0,0,9,7,18.485118,16.749675,0,0
23027,6,11,0,0,0,0,7,7,5513.01,12785.019,0,0
23030,0,15,0,0,0,0,0,0,0,11517.525,0,0
23033,1,16,1,1,0,0,0,4,1205.433,18151.71,0,0
23036,10,12,2,2,0,0,7,0,10.271775,12.470184,0,0
23039,21,17,0,0,0,0,6,4,15.904377,19.671525,0,0
23042,12,11,2,2,0,0,7,7,9184.575,12566.673,0,0
23045,11,11,4,4,35,50,2,4,10482.42,14067.009,0,0
23061,10,10,5,5,0,0,6,4,10.03848,11.993175,0,0
23064,16,15,0,0,0,36,5,9,13848.21,17637.555,0,0
23640,7,23,1,1,0,0,0,7,0,0,0,0
23641,14,20,1,1,0,5,2,7,0,0,0,0
23674,15,0,0,0,122,0,0,0,0,0,0,0
23675,15,0,0,0,0,0,2,0,0,0,0,0
23684,0,0,0,0,0,0,0,0,0,0,0,0
23685,8,0,0,0,0,0,0,0,0,0,0,0
23688,8,0,0,0,0,0,0,0,0,0,0,0
23689,15,0,0,0,72,0,0,0,0,0,0,0
23692,15,0,0,0,0,0,0,0,0,0,0,0
23762,0,7,0,0,0,0,0,0,0,0,0,0
23763,0,8,0,0,0,0,0,0,0,0,0,0
23772,0,2,0,0,0,6,0,0,0,0,0,0
23773,0,8,0,0,0,0,0,0,0,0,0,0
23776,0,8,0,0,0,0,0,0,0,0,0,0
23780,0,8,0,0,0,0,0,0,0,0,0,0
23790,15,22,0,0,0,0,7,7,0,116.689,0,0
23791,15,15,0,0,150,225,,0,0,0,0,0
23806,0,1,0,0,0,0,0,0,0,982,0,0
23807,0,1,0,0,0,0,0,0,0,1.668,0,0
23822,0,1,0,0,0,0,0,0,0,486.522,0,0
23823,0,1,0,0,0,0,0,0,0,1855,0,0
23834,2,2,0,0,0,0,0,0,0,4.868,0,0
23835,3,2,1,1,0,0,0,0,0,7234,0,0
23839,4,5,0,0,0,0,0,0,7.058,11.539,0,0
23840,5,5,2,2,0,0,0,0,0,11.823,0,0
23844,3,5,0,0,0,0,0,0,0,4002,0,0
23847,3,4,0,0,0,0,0,0,0,10.348,0,0
23851,3,4,2,2,0,0,0,0,0,8.755,0,0
23886,11,12,0,7,0,0,0,0,7.334976,2.131818,0,0
23887,18,13,0,0,0,0,0,0,0,0,0,0
23891,16,18,0,2,0,40,0,0,12654.102,4761.483,0,0
24032,11,0,0,0,0,0,7,0,0,0,0,0
24033,16,0,0,0,0,0,3,0,0,0,0,0
24052,0,10,0,0,0,0,0,0,0,0,0,0
24053,0,8,0,0,0,0,0,0,0,0,0,0
24070,1,15,3,3,0,0,0,0,141.336,11.89125,0,0
24073,17,20,0,0,0,0,8,8,22.579332,24.055206,0,0
24075,0,11,0,0,0,0,0,0,0,5016.975,0,0
24079,16,0,0,0,0,0,7,0,0,0,0,0
24083,0,0,0,0,0,55,0,0,0,0,0,0
24086,2,17,0,0,0,0,1,7,12.354669,18.85386,0,0
24092,6,11,0,0,0,0,2,4,6353.325,12320.694,0,0
24100,0,1,0,0,0,0,0,0,0,628,0,0
24108,12,12,0,0,0,0,7,7,10674.945,12422.619,0,0
24658,0,1,0,0,0,0,0,0,0,0,0,0
24662,17,17,0,0,0,0,4,7,13311.858,18496.443,0,0
24665,14,0,0,0,0,0,8,1,15755.34,7204.965,0,0
24668,8,12,2,2,0,0,4,5,7.381635,12.288078,0,0
24671,14,0,0,7,0,0,0,0,0,0,0,0
24675,0,11,0,0,0,0,0,0,0,0,0,0
24682,18,18,0,0,0,0,4,6,0,18640.95,0,0
24685,8,8,0,0,0,0,4,4,8.02716,12.898722,0,0
24691,3,8,2,2,0,0,3,5,10.933155,11.086722,0,0
25907,8,20,0,0,0,0,6,8,22258.155,24394.05,0,0
25910,0,0,0,0,0,0,0,0,0,0,0,0
25920,21,19,0,0,0,0,5,4,16424.874,19157.37,0,0
26077,8,14,0,0,0,0,0,0,1.558773,11.440515,0,0
26082,12,12,3,3,0,0,7,7,11.45184,13.108914,0,0
26100,19,18,0,0,0,80,7,4,16.10415,18.23778,0,0
26103,6,9,1,1,4,0,0,4,4.263636,10.330212,0,0
26107,20,21,0,0,0,8,7,8,20.36235,25.520661,0,0
26116,2,10,0,0,0,0,2,5,3032.835,7568.271,0,0
26119,5,9,0,0,0,0,2,5,4052.991,12848.892,0,0
26122,13,19,0,0,0,0,318,4,8.575743,18.193386,0,0
26125,2,12,0,0,0,78,0,0,984.369,12106.878,0,0
26128,7,10,1,1,0,11,4,7,5.447325,11.855463,0,0
26131,20,19,0,0,1,0,9,4,19.891683,19.254765,0,0
26134,10,11,0,0,0,42,5,5,10006.77,12186.606,0,0
26137,5,9,0,0,0,0,0,4,6328,12506.424,0,0
26149,15,21,0,0,0,0,2,9,12298.95,52627,0,0