no_correlativo,equipaje_priority_entrando,equipaje_priority_saliendo,comat_entrando,comat_saliendo,equipaje_turista_entrando,equipaje_turista_saliendo,avi_entrando,avi_saliendo,carga_entrando_piezas,carga_saliendo_piezas,aog_entrando,aog_saliendo,carga_entrando_peso,carga_saliendo_peso,otros_entrando,otros_saliendo
60,0,0,0,0,0,0,0,0,0,0,0,0,0,0,0,0
61,0,0,0,0,0,0,0,0,0,0,0,0,0,0,0,0
62,0,0,0,0,0,0,0,0,0,0,0,0,0,0,0,0
63,29,35,0,0,94,88,0,0,42,2114,0,0,1827,83,0,0
65,30,41,0,0,63,106,0,0,135,0,0,0,6474,0,0,0
66,0,0,0,0,0,0,0,0,0,0,0,0,0,0,0,0
67,25,33,0,0,81,93,0,0,189,5271,0,0,2201,412,0,0
68,44,5,0,0,95,108,0,0,70,168,0,0,2583,3985,0,0
69,103,33,0,0,13,110,0,0,138,0,0,0,3858,0,0,0
71,0,0,0,0,0,0,0,0,0,0,0,0,0,0,0,0
73,37,27,0,0,90,117,0,0,96,0,0,0,1753,0,0,0
74,0,0,0,0,0,0,0,0,0,0,0,0,0,0,0,0
75,0,0,0,0,0,0,0,0,0,0,0,0,0,0,0,0
76,34,38,0,0,75,87,0,0,88,0,0,0,1709,0,0,0
77,25,21,0,0,69,79,0,0,215,0,0,0,5092,0,0,0
78,0,0,0,0,0,0,0,0,0,0,0,0,0,0,0,0
81,31,27,0,0,86,98,0,0,254,33,0,0,3766,1,0,0
82,39,23,0,0,60,113,0,0,13,853,0,0,0,14,0,0
83,0,0,0,0,0,0,0,0,0,0,0,0,0,0,0,0
85,0,0,0,0,0,0,0,0,0,0,0,0,0,0,0,0
86,39,12,0,0,62,77,0,0,20,1130,0,0,521,79,0,0
87,0,0,0,0,0,0,0,0,0,0,0,0,0,0,0,0
406,0,0,0,0,0,0,0,0,0,0,0,0,0,0,0,0
407,0,0,0,0,0,0,0,0,0,0,0,0,0,0,0,0
408,0,0,0,0,0,0,0,0,0,0,0,0,0,0,0,0
409,13,0,0,0,44,0,0,0,0,0,0,0,0,0,0,0
411,14,3,0,0,40,55,0,0,0,520,0,0,0,16,0,0
412,0,0,0,0,0,0,0,0,0,0,0,0,0,0,0,0
413,8,12,0,0,61,60,0,0,0,31,0,0,0,0,0,0
415,12,12,0,0,49,52,0,0,0,,0,0,0,130,0,0
416,0,0,0,0,0,0,0,0,0,0,0,0,0,0,0,0
417,0,0,0,0,0,0,0,0,0,0,0,0,0,0,0,0
418,,15,0,0,61,50,0,0,3,860,0,0,24,64,0,0
419,16,14,0,0,71,57,0,0,0,0,0,0,0,0,0,0
420,0,0,0,0,0,0,0,0,0,0,0,0,0,0,0,0
421,0,0,0,0,0,0,0,0,0,0,0,0,0,0,0,0
422,15,7,0,0,49,60,0,0,0,1388,0,0,0,155,0,0
423,17,11,0,1,48,48,0,0,0,0,0,0,0,0,0,0
424,10,14,0,0,65,31,0,0,0,0,0,0,0,0,0,0
427,16,6,0,0,48,62,0,0,0,833,0,0,0,73,0,0
428,18,4,0,0,68,42,0,0,0,0,0,0,0,0,0,0
429,0,0,0,0,0,0,0,0,0,0,0,0,0,0,0,0
430,0,0,0,0,0,0,0,0,0,0,0,0,0,0,0,0
431,0,0,0,0,0,0,0,0,0,0,0,0,0,0,0,0
432,0,0,0,0,0,0,0,0,0,0,0,0,0,0,0,0
623,0,0,0,0,0,0,0,0,0,0,0,0,0,0,0,0
625,,0,0,0,127,107,0,0,0,0,0,0,0,0,0,0
626,0,0,0,0,120,130,0,0,0,0,0,0,0,0,0,0
628,,0,0,0,75,68,0,0,0,0,0,0,0,0,0,0
629,0,0,0,0,64,107,0,0,0,0,0,0,0,0,0,0
631,0,0,0,0,0,0,0,0,0,0,0,0,0,0,0,0
665,0,0,0,0,0,0,0,0,0,0,0,0,0,0,0,0
666,0,0,0,0,0,0,0,0,0,0,0,0,0,0,0,0
667,0,0,0,0,0,0,0,0,0,0,0,0,0,0,0,0
668,0,0,0,0,146,90,0,0,0,0,0,0,0,0,0,0
669,0,0,0,0,0,0,0,0,0,0,0,0,0,0,0,0
670,4,,0,0,97,0,0,0,0,0,0,0,0,0,0,0
671,0,0,0,0,0,0,0,0,0,0,0,0,0,0,0,0
672,1,0,0,0,60,65,0,0,0,0,0,0,0,0,0,0
673,0,0,0,0,97,74,0,0,0,0,0,0,0,0,0,0
674,0,0,0,0,0,0,0,0,0,0,0,0,0,0,0,0
675,0,0,0,0,57,61,0,0,0,0,0,0,0,0,0,0
676,0,0,0,0,0,0,0,0,0,0,0,0,0,0,0,0
677,0,0,0,0,86,89,0,0,0,0,0,0,0,0,0,0
711,0,0,0,0,0,0,0,0,0,0,0,0,0,0,0,0
712,0,0,0,0,0,0,0,0,0,0,0,0,0,0,0,0
714,0,0,0,0,0,0,0,0,0,0,0,0,0,0,0,0
787,0,0,0,0,0,0,0,0,0,0,0,0,0,0,0,0
788,0,0,0,0,0,0,0,0,0,0,0,0,0,0,0,0
789,0,0,0,0,0,0,0,0,0,0,0,0,0,0,0,0
790,5,2,0,0,102,49,0,0,8,0,0,0,321,0,0,0
792,8,6,0,0,66,38,0,0,1,1700,0,0,39,37,0,0
793,0,0,0,0,0,0,0,0,0,0,0,0,0,0,0,0
794,11,11,0,0,46,40,0,0,11,1098,0,0,345,24,0,0
796,15,15,0,0,80,52,0,0,1,1822,0,0,39,149,0,0
798,0,0,0,0,0,0,0,0,0,0,0,0,0,0,0,0
799,20,10,0,0,61,45,0,0,,298,0,0,0,27,0,0
800,7,10,0,0,77,46,0,0,1,530,0,0,105,91,0,0
801,0,0,0,0,0,0,0,0,0,0,0,0,0,0,0,0
802,0,0,0,0,0,0,0,0,0,0,0,0,0,0,0,0
803,14,14,0,0,55,63,0,0,0,2000,0,0,0,80,0,0
804,10,14,0,0,35,35,0,0,2,0,0,0,79,0,0,0
805,0,0,0,0,0,0,0,0,0,0,0,0,0,0,0,0
808,,13,0,0,0,52,0,0,0,1190,0,0,0,92,0,0
809,13,13,0,0,67,63,0,0,0,0,0,0,0,0,0,0
810,0,0,0,0,0,0,0,0,0,0,0,0,0,0,0,0
811,0,0,0,0,0,0,0,0,0,0,0,0,0,0,0,0
812,0,0,0,0,0,0,0,0,0,0,0,0,0,0,0,0
813,16,6,0,0,50,55,0,0,0,70,0,0,0,,0,0
935,0,0,0,0,0,0,0,0,0,0,0,0,0,0,0,0
936,0,0,0,0,0,0,0,0,0,0,0,0,0,0,0,0
937,0,0,0,0,0,0,0,0,0,0,0,0,0,0,0,0
938,13,8,0,0,54,43,0,0,7,0,0,0,74,0,0,0
940,5,5,0,,45,50,0,0,4,418,0,,290,10,0,
941,0,0,0,0,0,0,0,0,0,0,0,0,0,0,0,0
942,10,8,0,0,37,43,0,0,0,998,0,0,0,31,0,0
945,0,0,0,0,0,0,0,0,0,0,0,0,0,0,0,0
946,0,0,0,0,0,0,0,0,0,0,0,0,0,0,0,0
947,14,8,0,0,60,39,0,0,0,70,0,0,0,8,0,0
948,9,9,0,0,50,49,0,,20,,0,0,1070,0,0,0
1217,0,0,0,0,0,0,0,0,0,0,0,0,0,0,0,0
1218,0,0,0,0,0,0,0,0,0,0,0,0,0,0,0,0
1219,0,0,0,0,0,0,0,0,0,0,0,0,0,0,0,0
1220,0,0,0,6,0,16,0,0,0,0,0,0,0,0,0,0
1222,0,0,0,0,0,25,0,0,0,0,0,0,0,0,0,0
1223,0,0,0,0,0,0,0,0,0,0,0,0,0,0,0,0
1224,0,0,0,1,0,31,0,,0,0,0,0,0,0,0,0
1226,0,0,0,0,0,13,0,0,0,0,0,0,0,0,0,0
1227,0,0,0,0,0,0,0,0,0,0,0,0,0,0,0,0
1228,0,0,0,0,0,0,0,0,0,0,0,0,0,0,0,0
1230,0,0,0,0,0,14,0,0,0,0,0,0,0,0,0,0
1231,0,0,0,0,0,0,0,0,0,0,0,0,0,0,0,0
1232,0,0,0,0,0,0,0,0,0,0,0,0,0,0,0,0
1233,0,0,0,0,0,12,0,0,0,0,0,0,0,0,0,0
1234,0,0,0,0,0,34,0,0,0,0,0,0,0,0,0,0
1235,,0,0,0,23,0,0,0,0,0,0,0,0,0,0,0
1238,0,0,0,0,0,0,0,0,0,0,0,0,0,0,0,0
1239,0,0,0,0,0,8,0,0,0,0,0,0,0,0,0,0
1240,0,0,0,0,0,0,0,0,0,0,0,0,0,0,0,0
1241,0,0,0,0,0,0,0,0,0,0,0,0,0,0,0,0
1242,0,0,0,0,0,0,0,0,0,0,0,0,0,0,0,0
1243,0,0,0,0,0,21,0,0,0,0,0,0,0,0,0,0
1326,0,0,0,0,0,0,0,0,0,0,0,0,0,0,0,0
1327,0,0,0,0,0,0,0,0,0,0,0,0,0,0,0,0
1329,0,0,0,0,0,25,0,0,0,0,0,0,0,0,0,0
1331,0,0,0,0,10,0,0,0,0,0,0,0,0,0,0,0
1332,0,0,0,0,0,0,0,0,0,0,0,0,0,0,0,0
1333,0,0,0,0,0,0,0,0,0,0,0,0,0,0,0,0
1334,0,0,0,0,10,0,0,0,0,0,0,0,0,0,0,0
1335,0,0,0,0,13,0,0,0,0,0,0,0,0,0,0,0
1336,0,0,0,0,22,0,0,0,0,0,0,0,0,0,0,0
1337,0,0,0,0,0,0,0,0,0,0,0,0,0,0,0,0
1338,0,0,0,0,0,0,0,0,0,0,0,0,0,0,0,0
1339,0,0,0,0,0,0,0,0,0,0,0,0,0,0,0,0
1340,0,0,0,0,0,0,0,0,0,0,0,0,0,0,0,0
1411,0,0,0,0,0,0,0,0,0,0,0,0,0,0,0,0
1412,0,0,0,0,0,0,0,0,0,0,0,0,0,0,0,0
1413,0,0,0,0,0,0,0,0,0,0,0,0,0,0,0,0
1414,0,0,0,0,0,22,0,0,0,0,0,0,0,0,0,0
1416,0,0,0,0,0,9,0,0,0,0,0,0,0,0,0,0
1417,0,0,0,0,0,0,0,0,0,0,0,0,0,0,0,0
1418,0,0,0,0,0,0,0,0,0,0,0,0,0,0,0,0
1419,,,0,0,0,14,0,0,0,0,0,0,0,0,0,0
1420,0,0,0,0,0,22,0,0,0,0,0,0,0,0,0,0
1421,0,0,0,0,0,13,0,0,0,0,0,0,0,0,0,0
1423,0,0,0,0,0,0,0,0,0,0,0,0,0,0,0,0
1424,0,0,0,0,0,0,0,0,0,0,0,0,0,0,0,0
1425,0,0,0,0,0,0,0,0,0,0,0,0,0,0,0,0
1496,0,0,0,0,0,0,0,0,0,0,0,0,0,0,0,0
1497,0,0,0,0,0,0,0,0,0,0,0,0,0,0,0,0
1498,0,0,0,0,0,0,0,0,0,0,0,0,0,0,0,0
1501,0,0,0,0,11,0,0,0,0,0,0,0,0,0,0,0
1502,0,0,0,0,0,0,0,0,0,0,0,0,0,0,0,0
1503,0,0,0,0,0,0,0,0,0,0,0,0,0,0,0,0
1504,0,0,0,0,31,0,0,0,0,0,0,0,0,0,0,0
1505,0,0,0,0,31,0,0,0,0,0,0,0,0,0,0,0
1506,0,0,1,0,14,0,0,0,0,0,2,0,0,0,0,0
1508,0,0,0,0,0,0,0,0,0,0,0,0,0,0,0,0
1509,0,0,0,0,0,0,0,0,0,0,0,0,0,0,0,0
1510,0,0,0,0,0,0,0,0,0,0,0,0,0,0,0,0
1566,0,0,0,0,22,0,0,0,0,0,0,0,0,0,0,0
1567,0,0,0,0,0,0,0,0,0,0,0,0,0,0,0,0
1568,0,0,0,0,14,0,0,0,0,0,0,0,0,0,0,0
1569,0,,0,0,46,0,0,0,0,0,0,0,0,0,0,0
1570,0,0,0,0,25,0,0,0,0,0,0,0,0,0,0,0
1571,0,0,0,0,0,0,0,0,0,0,0,0,0,0,0,0
1572,0,0,0,0,0,0,0,0,0,0,0,0,0,0,0,0
1574,0,0,0,0,0,0,0,0,0,0,0,0,0,0,0,0
1575,0,0,0,0,14,0,0,0,0,0,0,0,0,0,0,0
1576,0,0,0,0,0,0,0,0,0,0,0,0,0,0,0,0
1638,26,0,0,0,94,0,0,0,60,0,0,0,0,0,0,0
1639,0,0,0,0,0,0,0,0,0,0,0,0,0,0,0,0
1640,20,0,0,0,101,0,0,0,139,0,0,0,1891,0,0,0
1641,35,0,0,0,76,0,0,0,22,0,0,0,1597,0,0,0
1642,18,0,0,0,98,0,0,0,180,0,0,0,1527,0,0,0
1643,0,0,0,0,0,0,0,0,0,0,0,0,0,0,0,0
1644,0,0,0,0,0,0,0,0,0,0,0,0,0,0,0,0
1645,12,0,0,0,128,0,0,0,0,0,0,0,0,0,0,0
1646,13,0,0,0,91,0,0,0,1,0,0,0,65,0,0,0
1649,0,0,0,0,0,0,0,0,0,0,0,0,0,0,0,0
1650,0,0,0,0,0,0,0,0,0,0,0,0,0,0,0,0
1651,0,0,0,0,0,0,0,0,0,0,0,0,0,0,0,0
1652,0,0,0,0,0,0,0,0,0,0,0,0,0,0,0,0
1747,0,0,0,0,0,0,0,0,0,0,0,0,0,0,0,0
1748,0,0,0,0,0,0,0,0,0,0,0,0,0,0,0,0
1749,0,0,0,0,0,0,0,0,0,0,0,0,0,0,0,0
1750,0,6,0,0,0,36,0,0,0,4414,0,0,0,138,0,0
1752,0,9,0,0,0,50,0,0,0,2023,0,0,0,46,0,0
1753,0,0,0,0,0,0,0,0,0,0,0,0,0,0,0,0
1754,0,0,0,0,0,0,0,0,0,0,0,0,0,0,0,0
1755,0,5,0,0,0,67,0,0,0,0,0,0,0,0,0,0
1756,0,21,0,0,0,79,0,0,0,0,0,0,0,0,0,0
1757,0,0,0,0,0,0,0,0,0,0,0,0,0,0,0,0
1760,0,10,0,0,0,71,0,0,0,147,0,0,0,4905,0,0
1761,0,8,0,0,0,112,0,0,0,3165,0,0,0,119,0,0
1762,0,0,0,0,0,0,0,0,0,0,0,0,0,0,0,0
1856,0,0,0,0,0,0,0,0,0,0,0,0,0,0,0,0
1857,0,0,0,0,0,0,0,0,0,0,0,0,0,0,0,0
1858,0,0,0,0,0,0,0,0,0,0,0,0,0,0,0,0
1859,20,0,0,0,53,0,0,0,58,0,0,0,1173,0,0,0
1861,6,0,0,0,33,0,0,0,40,0,0,0,680,0,0,0
1862,0,0,0,0,0,0,0,0,0,0,0,0,0,0,0,0
1863,14,0,0,0,60,0,0,0,200,0,0,0,0,0,0,0
1866,0,0,0,0,0,0,0,0,0,0,0,0,0,0,0,0
1867,0,0,0,0,0,0,0,0,0,0,0,0,0,0,0,0
1868,12,0,0,0,67,0,0,0,55,0,0,0,2917,0,0,0
1869,11,0,0,0,67,0,0,0,13,0,0,0,0,0,0,0
1870,0,0,0,0,0,0,0,0,0,0,0,0,0,0,0,0
1871,0,0,0,0,0,0,0,0,0,0,0,0,0,0,0,0
1872,0,0,0,0,0,0,0,0,0,0,0,0,0,0,0,0
1873,9,0,0,0,69,0,,0,7,0,0,0,0,0,0,0
1874,0,0,0,0,0,0,0,0,0,0,0,0,0,0,0,0
1877,16,0,0,0,90,0,0,0,162,0,0,0,850,0,0,0
1878,20,0,0,0,70,0,0,0,13,0,0,0,147,0,0,0
1879,0,0,0,0,0,0,0,0,0,0,0,0,0,0,0,0
1880,0,0,0,0,0,0,0,0,0,0,0,0,0,0,0,0
1881,0,0,0,0,0,0,0,0,0,0,0,0,0,0,0,0
1882,0,0,0,0,0,0,0,0,0,0,0,0,0,0,0,0
1883,0,0,0,0,0,0,0,0,0,0,0,0,0,0,0,0
2001,0,0,0,0,0,0,0,0,0,0,0,0,0,0,0,0
2002,0,0,0,0,0,0,0,0,0,0,0,0,0,0,0,0
2003,0,0,0,0,0,0,0,0,0,0,0,0,0,0,0,0
2004,0,6,0,0,0,57,0,0,0,3935,0,0,0,120,0,0
2007,0,0,0,0,0,0,0,0,0,0,0,0,0,0,0,0
2008,,18,0,0,0,47,0,0,0,4897,0,0,0,466,0,0
2010,0,13,0,0,0,74,0,0,0,1420,0,0,0,169,0,0
2011,0,0,0,0,0,0,0,0,0,0,0,0,0,0,0,0
2013,0,11,0,0,0,79,0,0,0,200,0,0,0,1,0,0
2014,0,8,0,0,0,61,0,0,0,0,0,0,0,0,0,0
2015,0,0,0,0,0,0,0,0,0,0,0,0,0,0,0,0
2016,0,0,0,0,0,0,0,0,0,0,0,0,0,0,0,0
2017,0,12,0,0,0,80,0,0,0,0,0,0,0,0,0,0
2018,0,16,0,0,0,56,0,0,0,0,0,0,0,0,0,0
2019,0,0,0,0,0,0,0,0,0,0,0,0,0,0,0,0
2022,0,11,0,0,0,57,0,0,0,1,0,0,0,49,0,0
2023,0,2,0,0,0,81,0,0,0,45,0,0,0,4395,0,0
2024,0,0,0,0,0,0,0,0,0,0,0,0,0,0,0,0
2025,0,0,0,0,0,0,0,0,0,0,0,0,0,0,0,0
2026,0,0,0,0,0,0,0,0,0,0,0,0,0,0,0,0
2027,0,4,0,0,0,67,0,0,0,227,0,0,0,10,0,0
2028,0,0,0,0,0,0,0,0,0,0,0,0,0,0,0,0
2146,0,0,0,0,0,0,0,0,0,0,0,0,0,0,0,0
2147,0,0,0,0,0,0,0,0,0,0,0,0,0,0,0,0
2148,0,0,0,0,0,0,0,0,0,0,0,0,0,0,0,0
2149,18,0,0,0,97,0,0,0,48,0,0,0,700,0,0,0
2151,32,0,0,0,82,0,0,0,90,0,0,0,1162,0,0,0
2152,0,0,0,0,0,0,0,0,0,0,0,0,0,0,0,0
2153,18,0,0,0,107,0,0,0,90,0,0,0,0,0,0,0
2154,14,0,0,0,88,0,0,0,145,0,0,0,5246,0,0,0
2155,12,0,0,0,100,0,0,0,44,0,0,0,1068,0,0,0
2156,0,0,0,0,0,0,0,0,0,0,0,0,0,0,0,0
2157,0,0,0,0,0,0,0,0,0,0,0,0,0,0,0,0
2158,22,0,0,0,82,0,0,0,20,0,0,0,61,0,0,0
2159,30,0,0,0,97,0,0,0,2,0,0,0,30,0,0,0
2160,0,0,0,0,0,0,0,0,0,0,0,0,0,0,0,0
2161,0,0,0,0,0,0,0,0,0,0,0,0,0,0,0,0
2162,13,0,0,0,85,0,0,0,4,0,0,0,24,0,0,0
2163,13,0,0,0,93,0,0,0,5,0,0,0,60,0,0,0
2164,0,0,0,0,0,0,0,0,0,0,0,0,0,0,0,0
3038,0,0,0,0,0,0,0,0,0,0,0,0,0,0,0,0
3039,14,21,0,0,121,142,0,0,30,0,0,0,51,0,0,0
3040,24,24,0,0,137,131,0,0,1,1,0,0,24,4,0,0
3042,57,47,0,0,103,100,0,0,10,0,0,0,682,0,0,0
3044,32,27,0,0,70,131,0,0,16,0,0,0,433,2,0,24
3046,0,0,0,0,0,0,0,0,0,0,0,0,0,0,0,0
3095,0,0,0,0,0,0,0,0,0,0,0,0,0,0,0,0
3096,0,0,0,0,0,0,0,0,0,0,0,0,0,0,0,0
3097,27,0,0,0,117,0,0,0,3,0,0,0,417,0,0,0
3098,0,0,0,0,0,0,0,0,0,0,0,0,0,0,0,0
3099,47,0,0,0,48,0,0,0,1,0,0,0,468,0,0,0
3100,0,0,0,0,0,0,0,0,0,0,0,0,0,0,0,0
3101,0,0,0,0,0,0,0,0,0,0,0,0,0,0,0,0
3102,77,0,0,0,74,0,0,0,0,0,0,0,0,0,0,0
3103,0,0,0,0,0,0,0,0,0,0,0,0,0,0,0,0
3104,0,0,0,0,0,0,0,0,0,0,0,0,0,0,0,0
3105,26,0,0,0,116,0,0,0,4,0,0,0,0,0,0,0
3106,31,0,0,0,74,0,0,0,1,0,0,0,350,0,0,0
3107,0,0,0,0,0,0,0,0,0,0,0,0,0,0,0,0
3108,28,0,0,0,137,0,0,0,20,0,0,0,638,0,0,0
3109,39,0,0,0,75,0,0,0,1,0,0,0,355,0,0,0
3110,0,0,0,0,0,0,0,0,0,0,0,0,0,0,0,0
3111,0,0,0,0,0,0,0,0,0,0,0,0,0,0,0,0
3148,0,0,0,0,0,0,0,0,0,0,0,0,0,0,0,0
3150,19,22,0,0,157,30,0,0,1,0,0,0,342,0,0,0
3199,0,0,0,0,0,0,0,0,0,0,0,0,0,0,0,0
3200,0,0,0,0,0,0,0,0,0,0,0,0,0,0,0,0
3201,5,0,0,0,81,0,0,0,1,0,0,0,351,0,0,0
3202,0,0,0,0,0,0,0,0,0,0,0,0,0,0,0,0
3203,36,0,0,0,65,0,0,0,0,0,0,0,0,0,0,0
3204,0,0,0,0,0,0,0,0,0,0,0,0,0,0,0,0
3205,0,0,0,0,0,0,0,0,0,0,0,0,0,0,0,0
3206,37,0,0,0,111,0,0,0,0,0,0,0,0,0,0,0
3207,0,0,0,0,0,0,0,0,0,0,0,0,0,0,0,0
3208,0,0,0,0,0,0,0,0,0,0,0,0,0,0,0,0
3209,59,0,0,0,61,0,0,0,2,0,0,0,165,0,0,0
3211,0,0,0,0,0,0,0,0,0,0,0,0,0,0,0,0
3212,19,0,0,0,67,0,0,0,6,0,0,0,2164,0,0,0
3213,24,0,0,0,57,0,0,0,1,0,0,0,351,0,0,0
3214,0,0,0,0,0,0,0,0,0,0,0,0,0,0,0,0
3215,0,0,0,0,0,0,0,0,0,0,0,0,0,0,0,0
3216,0,0,0,0,0,0,0,0,0,0,0,0,0,0,0,0
3257,0,0,0,0,0,0,0,0,0,0,0,0,0,0,0,0
3258,0,0,0,0,0,0,0,0,0,0,0,0,0,0,0,0
3260,32,0,0,0,75,0,0,0,10,0,0,0,678,0,0,0
3262,35,0,0,0,86,0,0,0,1,0,0,0,0,0,0,0
3263,1,,0,0,84,0,0,0,2,0,0,0,125,0,0,0
3264,27,0,0,0,83,0,0,0,3,0,0,0,1530,0,0,0
3266,0,0,0,0,0,0,0,0,0,0,0,0,0,0,0,0
3296,37,28,0,0,155,112,0,0,13,,0,0,867,78,0,0
3297,22,16,0,0,151,56,0,0,17,2517,0,0,1260,78,0,0
3326,0,0,0,0,0,0,0,0,0,0,0,0,0,0,0,0
3328,35,0,0,0,83,0,0,0,1,0,0,0,453,0,0,0
3330,17,0,0,0,97,0,0,0,0,0,0,0,0,0,0,0
3331,13,0,0,0,57,0,0,0,1,0,0,0,35,0,0,0
3332,1,0,0,0,70,0,0,0,1,0,0,0,25,0,0,0
3334,0,0,0,0,0,0,0,0,0,0,0,0,0,0,0,0
3383,0,0,0,0,0,0,0,0,0,0,0,0,0,0,0,0
3384,0,0,0,0,0,0,0,0,0,0,0,0,0,0,0,0
3385,0,13,0,0,0,122,0,0,0,3686,0,0,0,241,0,0
3386,0,0,0,0,0,0,0,0,0,0,0,0,0,0,0,0
3387,,12,0,0,0,122,0,0,0,611,0,0,0,121,0,0
3388,0,0,0,0,0,0,0,0,0,0,0,0,0,0,0,0
3389,0,0,0,0,0,0,0,0,0,0,0,0,0,0,0,0
3390,,18,0,0,0,96,0,0,0,52,0,0,0,517,0,0
3391,0,0,0,0,0,0,0,0,0,0,0,0,0,0,0,0
3392,0,0,0,0,0,0,0,0,0,0,0,0,0,0,0,0
3393,0,19,0,0,0,69,0,0,0,1514,0,0,0,53,0,0
3394,0,16,0,0,0,79,0,0,0,1089,0,0,0,84,0,0
3395,0,0,0,0,0,0,0,0,0,0,0,0,0,0,0,0
3396,0,14,0,0,0,61,0,0,0,190,0,0,0,1340,0,0
3397,0,20,0,0,0,118,0,0,0,2031,0,0,0,126,0,0
3398,0,0,0,0,0,0,0,0,0,0,0,0,0,0,0,0
3399,0,0,0,0,0,0,0,0,0,0,0,0,0,0,0,0
3400,0,13,0,0,0,134,0,0,0,19,0,0,0,6,0,0
3442,0,0,0,0,0,0,0,0,0,0,0,0,0,0,0,0
3444,0,25,0,0,0,114,0,0,0,554,0,0,0,115,0,0
3446,0,19,0,0,0,100,0,0,0,801,0,0,0,166,0,
3448,0,26,0,0,0,53,0,0,0,0,0,0,0,20,0,134
3450,0,0,0,0,0,0,0,0,0,0,0,0,0,0,0,0
3498,0,0,0,0,0,0,0,0,0,0,0,0,0,0,0,0
3554,0,0,0,0,0,0,0,0,0,0,0,0,0,0,0,0
3556,0,27,0,0,0,140,0,0,0,114,0,0,0,240.09,0,0
3558,0,35,0,,0,103,0,,0,0,0,0,0,0,0,0
3560,0,22,0,0,0,111,0,0,0,0,0,0,0,0,0,0
3562,0,0,0,0,0,0,0,0,0,0,0,0,0,0,0,0
3611,0,0,0,0,0,0,0,0,0,0,0,0,0,0,0,0
3612,0,0,0,0,0,0,0,0,0,0,0,0,0,0,0,0
3613,23,22,0,0,130,138,0,0,5,153,0,0,452,6,0,0
3614,0,0,0,0,0,0,0,0,0,0,0,0,0,0,0,0
3615,33,35,0,0,99,150,0,0,22,55,0,0,625,2,0,0
3616,0,0,0,0,0,0,0,0,0,0,0,0,0,0,0,0
3617,0,0,0,0,0,0,0,0,0,0,0,0,0,0,0,0
3618,19,21,0,0,131,107,0,0,15,0,0,0,205,0,0,0
3619,0,0,0,0,0,0,0,0,0,0,0,0,0,0,0,0
3620,0,0,0,0,0,0,0,0,0,0,0,0,0,0,0,0
3621,11,11,0,0,123,124,0,0,0,15,0,0,0,2,0,0
3622,22,16,0,0,135,125,0,0,0,210,0,0,452,5,0,0
3623,0,0,0,0,0,0,0,0,0,0,0,0,0,0,0,0
3624,0,0,0,0,0,0,0,0,0,0,0,0,0,0,0,0
3625,24,19,0,,96,143,0,0,50,0,0,0,972,0,0,0
3626,0,0,0,0,0,0,0,0,0,0,0,0,0,0,0,0
3627,0,0,0,0,0,0,0,0,0,0,0,0,0,0,0,0
3628,17,25,0,0,117,152,0,0,16,0,0,0,663,0,0,0
3667,28,30,0,0,104,102,0,0,0,1580,0,0,0,86,0,0
3668,30,14,0,0,71,137,0,0,23,0,0,0,39,0,0,0
3669,0,0,0,0,0,0,0,0,0,0,0,0,0,0,0,0
3670,44,30,0,0,101,100,0,0,35,89,0,0,1318,1221,0,0
3671,25,22,0,,96,10,1,0,22,488,0,0,1095,28,0,0
3672,0,0,0,0,0,0,0,0,0,0,0,0,0,0,0,0
3673,0,0,0,0,0,0,0,0,0,0,0,0,0,0,0,0
3674,0,0,0,0,0,0,0,0,0,0,0,0,0,0,0,0
3705,0,0,0,0,0,0,0,0,0,0,0,0,0,0,0,0
3706,0,0,0,0,0,0,0,0,0,0,0,0,0,0,0,0
3707,89,23,0,0,98,100,0,0,5,64,0,0,470,3,0,0
3708,0,0,0,0,0,0,0,0,0,0,0,0,0,0,0,0
3709,50,19,0,0,107,50,0,0,5,575,0,0,537,105,0,0
3710,0,0,0,0,0,0,0,0,0,0,0,0,0,0,0,0
3711,0,0,0,0,0,0,0,0,0,0,0,0,0,0,0,0
3712,13,16,0,0,147,116,0,0,14,,0,0,0,147,0,0
3713,0,0,0,0,0,0,0,0,0,0,0,0,0,0,0,0
3714,0,0,0,0,0,0,0,0,0,0,0,0,0,0,0,0
3728,29,45,0,0,83,115,0,0,2,,0,0,409,42,0,0
5949,0,0,0,0,0,0,0,0,0,0,0,0,0,0,0,0
5958,0,0,0,0,0,0,0,0,0,0,0,0,0,0,0,0
5959,0,0,0,0,0,29,0,0,0,0,0,0,0,0,0,0
5963,0,0,0,0,0,39,0,0,0,0,0,0,0,135,0,0
5964,0,0,0,0,0,21,0,0,0,0,0,0,0,0,0,0
5965,0,0,0,0,0,8,0,0,0,0,0,0,0,0,0,0
5966,0,0,0,0,0,20,0,0,0,0,0,0,0,0,0,0
5968,0,0,0,0,0,9,0,0,0,0,0,0,0,0,0,0
5969,0,0,0,0,0,26,0,0,0,0,0,0,0,0,0,0
5970,0,0,0,0,0,21,0,0,0,0,0,0,0,0,0,0
5971,0,0,0,0,0,17,0,0,0,0,0,0,0,0,0,0
5972,0,0,0,0,0,8,0,0,0,0,0,0,0,0,0,0
5973,0,,0,0,0,9,0,0,0,0,0,0,0,0,0,0
6055,0,0,0,0,16,0,0,0,0,0,0,0,0,0,0,0
6056,0,0,0,0,6,0,0,0,0,0,0,0,0,0,0,0
6061,0,0,0,0,11,0,0,0,0,0,0,0,0,0,0,0
6064,0,0,0,0,8,0,0,0,0,0,0,0,0,0,0,0
6067,0,0,0,0,17,0,0,0,0,0,0,0,0,0,0,0
6069,0,0,0,0,5,0,0,0,0,0,0,0,0,0,0,0
6071,0,0,1,0,11,0,0,0,0,0,0,0,0,0,0,0
6145,0,0,0,0,0,29,0,0,0,0,0,0,0,0,0,0
6146,0,0,0,0,0,11,0,0,0,0,0,0,0,0,0,0
6153,0,0,0,1,0,20,0,0,0,0,0,0,0,0,0,0
6156,0,0,0,1,0,7,0,0,0,0,0,0,0,0,0,0
6159,0,0,0,0,0,6,0,0,0,0,0,0,0,0,0,0
6233,0,0,0,0,18,0,0,0,0,0,0,0,0,0,0,0
6235,0,0,0,0,19,0,0,0,0,0,0,0,0,0,0,0
6250,0,0,0,0,26,0,0,0,0,0,0,0,0,0,0,0
6308,0,0,0,0,0,0,0,0,0,0,0,0,0,0,0,0
6317,0,0,0,0,11,0,0,0,0,0,0,0,0,0,0,0
6319,0,0,0,0,73,0,0,0,0,0,0,0,0,0,0,0
6395,35,39,0,0,110,100,0,0,44,4812,0,0,2226,165,0,0
6397,27,35,0,0,57,108,0,0,97,3478,0,0,2856,143,0,0
6399,0,0,0,0,0,0,0,0,0,0,0,0,0,0,0,0
6405,23,33,0,0,73,114,0,0,19,60,0,0,0,0,0,0
6410,29,29,0,0,81,110,0,0,369,51,0,0,5879,1,0,0
6413,24,35,0,0,104,100,0,0,69,3,0,0,4.953,179,0,0
6416,24,12,0,0,82,80,1,0,42,0,0,0,1.714,0,0,0
6418,23,23,0,0,104,120,0,0,84,0,0,0,1261,0,0,0
6419,27,24,0,0,91,105,0,0,217,22,0,0,2237,562,0,0
6420,28,54,0,0,118,109,0,0,34,515,0,0,1965,55,0,0
6422,25,26,0,0,80,113,0,0,112,0,0,0,1954,0,0,0
6423,9,65,0,0,52,90,0,0,76,0,0,0,4164,0,0,0
6518,27,0,0,0,116,0,0,0,38,0,0,0,1028,0,0,0
6520,23,0,0,0,100,0,0,0,0,0,0,0,0,0,0,0
6526,43,0,2,0,106,0,0,0,0,0,0,0,0,0,0,0
6527,17,0,0,0,107,0,0,0,76,0,0,0,0,0,0,0
6533,31,0,0,0,114,0,0,0,100,0,0,0,1632,0,0,0
6603,,3,0,0,0,52,0,0,0,3910,0,0,0,95,0,0
6605,0,13,0,0,0,19,0,0,0,0,0,0,0,0,0,0
6609,0,24,0,0,0,100,0,0,0,5,0,0,0,216,0,0
6613,0,15,0,0,0,80,0,0,0,3,0,0,0,129,0,0
6614,0,20,0,0,0,85,0,0,0,1325,0,0,0,7,0,0
6616,0,19,0,0,0,90,0,0,0,0,0,0,0,0,0,0
6617,,10,0,0,,87,0,0,,89,0,0,,3613,0,0
6618,0,4,0,0,0,99,0,0,0,1456,0,0,0,12,0,0
6619,0,15,0,0,0,37,0,0,0,380,0,0,0,2913,0,0
6714,5,0,0,0,76,0,0,0,62,0,0,0,0,0,0,0
6728,21,0,0,0,557,0,0,0,60,0,0,0,316.194,0,0,0
6738,15,0,0,0,61,0,0,0,70,0,0,0,1169,0,0,0
6865,0,30,0,0,0,62,0,0,0,3693,0,0,0,190,0,0
6867,0,18,0,0,0,38,0,0,0,350,0,0,0,8,0,0
6869,0,13,0,0,0,44,0,0,0,218,0,0,0,13,0,0
6879,9,0,0,0,52,0,0,0,274,0,0,0,4608,0,0,0
6883,0,3,0,0,0,78,0,0,0,0,0,0,0,135,0,0
6885,0,4,0,0,0,37,0,0,0,2319,0,0,0,102,0,0
6887,0,13,0,0,0,69,0,0,0,2112,0,0,0,85,0,0
6888,0,5,0,0,0,67,0,0,0,1746,0,0,0,51,0,0
6889,0,8,0,0,0,89,0,0,0,130,0,0,0,3158,0,0
6890,0,14,0,0,0,49,0,0,0,7,0,0,0,276,0,0
6893,0,10,0,0,0,51,0,0,0,2253,0,0,0,216,0,0
7014,15,0,0,0,100,0,0,0,41,0,0,0,1343,0,0,0
7165,0,29,0,0,0,93,0,0,0,4296,0,0,0,163,0,0
7167,0,22,0,0,0,81,0,0,0,361,0,0,0,33,0,0
7169,0,30,0,0,0,99,0,0,0,0,0,0,0,70,0,0
7177,0,16,0,0,0,121,0,0,0,132,0,0,0,4550,0,0
7179,0,21,0,0,0,100,0,0,0,2,0,0,0,100,0,0
7183,0,20,0,0,0,100,0,0,0,3,0,0,0,102,0,0
7184,0,36,0,0,0,107,0,0,0,63,0,0,0,3,0,0
7185,0,20,0,0,0,73,0,0,0,3522,0,0,0,512,0,0
7187,0,27,0,0,0,98,0,0,0,4647,0,0,0,200,0,0
7188,0,29,0,0,0,85,0,0,0,1040,0,0,0,54,0,0
7189,0,15,0,0,0,84,0,0,0,1,0,0,0,50,0,0
7190,0,23,0,0,0,91,0,0,0,,0,0,0,114,0,0
7193,0,24,0,0,0,94,0,0,0,4198,0,0,0,396,0,0
7259,130,25,0,0,74,60,0,0,0,273,0,0,0,66,0,0
7271,5,12,0,0,55,44,0,0,0,902,0,0,0,27,0,0
7346,13,13,0,0,124,102,0,0,0,1995,0,0,0,58,0,0
7347,5,3,0,0,84,44,0,0,0,1694,0,0,0,63,0,0
7350,15,15,0,0,161,95,0,0,0,2743,0,0,0,184,0,0
7356,1,10,0,0,120,65,0,0,0,0,0,0,0,0,0,0
7359,10,5,0,0,120,56,0,0,3,,0,0,38.052,,0,0
7363,4,15,0,0,80,74,0,0,75,0,0,0,0,0,0,0
7364,7,27,0,0,142,109,0,0,0,0,0,0,0,0,0,0
7366,14,14,0,0,77,85,0,0,0,355,0,0,0,10.872,0,0
7367,14,10,0,0,83,64,0,0,0,33,0,0,0,1094,0,0
7369,11,12,0,0,73,60,0,0,0,112,0,0,0,3,0,0
7370,10,15,0,0,124,76,0,0,0,1634,0,0,0,43,0,0
7371,7,4,0,0,58,23,0,0,5,33,0,0,283,1056,0,0
7373,4,16,0,0,80,63,0,0,47,13,0,0,217.893,221.97,0,0
7514,11,9,0,0,65,64,0,0,25,806,0,0,1269,27,0,0
7515,5,2,0,0,45,13,0,0,0,632,0,0,0,23,0,0
7518,0,13,0,0,88,72,0,0,0,589,0,0,0,19.479,0,0
7524,2,7,0,0,90,40,0,0,0,0,0,0,0,0,0,0
7527,9,19,0,0,50,51,0,0,,,0,0,0,,0,0
7531,5,4,0,0,51,23,0,0,0,35,0,0,0,228.765,0,0
7532,11,6,0,0,79,66,0,0,0,0,0,0,0,0,0,0
7535,7,7,0,0,40,48,0,0,0,0,0,0,0,0,0,0
7536,5,9,0,0,37,79,0,0,0,72,0,0,0,2,0,0
7537,,8,0,0,9,48,0,0,0,112,0,0,0,3,0,0
7538,12,10,0,0,48,45,0,0,0,365,0,0,0,7,0,0
7539,4,3,0,0,43,29,0,0,,19,0,0,,636,0,0
7540,2,10,0,0,35,74,0,0,0,0,0,0,0,0,0,0
7541,5,3,0,0,25,56,0,0,,19,0,0,0,277.236,0,0
7683,0,6,0,0,89,51,0,0,0,1433,0,0,0,139,0,0
7693,4,8,0,0,67,83,0,0,0,0,0,0,0,0,0,0
7705,6,9,0,0,29,35,0,0,0,0,0,0,0,49.83,0,0
7812,17,21,0,0,163,124,0,0,1,,0,0,365,0,0,0
7825,25,0,0,0,190,0,0,0,8,0,0,0,611,0,0,0
8054,28,0,0,0,122,0,0,0,1,0,0,0,340,0,0,0
8070,15,0,0,0,97,0,0,0,0,0,0,0,0,0,0,0
8381,57,0,0,0,117,0,0,0,25,0,0,0,1126,0,0,0
8605,0,15,0,0,0,149,0,0,0,921,0,0,0,16,0,0
9085,0,2,0,0,147,134,0,0,0,0,0,0,0,0,0,0
9099,0,0,0,0,89,129,0,0,0,0,0,0,0,0,0,0
9103,0,0,0,0,179,76,0,0,0,0,0,0,0,0,0,0
9109,0,3,0,0,129,138,0,0,0,0,0,0,0,0,0,0
9110,0,2,0,0,85,139,0,0,0,0,0,0,0,0,0,0
9113,0,0,0,0,96,156,0,0,0,0,0,0,0,0,0,0
9176,10,0,0,0,0,0,0,0,0,0,0,0,0,0,0,0
9178,0,0,0,0,0,0,0,0,0,0,0,0,0,0,0,0
9213,15,31,0,0,185,110,0,0,0,2884,0,0,0,188,0,0
9215,30,18,0,0,143,100,0,0,1,1283,0,0,386,140,0,0
9218,25,1,0,0,136,22,0,0,12,1692,0,0,595,235,0,0
9221,15,37,0,0,95,97,0,0,1,853,0,0,343,135,0,0
9229,20,28,0,0,185,90,0,0,2,99,0,0,360,330.237,0,0
9231,25,15,0,0,125,113,0,0,1,2012,0,0,360,79,0,0
9234,16,19,0,0,75,118,0,0,0,45,0,0,0,3,0,0
9288,25,26,0,0,145,155,0,0,1,1957,0,0,499,155,0,0
9289,41,27,0,1,121,146,0,0,10,123,0,0,163.986,175.311,0,0
9290,25,14,0,0,74,1451,0,0,1,0,0,0,385,0,0,0
9291,17,26,0,0,178,131,0,0,0,116,0,0,0,5,0,0
9292,21,16,0,0,130,100,0,0,1,436,0,0,450,20,0,0
9294,13,13,0,0,82,162,0,0,1,0,0,0,348,0,0,0
9295,28,29,0,0,166,0,0,0,0,130,0,0,0,0,0,0
9296,26,25,0,0,127,92,0,0,1,40,0,0,340,137.259,0,0
9297,27,15,0,0,103,128,0,0,0,155,0,0,0,10,0,0
9298,18,20,0,0,83,134,0,0,1,81,0,0,368,7,0,0
9299,20,24,0,0,158,118,0,0,1,100,0,0,340,1391,0,0
9301,31,10,0,0,87,159,0,0,0,0,0,0,0,0,0,0
9303,18,19,0,0,203,134,0,0,1,1120,0,0,340,117,0,0
9307,19,19,0,0,189,100,0,0,0,559,0,0,0,61,0,0
9309,36,15,0,0,114,124,0,0,1,0,0,0,1,0,0,0
9310,23,20,0,0,141,86,0,0,60,1006,0,0,572,45,0,0
9366,17,18,0,0,100,121,0,0,37,160,0,0,375.99,560.814,0,0
9367,28,23,0,1,131,152,0,0,1,0,0,0,174.858,0,0,0
9369,18,20,0,0,84,140,0,0,0,1687,0,0,0,75,0,0
9370,19,12,0,0,100,71,0,0,46,1387,0,0,1135,20,0,0
9373,17,29,0,0,114,115,0,0,1,0,0,0,351,0,0,0
9374,22,14,0,0,97,55,0,0,19,104,0,0,391.392,518.685,0,0
9375,12,17,0,0,57,174,0,0,1,1160,0,0,382,11,0,0
9377,17,41,0,0,163,118,0,0,13,,0,0,979,,0,0
9379,17,11,0,0,59,179,0,0,74,0,0,0,2136,0,0,0
9382,24,22,0,0,138,138,0,0,11,0,0,0,786,0,0,0
9383,12,23,0,0,32,162,0,0,43,0,0,0,1105,0,0,0
9385,1,15,0,0,146,128,0,0,1,221,0,0,240,5,0,0
9388,6,18,0,0,99,117,0,0,68,920,0,0,401.358,39.864,0,0
9390,9,25,0,0,54,130,0,0,10,0,0,0,16,0,0,0
9424,24,10,0,0,186,138,0,0,0,0,0,0,0,0,0,0
9426,17,11,0,0,147,117,0,0,0,0,0,0,0,0,0,0
9428,12,22,0,0,192,140,0,0,0,0,0,0,0,0,0,0
9429,25,7,0,0,148,110,0,0,1,0,0,0,287,0,0,0
9467,26,0,0,0,142,0,0,0,2,0,0,0,406,0,0,0
9475,34,0,0,0,105,0,0,0,1,0,0,0,109,0,0,0
9482,0,0,0,0,159,0,0,0,3,0,0,0,0,0,0,0
9546,29,0,0,0,101,0,0,0,3,0,0,0,600,0,0,0
9547,8,0,0,0,38,0,0,0,3,0,0,0,0,0,0,0
9565,0,0,0,0,40,0,0,0,0,0,0,0,0,0,0,0
9617,0,20,0,0,0,154,0,0,0,0,0,0,0,0,0,0
9618,0,20,0,0,0,140,0,0,0,17,0,0,0,3,0,0
9619,0,37,0,0,0,116,0,0,0,0,0,0,0,97,0,2090
9622,0,26,0,0,0,147,0,0,0,419,0,0,0,52,0,0
9623,0,14,0,0,0,107,0,0,0,,0,0,0,168,0,0
9624,0,34,0,0,0,84,0,0,0,1322,0,0,0,306,0,0
9625,0,12,0,0,0,125,0,0,0,156,0,0,0,2001,0,0
9626,0,20,0,0,0,154,0,0,0,472,0,0,0,16.761,0,0
9628,0,4,0,0,0,50,0,0,0,892,0,0,0,115,0,0
9633,0,20,0,0,0,106,0,0,0,3067,0,0,0,266,0,0
9635,0,11,0,0,0,138,0,0,0,75,0,0,0,0,0,0
9636,0,11,0,0,0,98,0,0,0,50,0,0,0,253.68,0,0
9638,0,30,0,0,0,90,0,0,0,1246,0,0,0,20,0,0
9640,0,18,0,0,0,112,0,0,0,0,0,0,0,0,0,0
9691,0,12,0,0,0,106,0,0,0,3922,0,0,0,80,0,0
9692,0,20,0,0,0,116,0,0,0,76,0,0,0,111.438,0,0
9694,0,21,0,0,0,120,0,0,0,0,0,0,0,103,0,0
9695,0,19,0,0,0,64,0,0,0,1752,0,0,0,142,0,0
9696,0,13,0,0,0,84,0,0,0,0,0,0,0,0,0,0
9699,,10,0,0,,43,0,0,,176,0,0,,622.875,0,0
9701,0,30,0,0,0,136,0,0,0,5,0,0,0,1460,0,0
9702,0,26,0,0,0,106,0,0,0,0,0,0,0,0,0,0
9703,0,3,0,0,0,38,0,0,0,2154,0,0,0,87,0,0
9704,0,17,0,0,0,145,0,0,0,0,0,0,0,0,0,0
9706,0,26,0,0,0,153,0,0,0,0,0,0,0,0,0,0
9710,0,32,0,0,0,138,0,0,0,255,0,0,0,31,0,0
9712,0,8,0,0,0,142,0,0,0,1461,0,0,0,78,0,0
9713,0,12,0,0,0,105,0,0,0,1346,0,0,0,50.283,0,0
9714,0,8,0,0,0,135,0,0,0,0,0,0,0,0,0,0
9715,0,10,0,0,0,143,0,0,0,0,0,0,0,0,0,0
9754,,,0,5,22,40,0,0,,,0,0,,,0,0