no_correlativo,pc_delantero_arriba1,pc_delantero_arriba2,pc_delantero_abajo1,pc_delantero_abajo2,pc_trasero_arriba1,pc_trasero_arriba2,pc_trasero_abajo1,pc_trasero_abajo2
63,,,,,,,,
65,,,,,,,,
66,,,,,,,,
67,,,,,,,,
68,67,66,46,46,6,70,,
69,,,,,,,,
71,,,,,,,,
73,,,,,,,,
74,,,,,,,,
75,,,,,,,,
76,35,35,31,31,49,49,13,13
77,,,,,,,,
78,,,,,,,,
81,,,,,,,,
82,,,,,,,,
83,,,,,,,,
85,,,,,,,,
86,,,,,,,,
87,,,,,,,,
406,,,,,,,,
407,,,,,,,,
408,,,,,,,,
409,,,,,,,,
411,,,,,,,,
412,,,,,,,,
413,,,,,,,,
415,,,,,,,,
416,,,,,,,,
417,,,,,,,,
418,59,19,46,46,71,71,32,32
419,,,,,,,,
420,,,,,,,,
421,,,,,,,,
422,,,,,,,,
423,,,,,,,,
424,,,,,,,,
427,,,,,,,,
428,,,,,,,,
429,,,,,,,,
430,,,,,,,,
431,,,,,,,,
432,,,,,,,,
623,,,,,,,,
625,,,,,,,,
626,39,27,58,20,68,12,49,26
628,58,58,22,22,58,51,49,49
629,,,,,,,,
631,,,,,,,,
665,,,,,,,,
666,,,,,,,,
667,,,,,,,,
668,,,,,,,,
669,,,,,,,,
670,,,,,,,,
671,,,,,,,,
672,,,,,,,,
673,,,,,,,,
674,,,,,,,,
675,,,,,,,,
676,,,,,,,,
677,,,,,,,,
711,,,,,,,,
712,,,,,,,,
714,,,,,,,,
787,,,,,,,,
788,,,,,,,,
789,,,,,,,,
790,,,,,,,,
792,,,,,,,,
793,,,,,,,,
794,,,,,,,,
796,,,,,,,,
798,,,,,,,,
799,25,16,60,60,31,31,38,38
800,,,,,,,,
801,,,,,,,,
802,,,,,,,,
803,,,,,,,,
804,,,,,,,,
805,,,,,,,,
808,,,,,,,,
809,,,,,,,,
810,,,,,,,,
811,,,,,,,,
812,,,,,,,,
813,,,,,,,,
935,,,,,,,,
936,,,,,,,,
937,,,,,,,,
938,,,,,,,,
940,,,,,,,,
941,,,,,,,,
942,,,,,,,,
945,,,,,,,,
946,,,,,,,,
947,,,,,,,,
948,,,,,,,,
1217,,,,,,,,
1218,,,,,,,,
1219,,,,,,,,
1220,,,,,,,,
1222,,,,,,,,
1223,,,,,,,,
1224,,,,,,,,
1226,,,,,,,,
1227,,,,,,,,
1228,,,,,,,,
1230,,,,,,,,
1231,,,,,,,,
1232,,,,,,,,
1233,,,,,,,,
1234,,,,,,,,
1235,,,,,,,,
1238,,,,,,,,
1239,,,,,,,,
1240,,,,,,,,
1241,,,,,,,,
1242,,,,,,,,
1243,,,,,,,,
1326,,,,,,,,
1327,,,,,,,,
1329,,,,,,,,
1331,,,,,,,,
1332,,,,,,,,
1333,,,,,,,,
1334,,,,,,,,
1335,,,,,,,,
1336,,,,,,,,
1337,,,,,,,,
1338,,,,,,,,
1339,,,,,,,,
1340,,,,,,,,
1411,,,,,,,,
1412,,,,,,,,
1413,,,,,,,,
1414,,,,,,,,
1416,,,,,,,,
1417,,,,,,,,
1418,,,,,,,,
1419,,,,,,,,
1420,,,,,,,,
1421,,,,,,,,
1423,,,,,,,,
1424,,,,,,,,
1425,,,,,,,,
1496,,,,,,,,
1497,,,,,,,,
1498,,,,,,,,
1501,,,,,,,,
1502,,,,,,,,
1503,,,,,,,,
1504,,,,,,,,
1505,,,,,,,,
1506,,,,,,,,
1508,,,,,,,,
1509,,,,,,,,
1510,,,,,,,,
1566,,,,,,,,
1567,,,,,,,,
1568,,,,,,,,
1569,36,36,51,51,51,51,51,51
1570,,,,,,,,
1571,,,,,,,,
1572,,,,,,,,
1574,,,,,,,,
1575,,,,,,,,
1576,,,,,,,,
1638,,,,,,,,
1639,,,,,,,,
1640,,,,,,,,
1641,59,67,51,22,15,33,55,55
1642,,,,,,,,
1643,,,,,,,,
1644,,,,,,,,
1645,,,,,,,,
1646,,,,,,,,
1649,,,,,,,,
1650,,,,,,,,
1651,,,,,,,,
1652,,,,,,,,
1747,,,,,,,,
1748,,,,,,,,
1749,,,,,,,,
1750,,,,,,,,
1752,,,,,,,,
1753,,,,,,,,
1754,,,,,,,,
1755,13,13,25,25,13,13,31,31
1756,,,,,,,,
1757,,,,,,,,
1760,,,,,,,,
1761,,,,,,,,
1762,,,,,,,,
1856,,,,,,,,
1857,,,,,,,,
1858,,,,,,,,
1859,,,,,,,,
1861,,,,,,,,
1862,,,,,,,,
1863,,,,,,,,
1866,,,,,,,,
1867,,,,,,,,
1868,19,19,22,22,36,15,59,59
1869,,,,,,,,
1870,,,,,,,,
1871,,,,,,,,
1872,,,,,,,,
1873,,,,,,,,
1874,,,,,,,,
1877,,,,,,,,
1878,,,,,,,,
1879,,,,,,,,
1880,,,,,,,,
1881,,,,,,,,
1882,,,,,,,,
1883,,,,,,,,
2001,,,,,,,,
2002,,,,,,,,
2003,,,,,,,,
2004,,,,,,,,
2007,,,,,,,,
2008,,,,,,,,
2010,,,,,,,,
2011,,,,,,,,
2013,11,11,31,60,1,1,40,40
2014,,,,,,,,
2015,,,,,,,,
2016,,,,,,,,
2017,35,35,56,56,11,11,25,25
2018,,,,,,,,
2019,,,,,,,,
2022,,,,,,,,
2023,,,,,,,,
2024,,,,,,,,
2025,,,,,,,,
2026,,,,,,,,
2027,,,,,,,,
2028,,,,,,,,
2146,,,,,,,,
2147,,,,,,,,
2148,,,,,,,,
2149,,,,,,,,
2151,,,,,,,,
2152,,,,,,,,
2153,,,,,,,,
2154,30,30,4,4,71,71,3,3
2155,,,,,,,,
2156,,,,,,,,
2157,,,,,,,,
2158,19,19,4,4,19,19,59,59
2159,,,,,,,,
2160,,,,,,,,
2161,,,,,,,,
2162,,,,,,,,
2163,,,,,,,,
2164,,,,,,,,
3038,,,,,,,,
3039,10,46,31,31,27,61,40,34
3040,,,,,,,,
3042,,,,,,,,
3044,21,21,60,60,47,47,25,25
3046,,,,,,,,
3095,,,,,,,,
3096,,,,,,,,
3097,,,,,,,,
3098,,,,,,,,
3099,,,,,,,,
3100,,,,,,,,
3101,,,,,,,,
3102,,,,,,,,
3103,,,,,,,,
3104,,,,,,,,
3105,,,,,,,,
3106,,,,,,,,
3107,,,,,,,,
3108,,,,,,,,
3109,,,,,,,,
3110,,,,,,,,
3111,,,,,,,,
3148,,,,,,,,
3150,,,,,,,,
3199,,,,,,,,
3200,,,,,,,,
3201,,,,,,,,
3202,,,,,,,,
3203,,,,,,,,
3204,,,,,,,,
3205,,,,,,,,
3206,,,,,,,,
3207,,,,,,,,
3208,,,,,,,,
3209,,,,,,,,
3211,,,,,,,,
3212,,,,,,,,
3213,,,,,,,,
3214,,,,,,,,
3215,,,,,,,,
3216,,,,,,,,
3257,,,,,,,,
3258,,,,,,,,
3260,,,,,,,,
3262,,,,,,,,
3263,33,30,4,4,67,59,49,49
3264,,,,,,,,
3266,,,,,,,,
3296,,,,,,,,
3297,36,59,22,22,33,71,19,4
3326,,,,,,,,
3328,,,,,,,,
3330,,,,,,,,
3331,67,33,4,1,71,39,12,22
3332,,,,,,,,
3334,,,,,,,,
3383,,,,,,,,
3384,,,,,,,,
3385,,,,,,,,
3386,,,,,,,,
3387,,,,,,,,
3388,,,,,,,,
3389,,,,,,,,
3390,,,,,,,,
3391,,,,,,,,
3392,,,,,,,,
3393,,,,,,,,
3394,,,,,,,,
3395,,,,,,,,
3396,,,,,,,,
3397,,,,,,,,
3398,,,,,,,,
3399,,,,,,,,
3400,,,,,,,,
3442,,,,,,,,
3444,,,,,,,,
3446,,,,,,,,
3448,,,2,2,11,11,4,4
3450,,,,,,,,
3498,,,,,,,,
3554,,,,,,,,
3556,,,,,,,,
3558,,,,,,,,
3560,2,2,5,5,3,3,6,6
3562,,,,,,,,
3611,,,,,,,,
3612,,,,,,,,
3613,,,,,,,,
3614,,,,,,,,
3615,,,,,,,,
3616,,,,,,,,
3617,,,,,,,,
3618,,,,,,,,
3619,,,,,,,,
3620,,,,,,,,
3621,,,,,,,,
3622,,,,,,,,
3623,,,,,,,,
3624,,,,,,,,
3625,,,,,,,,
3626,,,,,,,,
3627,,,,,,,,
3628,,,,,,,,
3667,,,,,,,,
3668,,,,,,,,
3669,,,,,,,,
3670,,,,,,,,
3671,,,,,,,,
3672,,,,,,,,
3673,,,,,,,,
3674,,,,,,,,
3705,,,,,,,,
3706,,,,,,,,
3707,,,,,,,,
3708,,,,,,,,
3709,,,,,,,,
3710,,,,,,,,
3711,,,,,,,,
3712,,,,,,,,
3713,,,,,,,,
3714,,,,,,,,
3728,,,,,,,,
4327,48,10,4,39,66,23,22,52
4426,3,3,11,11,1,1,5,5
4427,1,1,4,4,2,8,12,12
4433,2,2,4,4,3,3,8,8
4440,1,4,33,45,8,16,2,19
4441,2,52,5,29,2,58,2,3
4443,153,153,14,14,162,162,27,27
4445,2,2,20,20,9,9,29,29
4458,1,1,4,4,7,7,2,2
4464,2,2,3,3,4,4,8,8
4473,5,17,162,9,1,72,5,4
5042,3,10,9,157,12,71,70,3
5136,2,3,3,17,10,8,38,51
5949,,,,,,,,
5953,6,6,49,49,25,25,49,49
5958,,,,,,,,
5959,,,44,20,20,20,56,56
5963,,,44,70,,,44,70
5964,2,2,31,31,2,2,,
5965,,,31,31,31,31,45,45
5966,,,44,45,,,45,44
5968,11,11,46,46,11,11,46,46
5969,,,31,31,11,11,31,31
5970,70,70,46,46,65,65,46,46
5973,,,31,31,31,31,57,57
6055,,,,,,,,
6056,4,4,44,44,4,4,44,44
6059,11,11,46,46,65,65,46,46
6061,,,44,44,44,44,,
6064,47,47,31,31,,,,
6067,62,62,35,35,11,11,35,35
6069,,,,,,,35,35
6071,11,11,43,43,61,61,43,43
6146,20,20,4,4,20,20,4,4
6153,33,71,22,22,33,33,22,22
6156,19,19,44,44,,,44,44
6159,54,54,22,20,54,54,22,20
6233,,,,,,,,
6235,23,23,44,52,23,23,44,44
6237,44,44,55,55,44,44,55,55
6242,44,44,5,5,44,44,5,5
6250,55,55,44,44,55,55,,
6308,,,,,,,,
6317,55,55,49,49,55,55,49,49
6319,5,5,4,4,5,5,4,4
6395,61,66,46,46,11,23,40,9
6397,14,65,35,66,66,14,35,65
6398,11,61,49,49,65,26,28,46
6399,,,,,,,,
6403,11,67,49,43,13,6,49,49
6405,,,44,44,62,15,44,44
6409,25,25,44,25,13,67,53,42
6413,16,67,53,38,20,23,46,56
6414,61,23,41,46,14,11,,
6415,21,15,46,6,14,26,,
6416,,,43,43,,,70,70
6418,42,16,31,31,61,72,2,2
6419,62,14,31,31,72,15,28,28
6420,67,61,35,35,11,11,35,35
6423,,,35,42,62,61,,
6518,,,,,,,,
6520,59,59,34,51,52,23,44,32
6522,,,3,3,71,71,44,3
6526,,,71,44,32,1,44,71
6527,27,27,3,3,72,67,34,34
6533,20,20,3,3,58,58,4,4
6603,,,,,,,,
6605,62,62,35,11,61,61,35,11
6607,38,67,49,49,67,67,43,43
6609,11,21,43,57,62,25,1,2
6611,6,60,46,46,1,62,47,47
6613,62,62,43,11,,,,
6614,60,62,46,38,62,11,38,46
6616,62,65,46,60,62,62,46,46
6617,43,56,60,60,56,11,60,60
6618,63,11,,,31,63,35,35
6619,61,6,31,31,25,62,35,35
6714,,,,,,,,
6723,58,71,38,44,71,10,44,58
6728,54,58,22,22,27,27,51,51
6738,20,20,3,3,71,71,4,4
6865,21,53,46,46,25,40,38,57
6867,,,35,35,,,,
6869,,,,,,,,
6879,2,2,44,44,70,70,44,44
6883,21,21,25,25,,,,
6885,2,25,40,46,6,6,46,42
6887,63,65,46,46,42,42,45,70
6888,14,13,62,46,11,11,21,21
6889,42,62,25,25,69,61,31,31
6890,53,53,31,31,,,31,31
6893,42,42,35,35,11,62,,
7014,,,,,,,,
7018,71,71,44,44,,,44,3
7165,61,21,28,46,53,42,38,9
7167,,,35,45,65,65,11,57
7168,46,60,11,49,65,11,57,45
7169,,,,,,,,
7181,,,65,46,,,46,60
7183,62,21,11,43,2,2,,
7184,62,62,46,57,,,42,57
7185,,,46,46,65,53,,
7187,,,46,49,65,65,4,42
7188,11,25,35,2,,,35,25
7189,72,72,43,57,,,62,62
7190,,,31,31,16,16,31,31
7193,62,2,35,42,,,35,11
7259,,,,,,,,
7271,,,,,,,,
7346,6,70,35,35,15,25,16,9
7347,,,35,35,65,65,21,21
7350,25,25,35,35,,,9,44
7356,61,61,43,43,65,70,,
7359,,,43,43,16,16,53,53
7361,13,13,46,46,62,72,14,14
7363,67,67,56,38,,,44,38
7364,67,61,35,41,,,14,34
7366,70,70,44,44,15,15,44,44
7367,46,46,31,31,67,67,38,38
7369,62,62,56,56,61,15,43,43
7370,15,15,6,6,31,31,31,31
7371,31,31,31,31,31,31,31,31
7373,13,13,31,31,,,53,53
7514,25,16,35,35,70,6,15,9
7515,47,65,35,72,21,21,49,49
7517,,,60,60,28,28,40,40
7518,,,44,4,15,15,4,4
7524,,,43,43,,,,
7527,,,43,43,,,53,53
7529,15,53,46,46,53,53,3,3
7531,67,67,44,56,,,43,23
7535,15,6,38,38,,,31,31
7536,,,35,35,6,35,53,53
7537,53,53,43,43,1,1,2,2
7538,15,16,31,31,,,47,47
7539,70,70,6,6,31,31,31,31
7540,11,11,43,43,,,49,49
7541,,,31,31,,,31,31
7683,66,66,38,52,12,52,51,44
7685,1,59,27,27,32,32,3,3
7689,23,51,1,44,,,44,33
7693,59,59,22,22,59,59,22,22
7705,10,37,22,19,37,37,33,10
7812,,,,,,,,
7825,,,,,,,,
8054,72,58,22,54,23,71,68,27
8070,54,58,22,48,12,23,4,55
8381,5,52,2,27,12,5,51,49
8605,65,28,46,57,11,17,45,40
9085,,,,,,,,
9094,23,66,51,51,10,58,4,4
9099,23,54,4,22,51,58,4,22
9103,1,2,,,4,4,,
9109,20,54,22,38,20,54,22,22
9110,58,23,22,44,58,55,22,44
9113,27,66,44,44,51,20,4,4
9213,54,27,46,32,10,41,20,60
9215,72,27,35,5,5,22,35,22
9218,41,10,31,4,66,23,35,35
9221,41,53,35,35,27,23,35,35
9225,58,25,46,22,10,41,20,49
9228,60,46,4,4,10,27,9,9
9229,48,10,43,43,19,41,54,54
9231,27,48,51,46,59,19,60,66
9234,5,54,35,72,66,66,31,31
9288,23,2,70,46,67,20,60,53
9289,23,14,60,60,72,61,25,25
9290,,,35,14,13,6,26,31
9291,5,43,46,14,33,70,47,1
9292,60,47,70,46,67,65,4,61
9294,13,58,35,11,21,28,35,11
9295,70,70,46,11,14,26,3,3
9296,26,65,60,60,,,35,35
9297,14,65,35,6,61,42,,
9298,62,42,43,14,53,72,49,49
9299,11,61,31,31,23,62,66,62
9301,71,71,31,31,58,26,28,28
9302,11,61,46,40,26,65,14,14
9303,21,5,46,4,25,23,49,66
9305,14,26,46,46,25,58,60,72
9306,6,61,46,58,65,71,60,60
9307,25,5,35,2,61,66,43,5
9309,53,26,46,46,21,67,72,56
9310,72,28,46,15,25,61,28,60
9366,20,15,60,26,26,53,23,57
9367,61,23,60,14,11,72,15,41
9369,14,70,43,63,15,61,11,46
9370,60,61,35,63,23,67,35,63
9373,25,70,53,46,14,26,3,61
9374,26,65,60,14,56,61,43,43
9375,65,47,35,65,16,14,35,35
9377,46,65,31,31,40,17,61,23
9379,65,14,31,57,6,26,66,28
9380,26,14,46,11,61,65,11,46
9382,,,35,72,28,21,49,61
9383,14,26,13,46,60,53,38,72
9384,13,14,60,60,6,1,63,63
9385,,,35,66,61,23,43,35
9388,13,61,60,15,6,15,46,25
9390,,,35,72,15,14,53,53
9424,15,15,31,31,67,67,1,1
9426,72,11,46,46,2,71,9,31
9429,20,28,35,21,70,11,35,1
9439,66,61,60,57,65,67,11,45
9467,19,10,4,48,33,54,22,51
9475,33,59,4,1,20,52,3,27
9482,23,66,44,22,59,19,4,32
9484,23,23,4,4,52,27,3,3
9546,19,19,22,22,20,52,3,3
9547,37,22,44,12,23,23,55,54
9555,52,52,38,38,5,27,44,23
9565,66,66,44,44,20,37,44,5
9616,47,23,60,57,28,28,62,62
9617,42,2,35,2,72,53,35,2
9618,42,2,35,6,72,65,35,6
9619,16,16,46,57,42,40,57,31
9622,53,25,35,42,11,67,35,42
9623,28,13,60,45,21,65,9,46
9624,67,28,35,57,56,56,35,35
9625,63,65,31,57,67,11,31,57
9626,6,53,43,57,72,25,43,25
9627,23,25,31,31,40,17,57,38
9628,67,67,35,56,72,40,35,35
9630,28,28,45,60,65,26,45,60
9633,67,65,46,57,56,67,72,9
9635,,,44,53,21,62,44,46
9636,65,65,60,45,40,40,2,2
9638,47,25,46,46,42,42,57,57
9640,65,25,35,2,53,72,2,35
9691,53,2,67,46,20,11,21,21
9692,28,2,60,57,25,21,60,60
9694,28,70,60,45,70,65,56,56
9695,70,65,35,57,28,67,49,57
9696,21,28,62,25,25,62,2,60
9699,12,65,60,45,11,65,12,56
9702,28,21,60,45,6,61,13,13
9703,17,11,46,46,70,25,45,47
9704,,,31,45,67,42,31,45
9705,14,42,57,46,67,11,46,57
9706,42,42,35,49,21,21,35,35
9709,67,40,60,28,28,28,60,57
9710,23,25,35,45,42,65,60,45
9712,56,67,46,46,40,72,57,28
9714,53,53,70,46,42,42,46,72
9715,42,42,31,45,21,62,45,45
9754,,,43,43,,,44,44
10465,,,31,31,31,31,45,45
10484,25,25,35,35,25,25,35,35
10488,62,62,45,45,31,31,31,31
10490,62,62,31,31,31,31,,
10492,,,31,31,,,31,31
10493,,,35,35,2,2,35,35
10542,67,67,49,49,67,67,49,49
10548,2,2,31,31,2,2,31,31
10578,61,61,46,46,61,61,46,46
10583,31,31,,,,,45,45
10585,43,43,11,11,62,62,11,11
10587,,,35,45,,,,
10588,25,25,31,31,,,31,31
10592,2,2,35,45,2,2,35,45
10593,,,45,45,31,31,45,45
10600,46,46,46,46,,,57,57
10601,57,57,49,49,57,57,49,49
10617,,,46,46,,,46,46
10621,65,65,35,35,,,,
10626,11,11,46,46,11,11,46,46
10631,11,11,35,45,11,11,35,35
10632,13,13,49,49,62,62,49,49
10665,,,31,31,67,67,31,31
10671,2,2,46,46,21,21,46,46
10684,,,31,31,,,31,31
10687,67,67,60,60,67,67,60,60
10736,42,42,3,3,53,53,33,33
10737,54,54,3,3,10,10,54,54
10738,3,3,59,53,,,,
10739,3,3,5,59,,,,
10741,23,23,44,44,59,59,44,44
10744,37,37,22,20,37,37,22,20
10762,,,43,43,42,42,,
10764,,,,,3,3,,
10766,59,59,43,19,59,59,19,43
10769,3,3,59,53,,,,
10770,32,32,3,60,53,53,,
10774,53,53,42,42,42,42,3,3
10780,59,59,4,4,59,59,4,4
10805,32,32,44,44,12,12,44,44
10824,19,19,22,22,19,19,22,22
10825,3,3,43,55,,,,
10826,66,66,43,43,,,,
10831,3,3,59,23,59,59,3,3
10832,3,3,52,52,10,10,12,12
10834,59,59,,,43,43,,
10835,3,3,5,5,,,,
10838,5,5,3,33,,,,
10845,59,59,32,32,59,59,32,32
10846,22,22,44,44,44,44,39,39
10855,37,37,22,22,37,37,22,22
10856,53,53,3,3,,,,
10862,59,59,22,22,59,59,22,20
10871,3,3,70,53,,,,
10887,4,3,7,7,6,6,7,7
10898,5,5,71,71,3,3,48,48
10911,59,59,4,4,59,59,4,4
10931,51,51,43,43,70,70,43,43
10933,59,59,4,4,59,59,4,4
10969,27,27,70,70,19,22,44,34
10973,,,,,20,51,22,22
10974,55,55,59,59,5,42,43,3
10976,42,5,44,38,42,51,44,38
10977,37,70,32,22,23,37,22,70
10978,12,70,22,70,33,66,32,22
10979,4,23,22,20,20,23,22,23
10989,70,58,22,20,58,20,22,55
10990,43,19,22,49,43,19,22,49
10992,5,10,4,4,27,52,22,22
10995,27,27,48,22,23,20,22,54
11001,48,5,53,60,23,48,5,3
11006,66,57,4,4,23,27,34,34
11011,53,55,3,3,23,39,34,3
11047,23,66,4,4,23,20,34,34
11049,60,60,22,5,60,23,22,5
11055,42,27,51,22,51,58,22,49
11059,44,61,22,44,61,66,22,27
11061,20,20,48,22,19,27,43,22
11070,58,20,43,43,33,33,1,1
11074,,,70,70,53,70,27,58
11084,61,23,22,20,27,23,22,4
11085,53,23,60,60,51,58,23,60
11087,,,35,63,63,61,35,13
11147,61,61,49,49,31,31,57,57
11150,,,31,31,,,35,35
11165,16,16,35,35,62,15,16,35
11171,,,,,,,,
11179,62,16,43,6,,,,
11181,61,15,,,16,16,31,31
11184,15,16,49,49,65,65,49,49
11185,13,13,31,31,,,31,31
11186,72,31,,,,,,
11190,16,16,31,31,,,40,40
11191,,,43,6,65,16,34,31
11192,62,62,49,49,72,72,49,49
11195,40,40,49,49,16,16,49,49
11196,16,16,9,9,15,21,31,31
11197,16,16,6,46,15,15,35,35
11198,,,9,9,16,16,31,31
11199,61,16,,,,,35,60
11200,16,16,35,35,,,35,57
11207,67,67,49,49,72,72,49,49
11211,13,61,35,35,,,38,38
11213,,,,,,,,
11217,65,65,45,13,15,66,49,49
11237,,,35,23,,,35,23
11326,13,71,35,62,,,35,35
11327,15,61,,,66,14,35,15
11331,65,13,35,35,,,47,13
11332,61,61,43,43,65,65,34,34
11335,,,,,15,15,2,2
11336,16,25,,,,,31,31
11341,,,35,28,,,35,28
11346,63,61,,,,,35,35
11350,62,21,31,31,62,31,21,21
11351,32,32,31,31,,,56,56
11356,15,14,49,49,31,33,49,49
11359,65,71,49,49,62,62,40,40
11360,40,40,31,31,31,31,57,57
11361,71,70,31,31,15,16,9,9
11363,40,40,49,49,16,16,49,49
11365,21,10,35,57,10,21,,
11371,66,57,4,4,23,23,60,60
11395,62,62,49,49,72,72,49,49
11398,,,31,31,16,62,9,9
11401,25,25,3,3,,,,
11410,67,67,49,49,72,72,49,49
11417,23,13,46,62,58,58,46,46
11426,70,70,35,35,58,58,70,9
11474,32,32,32,9,20,23,44,51
11479,59,32,22,22,47,59,22,58
11485,27,19,3,5,3,53,33,70
11490,42,42,22,51,42,42,22,51
11491,19,19,54,3,5,27,51,51
11495,20,59,43,43,71,71,52,52
11497,23,71,22,32,22,32,59,19
11500,59,59,3,42,5,53,42,48
11501,5,42,3,53,33,42,19,55
11502,59,59,3,5,5,59,66,52
11503,59,19,44,12,19,4,34,44
11504,27,19,4,4,23,33,60,60
11508,59,54,22,32,19,59,22,3
11513,22,70,38,23,59,19,44,12
11515,70,70,22,32,59,2,32,22
11518,,,53,4,,,44,23
11519,9,5,44,55,19,23,44,22
11520,37,55,5,20,43,43,59,59
11526,53,53,43,43,42,55,42,42
11528,23,59,44,59,71,53,44,42
11529,71,71,32,32,5,23,22,32
11531,61,61,22,59,23,61,4,22
11532,33,52,44,12,5,52,39,3
11537,,,44,38,70,19,44,39
11540,15,15,43,12,15,15,43,12
11559,5,3,3,3,5,5,52,3
11560,59,19,44,44,32,27,44,1
11579,59,51,22,23,20,19,59,22
11582,43,43,60,60,5,52,44,42
11590,19,23,22,39,23,58,22,51
11646,25,72,61,46,63,6,43,9
11648,2,72,60,67,42,25,46,56
11651,14,14,47,46,62,25,72,72
11656,45,6,72,49,25,15,47,45
11657,14,72,49,2,61,72,49,2
11659,21,62,67,46,14,14,53,2
11662,65,62,31,49,31,62,49,65
11663,,,35,72,47,16,49,35
11665,72,2,60,67,26,26,56,45
11671,25,72,3,3,58,20,40,53
11676,43,23,49,49,48,19,4,4
11679,35,33,31,27,66,37,31,25
11683,19,27,22,54,37,23,54,5
11685,61,66,,,23,33,4,27
11689,59,27,4,4,19,33,44,44
11691,66,37,22,32,59,19,23,10
11692,61,23,66,33,59,19,44,4
11701,66,66,19,71,61,23,44,44
11704,19,19,38,38,66,33,4,32
11705,59,59,3,22,23,58,20,5
11712,56,21,49,45,16,42,1,40
11716,65,65,60,45,42,25,53,17
11717,67,53,31,45,72,2,40,38
11719,27,62,49,49,65,2,40,45
11722,42,25,43,43,21,21,53,53
11724,21,65,35,57,28,65,35,21
11726,2,40,35,57,28,67,35,72
11733,65,2,43,43,53,72,62,62
11734,72,25,67,46,61,6,15,53
11741,5,10,4,4,27,52,22,22
11743,21,67,53,60,2,2,60,2
11746,11,42,57,72,14,28,46,25
11754,66,14,49,65,72,47,57,21
11755,2,21,46,72,14,66,1,56
11756,61,47,35,35,66,62,35,35
11766,35,65,11,46,14,26,23,27
11771,,,35,9,61,47,46,35
11772,72,6,31,31,15,16,31,31
11775,65,63,31,45,66,61,34,34
11777,11,26,35,26,72,67,35,35
11783,14,6,46,9,67,66,40,31
11785,16,19,46,6,65,66,60,63
11786,6,72,70,46,14,21,1,67
11788,71,15,72,62,25,58,16,46
11790,,,35,72,21,13,35,72
11791,21,72,31,6,47,47,31,2
11792,65,10,6,46,66,59,40,60
11798,56,46,35,38,65,61,35,6
11800,72,10,6,46,66,61,33,46
11802,66,14,46,62,15,16,49,11
11804,6,72,11,46,61,15,14,63
11805,14,6,46,46,10,23,38,20
11821,6,47,46,10,10,37,46,46
11824,6,72,37,46,2,11,31,16
11825,72,67,31,63,21,15,47,56
11831,66,14,49,65,72,47,57,21
11836,65,65,5,46,14,27,38,67
11839,2,61,46,46,21,11,46,46
11842,61,25,46,72,14,66,15,62
11845,65,65,31,33,66,15,45,33
11846,72,65,35,15,66,61,35,65
11847,14,66,46,17,6,67,1,40
11848,35,66,35,25,72,16,35,25
11849,72,56,2,46,66,14,21,31
11850,72,6,31,31,13,61,31,31
11851,72,10,21,46,2,6,47,35
11854,65,65,45,13,15,66,49,49
11855,61,72,46,46,66,10,46,46
11858,67,72,46,46,63,14,61,11
11859,65,63,46,46,66,61,34,31
11861,,,35,35,58,47,35,11
11865,65,65,31,31,66,61,40,40
11868,72,67,31,31,15,15,34,34
11878,16,6,46,65,10,66,,
11884,14,58,72,46,67,21,33,71
11895,14,20,9,46,13,6,60,60
11900,67,2,35,72,61,72,35,15
11908,23,10,35,40,25,20,35,23
11912,66,15,35,72,21,62,35,66
11914,58,70,31,31,21,21,33,33
11916,42,5,22,46,70,58,60,55
11922,62,21,35,11,61,6,31,35
11924,70,65,58,44,37,62,44,20
11939,33,37,22,23,23,37,55,38
11940,58,20,3,27,53,51,60,42
11941,19,23,44,33,34,59,20,33
11942,5,52,3,3,51,33,46,39
11945,5,15,43,43,37,42,53,53
11946,27,5,43,43,20,37,60,60
11947,20,19,44,37,61,59,44,42
11949,27,19,22,22,23,5,43,54
11952,53,59,5,5,48,72,3,3
11972,70,72,22,59,23,19,48,67
11974,66,57,4,4,23,27,60,60
11976,23,53,60,3,59,20,42,37
11977,23,20,31,44,67,72,60,43
11978,33,16,3,10,23,53,5,4
11979,27,5,22,53,19,53,22,48
11980,53,59,22,20,19,20,59,37
11982,59,33,44,23,58,51,9,43
11984,42,23,43,43,48,19,22,22
11986,53,70,4,4,55,33,43,43
11988,27,19,23,59,43,1,9,48
11990,32,53,3,22,51,58,60,33
11991,23,20,44,22,53,42,1,48
11992,23,60,22,4,20,42,48,19
11995,42,5,44,34,53,33,44,3
11998,20,71,44,39,5,59,48,53
12006,43,3,22,55,19,23,51,37
12010,1,39,3,12,52,59,43,51
12012,23,20,22,34,39,27,43,51
12013,27,53,3,49,20,42,43,51
12015,15,15,22,22,55,55,47,47
12016,27,48,44,42,19,23,43,60
12019,32,32,38,48,71,39,44,51
12026,53,42,3,52,51,33,43,22
12036,20,19,44,60,34,53,3,37
12038,5,59,3,44,43,4,34,20
12042,53,5,39,44,52,23,42,55
12043,12,23,44,48,39,22,43,51
12044,39,19,44,59,12,20,48,20
12045,38,12,44,5,39,20,3,43
12047,27,19,4,4,23,33,60,60
12048,37,5,22,22,42,27,43,51
12049,19,59,44,22,42,37,22,1
12058,37,23,44,22,59,19,32,48
12061,53,23,22,60,20,59,60,32
12064,20,23,44,32,42,53,22,48
12065,19,5,22,49,70,42,3,53
12069,66,20,3,42,5,59,44,27
12075,23,42,3,53,55,5,22,32
12083,63,62,35,45,11,72,35,57
12085,62,56,45,46,21,2,1,25
12086,,,35,45,25,67,28,57
12087,11,2,57,46,21,61,34,28
12089,21,2,46,46,67,28,72,57
12094,21,2,28,46,62,25,67,57
12096,11,28,31,57,21,21,31,25
12097,19,19,45,46,65,67,57,28
12103,21,2,46,57,72,11,62,57
12104,11,11,31,57,65,28,40,45
12109,,,35,45,21,72,35,34
12111,11,25,45,28,65,65,57,46
12112,28,72,49,2,67,62,49,57
12113,6,11,46,57,65,65,17,32
12115,65,62,45,46,2,25,56,56
12116,11,28,35,45,,,13,57
12121,62,25,65,46,21,2,45,38
12122,62,62,11,46,21,2,11,57
12124,11,25,57,46,65,65,45,34
12125,,,35,35,21,28,35,67
12127,21,47,35,28,65,72,17,45
12128,25,2,35,45,56,11,35,72
12132,11,11,45,31,65,6,28,45
12171,26,14,34,34,11,11,49,49
12180,,,35,15,11,21,11,35
12232,15,12,8,4,22,16,28,23
12241,72,25,46,46,13,13,15,61
12244,59,11,31,6,65,71,58,16
12245,16,72,21,46,65,61,56,56
12246,65,72,,,,,,
12255,25,25,31,31,65,65,,
12264,21,62,14,56,72,10,49,66
12266,61,15,16,35,158,159,56,46
12267,53,11,60,31,14,14,31,31
12268,62,66,31,31,,,40,40
12269,28,40,46,45,,,40,40
12274,6,67,43,43,72,25,,
12277,47,47,46,34,11,61,56,45
12279,25,62,31,31,,,33,71
12287,2,65,31,31,21,62,,
12290,21,62,35,40,,,35,47
12291,72,25,46,46,62,21,2,66
12296,26,71,31,31,66,66,11,47
12299,,,35,11,,,35,11
12307,67,11,40,46,26,42,56,53
12325,62,6,49,49,72,72,17,17
12349,59,59,71,71,,,44,44
12350,71,71,22,22,33,33,22,22
12352,10,19,3,3,23,66,48,48
12360,20,33,44,38,61,71,44,4
12361,53,59,44,19,32,42,60,34
12365,71,23,5,44,70,20,48,53
12372,23,71,43,43,,,34,34
12394,71,70,44,16,66,10,42,27
12398,27,19,4,4,23,33,60,60
12424,10,59,44,27,20,58,44,59
12427,71,42,44,1,58,20,44,66
12430,48,52,10,3,58,71,12,22
12436,37,23,3,3,42,53,3,22
12437,58,58,43,43,37,23,55,55
12439,31,31,1,1,53,53,31,31
12441,58,32,22,34,5,71,53,43
12442,37,58,33,33,43,43,44,44
12443,58,20,3,10,53,53,70,70
12444,3,3,34,58,5,59,44,52
12446,59,53,22,22,70,19,42,42
12447,12,39,44,71,,,71,66
12450,70,66,44,33,32,32,71,71
12451,71,71,3,3,,,10,10
12452,20,20,43,43,23,42,5,5
12455,19,70,37,20,42,23,44,66
12459,61,37,43,43,5,71,1,1
12490,,,35,40,21,21,35,35
12523,,,35,35,,,35,35
12535,,,31,31,25,25,,
12547,62,42,43,43,,,,
12552,21,62,35,35,,,35,35
12567,25,25,49,49,62,62,49,49
12568,2,21,40,49,17,17,45,45
12569,40,21,31,31,2,2,31,31
12570,65,65,49,49,67,67,49,49
12571,65,65,31,31,,,62,62
12573,56,56,49,49,65,65,40,40
12576,6,6,62,46,,,46,46
12578,65,6,49,57,65,65,49,57
12579,65,65,49,45,21,21,40,57
12580,67,67,49,49,28,28,49,49
12581,,,35,40,,,40,40
12583,,,35,11,17,17,35,35
12585,,,35,35,,,35,35
12587,15,12,32,28,33,34,32,28
12588,,,35,45,,,11,40
12589,40,40,31,31,62,62,,
12591,25,25,31,40,,,21,21
12595,25,25,31,31,65,65,40,40
12599,12,12,49,49,23,23,49,49
12600,,,35,25,,,35,35
12602,65,65,67,46,62,25,40,46
12611,65,65,49,49,65,65,49,49
12613,,,31,45,25,65,35,62
12651,32,59,44,3,53,19,60,42
12655,19,59,5,3,71,70,22,22
12679,53,53,10,10,71,33,3,3
12692,58,58,5,5,43,43,32,32
12694,59,23,44,38,53,66,42,37
12702,71,20,44,32,32,15,66,70
12711,19,19,31,31,58,58,31,31
12717,5,5,19,12,71,71,3,10
12718,58,55,43,43,23,37,60,60
12720,59,23,43,43,71,19,42,42
12723,60,43,44,38,15,15,44,70
12724,70,39,22,51,23,71,22,51
12727,37,23,3,60,15,15,53,59
12730,10,10,3,70,71,16,42,70
12732,48,66,22,19,23,70,44,39
12733,12,38,,,43,37,44,55
12734,,,34,34,5,55,52,52
12735,12,10,44,66,39,20,43,59
12736,12,66,33,33,23,19,43,71
12738,20,46,43,43,42,42,43,43
12742,33,33,4,4,19,19,32,32
12746,42,58,3,3,66,19,20,20
12754,58,20,33,33,71,70,5,3
12756,70,59,52,71,43,43,43,43
12757,51,42,,,,,43,53
12798,72,67,35,11,,,35,11
12840,62,62,49,49,72,72,49,49
12843,62,62,42,46,42,72,38,46
12845,,,,,,,,
12851,156,158,46,38,35,21,38,46
12852,,,72,46,6,61,62,57
12857,,,35,35,72,21,35,35
12858,72,65,35,35,,,40,35
12860,40,40,31,31,62,62,72,72
12863,67,67,49,49,28,28,49,49
12866,,,67,46,23,23,65,46
12869,,,35,11,11,67,35,46
12872,,,31,31,,,65,65
12873,,,46,46,72,72,35,34
12874,25,25,72,60,,,46,46
12875,65,65,31,31,21,21,31,31
12881,,,31,31,65,65,62,62
12882,21,21,49,49,25,25,57,57
12887,67,67,49,49,72,72,49,49
12890,21,21,31,31,2,25,65,65
12892,72,25,49,49,62,62,57,57
12893,,,31,31,62,62,45,45
12896,72,11,,,,,,
12898,65,65,49,49,67,67,49,49
12901,56,56,49,49,65,65,40,40
12905,,,35,21,21,72,,
12910,,,35,25,21,25,35,11
12918,72,72,31,31,62,62,40,40
12970,13,23,46,46,65,13,,
12994,25,69,35,35,11,11,35,35
13003,65,65,57,46,65,65,46,46
13004,11,25,35,61,25,25,35,35
13005,65,65,35,35,,,35,35
13008,60,62,25,46,11,47,17,46
13010,56,56,38,38,65,65,31,31
13017,,,31,31,65,65,31,31
13018,62,62,35,42,42,42,35,35
13022,65,65,49,49,47,47,49,49
13026,65,65,49,49,65,56,49,57
13027,62,14,49,43,61,14,49,61
13030,,,35,35,,,11,35
13031,65,65,31,31,,,38,38
13037,65,65,65,65,46,46,46,46
13041,56,56,31,31,65,65,31,31
13045,65,65,49,49,24,24,49,49
13122,70,53,44,1,58,20,33,71
13172,72,61,35,15,33,13,35,6
13234,59,19,44,32,53,71,44,22
13818,26,67,49,49,65,57,49,49
13819,26,26,46,46,159,159,46,46
13820,67,66,159,35,13,66,9,159
13821,61,13,35,35,6,152,35,49
13823,19,19,28,25,26,26,28,39
13824,154,153,46,46,67,159,152,9
13825,20,20,27,27,17,17,49,49
13826,159,25,35,14,63,61,38,14
13827,35,35,35,152,14,16,35,35
13828,23,23,53,59,36,36,68,64
13829,14,13,156,155,35,49,156,72
13830,154,154,31,31,15,159,152,14
13831,154,159,52,46,,,9,158
13832,65,25,31,31,2,72,35,35
13833,15,15,31,154,159,16,9,14
13834,13,15,15,11,20,16,23,20
13835,6,154,58,46,159,159,34,9
13836,16,16,31,31,61,6,35,35
13837,154,61,31,31,153,152,16,16
13838,15,15,17,13,20,16,17,14
13839,11,9,19,17,11,12,11,9
13840,,,35,35,14,16,67,67
13841,152,152,31,31,154,154,31,31
13842,159,159,31,31,152,153,31,31
13843,11,11,49,49,154,154,17,17
13844,,,35,35,,,55,55
13845,67,16,35,159,,,67,35
13847,65,16,31,31,158,158,31,31
14178,13,14,49,49,33,33,49,49
14179,159,159,57,152,158,158,46,46
14181,71,67,35,35,152,58,35,38
14182,16,13,31,62,35,35,9,61
14183,11,71,40,1,25,25,56,15
14184,152,153,46,46,67,47,9,9
14185,16,16,23,23,29,29,40,40
14186,63,58,35,35,63,62,35,35
14187,13,156,35,35,14,14,35,35
14188,6,10,10,14,26,30,11,31
14189,22,30,21,31,20,30,51,68
14190,70,67,31,4,66,154,40,1
14191,159,159,46,52,158,158,9,46
14192,31,47,9,9,61,25,31,31
14193,15,154,31,45,159,159,9,9
14194,15,27,26,28,16,27,30,42
14195,66,156,70,3,16,158,47,3
14197,62,21,31,31,4,4,31,31
14198,22,20,19,16,20,17,25,23
14199,14,11,26,23,25,23,20,17
14200,25,14,35,11,67,16,35,11
14201,47,47,4,4,154,154,31,31
14202,65,153,31,31,152,152,21,21
14203,20,20,35,35,30,30,56,56
14204,153,16,35,25,159,25,55,55
14205,13,58,35,35,67,159,35,35
14206,2,14,31,31,154,62,31,31
14207,65,61,31,31,16,16,158,158
14358,53,53,43,43,12,52,39,39
14359,,,43,71,53,55,28,39
14360,37,42,43,43,33,33,20,20
14362,58,37,44,59,23,23,4,4
14363,,,44,44,,,44,44
14364,154,70,43,43,51,51,12,12
14365,53,53,60,3,20,44,9,9
14366,19,155,70,33,70,70,55,48
14367,42,23,4,4,48,12,155,155
14368,19,33,22,22,19,33,22,22
14369,33,19,44,60,33,23,20,43
14370,20,66,44,3,70,154,44,152
14371,42,42,43,43,58,58,43,43
14372,59,59,44,9,53,53,1,1
14373,37,23,44,22,43,19,60,60
14374,20,39,22,12,19,23,22,12
14375,5,5,43,12,11,11,9,9
14376,5,53,3,44,42,42,22,52
14377,153,152,44,152,4,4,44,44
14378,19,19,4,4,12,12,34,34
14379,20,16,44,9,155,155,44,44
14380,42,48,5,19,42,42,,
14381,20,42,22,22,20,42,22,22
14382,59,23,4,4,53,53,155,155
14383,19,59,4,4,33,20,44,44
14384,48,5,22,22,53,19,34,3
14385,42,37,3,53,33,33,42,53
14386,152,158,44,70,19,19,155,155
14387,20,20,44,9,20,155,44,9
15159,13,6,46,46,14,26,31,31
15166,66,72,31,31,2,66,31,9
15170,66,67,4,4,14,26,60,60
15174,33,6,4,3,66,20,42,55
15175,23,48,43,43,14,19,1,9
15180,70,71,43,43,12,33,4,4
15181,34,43,44,51,22,19,20,14
15186,11,28,31,45,65,46,34,57
15187,,,35,45,17,61,56,57
15218,26,14,16,49,154,66,13,6
15219,6,61,46,46,14,66,1,15
15220,6,15,66,46,63,14,11,38
15221,21,61,35,2,46,31,35,6
15222,6,66,11,67,14,26,45,49
15223,13,14,46,47,14,65,47,46
15224,62,21,46,14,66,25,49,38
15225,62,13,46,61,66,15,49,34
15226,66,13,31,72,15,65,9,56
15227,66,65,35,72,72,26,46,35
15228,27,36,49,49,66,66,49,49
15229,15,12,39,40,26,23,36,32
15231,15,17,46,48,20,21,63,65
15232,13,14,31,31,62,61,34,34
15233,11,13,21,20,26,23,25,22
15234,13,21,46,46,72,26,47,14
15235,65,21,35,35,47,6,35,2
15236,62,67,31,11,11,2,49,47
15237,13,13,31,66,63,61,35,34
15238,61,14,46,46,13,66,49,11
15239,6,61,46,46,15,65,40,60
15240,13,47,35,35,61,14,35,46
15241,23,61,31,31,67,62,35,13
15242,154,61,25,11,72,13,66,57
15243,6,21,46,46,14,66,61,1
15244,14,13,35,11,15,25,6,35
15245,21,13,35,2,61,6,46,25
15302,14,26,49,58,154,66,71,13
15303,66,14,58,46,6,61,1,21
15304,63,15,4,4,11,14,38,38
15305,13,61,35,16,21,62,35,34
15306,24,32,14,35,5,8,39,45
15307,11,65,66,46,14,58,71,1
15308,61,14,46,25,66,21,15,4
15309,13,58,46,49,61,62,71,34
15310,2,15,31,31,66,16,56,1
15311,19,21,43,43,37,23,9,9
15312,22,22,42,42,32,32,33,33
15313,19,17,27,22,29,25,25,20
15315,15,15,152,152,22,22,154,154
15316,65,61,31,31,13,14,34,34
15317,15,17,26,27,21,23,37,34
15318,72,21,70,46,58,26,13,4
15319,58,2,35,65,21,47,35,70
15320,70,2,31,2,67,71,31,47
15321,71,71,31,70,63,61,47,35
15322,11,25,4,4,6,66,46,46
15323,6,65,46,46,61,58,35,60
15324,61,14,35,15,47,58,35,15
15325,23,61,31,31,67,71,40,70
15326,6,61,4,72,26,66,33,14
15327,61,21,46,46,14,66,1,67
15328,21,11,35,70,14,58,35,39
15329,13,21,35,25,6,58,35,39
15398,58,20,3,42,42,66,4,59
15399,23,55,3,42,33,20,42,22
15400,48,66,3,71,37,42,5,32
15401,42,5,19,3,58,37,59,20
15402,42,71,44,3,59,53,34,3
15403,53,42,43,52,39,1,3,12
15404,37,66,43,4,51,32,38,33
15405,5,23,3,19,66,55,59,19
15406,20,59,44,39,37,66,9,1
15407,66,21,31,23,33,62,20,71
15408,42,53,43,12,20,33,1,39
15409,42,59,20,3,5,58,32,34
15410,19,72,22,22,58,70,9,1
15411,33,19,22,37,23,67,43,4
15412,37,23,44,44,19,19,4,9
15413,33,20,44,59,51,42,3,71
15414,5,42,4,48,23,19,22,59
15415,62,21,4,4,2,53,60,60
15416,23,51,44,20,33,71,59,19
15417,19,37,43,48,20,59,34,33
15418,23,19,,,53,5,,
15419,5,42,3,53,20,59,22,15
15420,20,37,44,42,42,37,44,20
15421,37,23,44,9,59,20,32,44
15422,33,53,22,5,23,19,43,3
15423,33,48,22,9,5,19,3,1
15424,5,11,3,23,19,37,4,59
15425,37,19,4,4,42,23,43,43
15482,55,52,4,4,20,33,43,43
15483,37,52,22,22,53,12,4,58
15484,37,42,48,48,23,19,3,3
15485,19,42,4,4,44,37,38,38
15487,53,42,1,12,59,33,43,52
15488,51,42,4,4,43,19,3,3
15489,19,59,3,38,33,23,4,4
15491,37,19,43,43,20,33,22,22
15492,52,33,43,51,53,42,3,55
15493,5,59,43,3,39,20,51,33
15494,19,53,44,9,20,59,1,60
15495,51,23,43,43,33,22,44,44
15496,48,155,22,44,19,39,20,4
15497,59,55,43,3,44,33,51,38
15498,70,39,22,5,48,58,3,55
15499,59,48,4,4,52,53,44,44
15500,4,51,43,23,20,19,44,33
15501,20,19,44,33,59,43,37,60
15502,37,23,22,33,5,42,51,3
15503,42,23,44,20,22,5,34,3
15504,59,19,44,20,5,48,4,55
15505,48,37,44,59,4,19,60,51
15506,37,23,43,3,33,42,22,5
15507,53,19,34,3,48,5,22,20
15508,37,23,4,4,48,5,3,3
15509,23,19,4,4,44,59,60,60
15566,28,11,65,40,67,154,45,49
15567,25,67,46,57,21,11,34,34
15568,11,61,28,46,25,62,57,52
15569,62,25,35,52,65,21,2,2
15570,40,11,45,67,65,65,31,57
15572,14,16,33,35,16,17,39,37
15573,17,17,31,31,27,27,42,42
15574,65,11,35,57,21,67,35,45
15576,67,11,49,49,65,28,49,49
15577,20,21,21,23,17,14,9,6
15579,11,21,35,45,28,25,35,57
15580,25,67,35,45,28,65,62,35
15581,65,65,52,40,28,28,31,11
15582,,,,,,,,
15583,2,2,40,25,21,62,45,17
15584,62,65,35,28,21,25,67,40
15585,11,58,35,57,65,28,35,57
15586,38,48,39,54,28,42,69,70
15587,62,25,45,46,154,65,34,40
15588,62,65,46,46,21,21,40,2
15589,62,25,35,57,65,65,35,40
15590,6,6,49,49,2,2,57,57
15591,14,14,49,49,67,67,57,57
15592,62,25,52,46,21,65,2,52
15593,62,25,46,46,2,65,60,52
15661,26,14,31,31,66,6,31,31
15666,,,31,31,,,31,31
15671,15,15,49,49,20,20,49,49
15676,,,31,31,,,31,31
15681,65,2,31,31,40,40,31,31
15695,16,66,35,21,2,72,26,56
15696,25,25,35,35,,,35,1
15697,15,2,35,1,26,61,72,46
15698,13,16,35,15,26,47,21,40
15720,26,14,35,11,,,35,11
15723,,,,,21,58,,
15745,19,20,34,22,66,66,43,39
15746,19,71,22,51,43,37,34,19
15747,20,52,22,22,55,39,44,44
15748,52,52,44,44,48,48,60,60
15771,40,40,49,49,65,65,49,49
15773,65,65,31,31,,,40,40
15795,22,20,,,19,71,44,34
15796,15,15,70,37,71,71,43,43
15797,,,22,70,15,15,44,39
15798,42,16,48,48,23,23,3,16
15821,,,31,2,65,65,31,40
15822,25,25,40,40,61,61,31,31
15823,,,35,69,,,35,40
15851,23,19,43,53,70,32,4,34
15852,70,33,44,12,70,71,1,3
15853,71,19,22,22,20,70,22,51
15854,19,33,44,34,51,19,44,34
15855,58,70,53,3,19,20,48,5
15856,53,53,60,60,53,60,22,5
15857,42,42,37,5,22,22,43,58
15858,5,55,5,22,58,55,22,43
15897,23,58,22,42,71,58,22,42
15898,37,37,60,60,58,71,3,55
15899,42,5,3,20,37,20,42,3
15900,33,70,44,51,51,58,44,33
15901,33,58,42,44,66,58,60,42
15902,58,32,60,60,51,19,43,43
15903,5,58,33,3,58,66,33,5
15904,20,20,20,20,70,66,22,20
15905,59,53,60,60,70,71,3,42
15906,20,20,44,44,58,70,66,43
15907,70,37,22,23,37,70,22,23
15908,70,66,22,70,48,66,22,70
15909,66,66,43,43,20,58,38,33
15910,48,58,55,22,58,70,22,37
15911,33,33,20,20,71,19,43,51
15912,59,71,4,4,66,37,43,43
15913,37,5,44,3,58,23,20,34
15914,37,59,60,5,58,19,3,5
15915,59,59,48,51,60,60,44,33
15916,33,33,23,34,48,58,53,3
15917,60,58,44,20,60,58,44,55
15918,58,60,59,42,58,60,42,3
15968,37,19,44,12,22,51,43,34
15981,61,61,31,31,26,26,65,65
15996,48,37,4,22,5,53,39,52
16000,19,53,55,55,71,22,4,4
16003,55,37,4,4,21,59,23,23
16007,67,67,11,46,,,46,46
16012,6,69,35,57,62,6,60,60
16017,,,,,35,11,35,69
16078,72,72,49,49,67,67,2,2
16079,153,153,4,4,61,65,35,35
16080,35,35,47,47,14,61,70,46
16081,15,62,35,154,61,23,67,34
16082,72,6,2,57,61,25,49,159
16083,,,4,4,66,14,67,67
16084,15,39,9,9,14,6,61,46
16085,6,21,13,46,2,25,40,16
16086,14,13,31,26,154,66,40,158
16087,14,61,46,49,6,66,67,159
16088,36,35,20,17,20,22,28,25
16089,21,6,2,46,62,61,31,47
16090,47,11,31,67,26,14,66,153
16091,14,13,31,47,66,65,1,152
16092,20,21,28,25,25,27,41,39
16093,61,61,52,52,66,13,49,49
16094,15,65,31,153,66,70,5,6
16095,66,70,4,4,65,67,1,1
16096,159,159,49,65,57,66,31,47
16097,15,14,35,159,66,67,2,2
16098,13,61,35,65,25,14,35,62
16099,66,156,31,159,16,6,158,47
16100,21,21,60,17,2,153,46,45
16101,62,67,2,2,11,159,35,35
16102,15,66,31,31,63,61,35,47
16203,2,2,49,49,26,26,62,62
16204,62,25,35,35,62,25,35,35
16205,37,37,46,46,14,61,37,46
16206,158,154,35,62,62,15,35,35
16207,62,62,57,67,62,62,49,57
16208,21,62,4,4,61,15,49,49
16209,61,6,62,46,21,21,46,46
16210,25,2,46,152,13,21,46,154
16211,58,58,31,153,40,66,31,45
16212,158,158,4,4,21,21,49,49
16213,15,16,37,34,21,22,26,24
16214,21,6,46,2,2,2,46,58
16215,67,67,31,31,153,66,31,31
16216,14,47,31,31,66,66,31,11
16217,22,17,29,24,23,25,28,23
16218,,,,,,,,
16219,62,14,31,45,21,66,31,28
16220,66,67,4,4,65,70,49,49
16221,58,58,31,65,66,66,31,11
16222,67,2,35,154,66,14,35,154
16223,67,154,35,13,13,14,35,25
16224,71,71,31,31,66,66,31,31
16225,152,154,14,46,153,16,46,14
16226,159,2,35,62,62,14,35,2
16227,66,15,35,11,62,15,35,35
16328,71,37,22,22,23,23,43,43
16329,42,152,22,22,37,23,44,44
16330,59,58,4,4,23,37,60,60
16331,154,23,4,4,33,19,43,43
16332,71,23,58,152,37,52,22,66
16333,71,19,43,58,22,52,66,34
16334,70,5,3,60,37,11,48,4
16335,37,58,44,152,23,153,60,39
16336,,,3,3,,,,
16337,53,53,3,66,42,55,58,48
16338,23,48,4,4,37,58,43,43
16339,37,5,4,4,70,20,44,44
16340,153,153,43,43,71,154,3,3
16341,52,33,66,3,60,58,12,55
16342,19,66,51,58,70,32,71,3
16343,15,58,19,59,66,23,5,5
16344,37,66,43,20,71,15,153,70
16345,71,52,43,71,25,42,59,55
16346,51,51,43,43,70,39,33,58
16347,71,71,44,44,70,153,43,43
16348,70,15,4,4,48,71,44,44
16349,9,9,17,17,14,14,33,33
16350,37,58,3,154,23,70,152,22
16351,153,19,44,44,70,71,20,12
16352,59,66,4,4,154,153,60,60
16453,,,60,60,71,71,19,3
16455,154,70,44,44,48,15,59,19
16456,70,19,4,4,154,153,43,43
16457,5,66,4,4,71,55,52,52
16458,19,71,22,22,152,19,71,71
16459,11,19,4,4,5,37,60,60
16460,37,58,153,44,15,153,152,44
16461,152,20,153,153,43,43,55,55
16462,58,37,71,71,66,12,43,43
16463,23,15,43,32,66,71,37,58
16464,154,15,44,44,152,15,4,4
16465,71,53,3,3,154,59,153,70
16467,5,66,3,71,71,71,70,3
16468,15,19,4,4,23,15,43,43
16469,71,153,44,23,23,15,71,1
16470,15,42,43,43,71,70,55,55
16471,51,152,44,154,33,153,44,5
16473,12,154,44,32,153,15,44,154
16474,70,154,44,154,153,71,153,71
16475,154,152,44,23,15,15,3,19
16476,19,33,4,4,71,155,38,38
16477,15,66,44,59,20,37,153,154
16579,2,158,35,40,156,156,35,35
16580,158,21,35,69,69,69,35,35
16581,158,158,31,31,,,31,31
16582,11,69,57,46,69,69,46,46
16583,156,156,46,69,21,25,35,67
16584,21,21,35,35,69,69,35,35
16585,2,156,35,69,2,2,35,69
16586,65,65,11,46,158,67,57,46
16587,156,69,35,158,158,158,35,35
16588,156,69,35,69,62,62,35,35
16589,65,65,31,62,158,158,31,31
16590,40,67,49,49,156,61,1,1
16591,67,67,45,46,11,11,,
16592,11,11,46,46,14,14,57,52
16593,156,69,52,57,69,69,46,46
16594,25,154,40,40,158,158,49,49
16595,156,156,31,31,,,60,45
16596,11,158,46,46,61,156,69,69
16597,2,21,31,31,11,11,62,62
16598,11,11,31,31,158,158,31,31
16599,17,15,28,25,21,22,29,26
16600,,,,,,,35,35
16601,158,158,31,31,,,49,49
16602,62,62,31,31,158,158,31,31
16705,65,65,31,31,40,158,31,31
16706,,,,,,,,
16707,,,35,69,,,,
16709,157,158,35,156,157,157,35,69
16710,65,35,31,52,158,158,31,31
16711,156,156,31,45,60,46,69,57
16712,21,21,57,57,67,67,11,11
16713,7,9,31,33,25,26,32,34
16714,62,156,46,52,31,158,40,21
16715,158,158,46,57,40,156,1,17
16716,66,66,31,31,11,11,9,9
16717,21,157,35,11,156,156,35,11
16718,17,153,35,57,62,156,35,153
16719,158,11,35,40,61,11,35,45
16721,156,156,31,31,158,158,40,40
16722,27,39,62,62,13,22,49,49
16723,17,15,12,6,9,7,28,25
16724,20,22,6,4,24,25,22,24
16726,67,21,49,49,158,158,49,49
16727,62,49,31,31,158,158,40,40
16812,62,25,31,31,65,65,31,31
16813,65,156,31,31,65,65,31,31
16814,11,7,22,22,33,33,24,24
16815,,,35,57,,,60,60
16816,62,11,35,156,14,67,57,35
16817,158,156,31,52,65,65,60,25
16818,65,65,31,31,158,158,31,31
16819,65,65,57,11,,,46,156
16820,65,65,49,49,65,65,49,49
16821,156,156,35,57,14,11,60,52
16822,156,153,35,57,156,156,62,62
16823,17,29,25,36,19,21,43,57
16824,65,65,49,49,154,154,60,60
16825,17,65,52,46,156,156,38,57
16826,65,65,31,31,65,65,31,31
16827,8,4,30,26,27,29,67,64
16828,26,22,46,46,23,21,20,20
16895,23,42,22,20,5,58,20,3
16896,59,4,58,37,48,19,3,60
16897,33,59,43,43,51,48,4,4
16898,20,55,43,3,52,19,44,39
16899,71,71,43,43,155,55,3,3
16900,48,37,43,43,32,8,23,23
16901,5,20,3,3,55,55,38,38
16902,22,20,44,44,22,37,1,51
16903,52,55,3,12,42,51,60,25
16904,3,20,44,44,33,51,38,38
16905,33,51,44,22,39,12,1,22
16906,155,155,44,71,38,12,12,51
16907,51,38,44,38,55,20,43,44
16908,52,48,44,23,39,3,34,34
16909,20,19,4,4,33,15,38,38
16910,71,70,4,4,155,59,43,43
16955,37,42,43,43,51,5,3,33
16986,6,71,31,31,5,70,60,60
16994,70,71,4,4,67,66,35,35
16995,62,65,4,4,66,158,34,34
16996,65,154,71,3,71,66,34,47
16997,24,21,28,25,22,19,20,15
16998,23,23,32,32,17,17,51,51
16999,58,15,46,14,66,16,34,45
17047,998,998,158,158,998,998,40,40
17105,998,998,998,998,998,998,998,998
17109,998,998,998,998,998,998,998,998
17129,70,37,43,155,20,59,44,33
17569,58,55,4,4,42,20,38,38
17570,33,3,60,60,43,33,44,51
17571,70,70,32,32,5,23,43,71
17572,23,32,4,4,5,37,44,44
17573,32,51,4,38,32,23,44,42
17574,19,20,3,4,19,70,66,37
17612,4,4,60,60,58,20,23,3
17613,59,1,22,71,1,59,22,71
17614,71,42,22,38,42,59,22,38
17615,58,23,43,53,33,42,55,4
17616,42,70,4,4,59,20,60,60
17617,71,20,22,71,20,59,38,22
17618,58,70,22,32,66,70,22,32
17619,53,32,22,51,37,53,22,38
17620,37,58,22,38,37,58,22,38
17621,51,58,22,48,48,37,71,37
17622,70,58,22,4,70,58,51,22
17623,53,32,22,44,32,53,22,44
17624,58,23,44,22,58,23,44,22
17625,37,37,22,22,32,19,43,33
17626,58,51,22,43,71,53,43,22
17627,42,42,43,38,23,32,5,5
17628,70,48,44,38,48,43,44,32
17629,53,53,43,43,37,48,1,1
17630,70,20,44,58,70,37,38,23
17631,42,51,4,4,37,71,5,5
17632,66,71,43,70,42,55,22,19
17633,42,42,3,3,58,48,23,42
17634,,,22,1,37,23,5,19
17635,37,66,1,58,53,48,43,58
17636,59,23,43,19,42,20,44,58
17749,61,15,35,35,157,152,35,62
17750,159,16,35,63,61,15,11,35
17751,5,21,3,159,16,21,159,159
17752,154,66,3,156,152,15,44,62
17753,21,21,39,36,44,41,55,52
17754,16,31,34,46,15,65,9,153
17755,,,,,,,,
17756,157,15,35,35,16,159,9,45
17757,11,153,3,3,65,2,34,159
17758,160,160,2,3,65,16,35,9
17759,,,,,,,,
17760,23,159,31,31,152,152,9,9
17761,162,35,9,9,159,160,35,35
17762,159,157,35,153,156,156,159,159
17763,58,58,31,31,157,154,9,9
17764,7,9,21,19,19,15,19,16
17765,21,21,13,13,24,24,5,5
17766,16,15,37,34,36,33,41,37
17767,162,47,35,35,159,159,58,5
17768,14,14,28,28,17,17,25,25
17769,25,23,34,31,36,33,40,37
17770,29,29,44,41,34,34,51,48
17771,153,153,46,46,65,16,46,46
17772,66,66,31,16,65,62,25,153
17773,16,16,35,3,158,158,3,3
17774,15,15,35,35,22,22,23,23
17775,40,37,155,152,153,72,154,73
17776,156,15,31,31,35,152,154,11
17777,46,46,3,3,152,153,32,32
17778,25,23,45,42,42,39,73,71
17779,23,21,43,41,56,53,66,63
17935,71,59,4,4,152,33,42,42
17936,42,59,43,58,19,19,23,23
17937,33,59,4,4,59,51,71,71
17938,71,19,4,4,53,12,20,20
17939,20,23,4,4,23,20,155,155
17940,23,32,3,3,70,42,9,9
17941,71,33,4,4,42,59,34,34
17942,59,71,4,4,20,152,19,19
17943,42,71,4,4,20,32,59,59
17944,20,66,4,4,66,20,12,12
17945,5,71,3,9,33,33,3,3
17946,5,70,22,22,5,71,22,22
17947,71,33,4,4,20,70,51,51
17948,42,20,43,153,9,9,48,48
17949,20,33,4,4,37,23,9,9
17950,37,70,43,43,5,5,48,48
17951,70,23,22,32,19,23,43,37
17952,9,5,44,44,5,5,9,44
17953,37,58,22,51,71,33,43,32
17954,23,37,44,44,48,48,44,37
17955,59,20,4,4,59,20,155,155
17956,19,5,43,43,32,32,9,9
17957,53,71,155,22,53,53,155,155
17958,37,23,44,44,42,42,44,44
17959,58,20,44,19,59,42,4,48
17960,37,23,44,51,70,51,51,44
17961,20,58,43,43,19,19,9,9
17962,42,48,4,4,5,19,37,37
17963,19,71,4,4,37,58,155,155
17964,37,42,4,4,58,19,71,71
17965,71,55,58,43,42,33,44,70
18060,16,11,46,46,66,14,49,2
18092,62,13,46,6,66,14,49,34
18093,66,62,35,15,15,6,35,58
18094,14,16,35,57,62,25,46,6
18095,66,14,5,3,13,15,35,5
18096,16,13,25,23,20,16,21,19
18097,6,63,66,46,14,13,15,34
18098,11,14,46,12,66,15,49,34
18099,66,14,35,2,65,6,35,46
18100,66,46,31,28,15,14,34,161
18101,63,154,46,46,14,65,34,47
18102,14,13,46,46,65,15,49,34
18103,11,161,46,45,14,65,34,52
18104,14,6,46,12,63,15,47,45
18105,11,14,35,63,13,15,1,63
18106,61,14,31,20,35,15,25,63
18107,25,154,46,61,14,13,32,3
18108,15,23,25,46,14,161,47,16
18109,65,11,46,45,161,14,47,1
18110,66,21,31,5,14,63,34,35
18111,13,14,2,2,66,20,2,47
18112,47,65,1,44,161,13,46,2
18113,25,23,65,62,55,53,69,64
18114,60,65,46,47,35,62,40,9
18115,30,27,54,48,34,29,156,73
18116,16,13,3,3,6,62,35,34
18117,6,47,46,52,66,16,34,57
18118,66,25,35,61,6,16,35,46
18119,66,15,35,6,25,21,35,63
18120,16,6,25,3,28,62,25,66
18121,15,59,14,3,25,62,34,3
18183,62,14,49,46,11,16,35,17
18184,61,62,46,6,66,14,11,34
18185,66,25,35,6,62,14,35,58
18186,14,16,35,57,6,11,44,15
18187,66,14,3,160,5,160,16,34
18188,23,42,43,32,59,55,71,20
18189,47,23,46,46,13,14,34,34
18190,65,14,35,11,58,2,15,16
18191,66,6,2,3,14,65,35,4
18192,65,14,31,15,66,161,3,16
18193,6,154,46,63,14,65,40,34
18194,65,15,46,11,13,14,34,23
18195,11,161,46,14,15,65,34,28
18196,14,65,46,45,6,47,161,1
18197,65,14,35,11,63,15,35,11
18199,13,154,46,14,58,32,34,25
18200,14,23,46,11,161,25,44,25
18201,11,14,46,52,65,161,47,25
18202,66,21,14,49,61,16,31,11
18203,14,65,2,3,66,20,47,2
18204,22,20,41,38,34,32,29,26
18205,46,43,159,157,60,58,157,155
18206,65,61,35,40,25,62,35,40
18207,65,65,3,62,13,13,62,3
18208,13,161,3,16,6,25,35,3
18209,30,26,43,40,45,41,57,54
18210,25,62,35,6,16,14,15,35
18211,25,16,35,6,66,21,35,15
18212,66,25,3,62,15,28,44,62
18213,59,25,66,3,14,6,62,11
18253,20,42,22,9,70,71,4,32
18254,11,161,9,34,3,17,35,57
18290,55,19,43,43,23,58,3,3
18291,59,55,3,71,58,42,33,19
18292,71,19,44,33,42,58,32,34
18293,42,58,22,33,53,19,55,59
18294,53,71,43,58,19,59,42,51
18295,71,59,9,32,70,20,43,23
18296,51,58,43,33,59,59,1,1
18297,20,70,43,33,42,59,71,58
18298,58,71,44,58,70,59,9,32
18299,37,53,44,55,55,58,34,9
18300,23,51,44,44,32,70,34,43
18301,37,58,43,43,33,71,20,34
18302,37,71,22,34,15,37,71,22
18303,5,58,4,4,33,71,1,1
18304,9,51,44,9,23,37,44,23
18305,23,19,44,48,70,5,48,44
18306,70,37,34,5,32,19,44,23
18307,37,70,22,22,32,33,1,23
18308,71,51,43,33,37,70,22,19
18309,32,59,4,4,5,70,34,34
18310,37,5,44,39,23,1,9,19
18311,37,70,22,22,23,32,1,59
18312,42,59,34,44,55,19,44,16
18313,37,42,4,60,23,70,9,3
18314,20,42,4,4,19,59,1,1
18315,42,19,4,4,51,37,34,34
18316,59,71,44,15,60,60,3,3
18317,58,23,22,5,71,42,3,34
18318,37,58,43,42,59,71,34,19
18319,42,33,4,4,23,19,34,34
18381,19,20,12,3,59,42,43,4
18382,55,23,3,42,20,19,59,43
18383,33,39,4,4,32,12,1,1
18384,42,53,4,4,71,19,44,44
18385,23,19,4,4,58,42,51,51
18386,23,43,3,3,32,42,59,33
18387,66,42,4,4,58,70,43,43
18388,42,71,4,4,51,39,38,38
18389,32,53,4,32,58,71,44,33
18390,155,53,4,51,37,23,44,42
18391,3,44,43,33,23,48,71,32
18392,70,39,22,5,51,12,71,32
18393,51,71,22,48,39,70,4,32
18394,58,71,43,43,70,4,42,20
18395,32,53,22,22,39,70,4,44
18397,5,19,43,70,37,32,22,38
18398,44,44,22,22,19,32,51,38
18399,70,37,22,51,71,19,38,53
18400,4,19,43,44,23,37,5,32
18401,38,4,70,19,38,4,44,70
18402,51,32,43,70,59,19,48,22
18403,53,23,44,1,22,53,44,1
18404,19,71,37,3,23,70,4,59
18405,19,71,44,5,5,58,38,42
18406,70,37,4,4,42,71,44,44
18407,42,39,43,1,155,71,22,5
18408,71,19,3,5,33,58,44,4
18409,19,33,44,71,4,42,22,58
18410,155,19,37,59,66,52,44,20
18411,42,23,4,4,19,20,44,44
18474,21,21,27,27,23,23,25,25
18475,62,28,46,21,11,25,38,57
18476,28,21,46,57,62,25,35,45
18477,11,28,46,57,62,21,1,25
18478,62,25,35,45,28,11,35,57
18479,17,15,26,23,25,22,32,29
18480,52,2,11,154,40,28,65,65
18481,52,2,40,65,57,28,161,49
18482,161,11,46,40,28,65,45,38
18483,65,161,46,52,31,11,3,52
18484,65,28,46,46,11,154,40,40
18485,23,23,31,11,28,65,46,40
18486,45,28,45,40,36,31,159,155
18487,34,29,56,52,35,32,60,57
18488,29,26,154,70,53,50,5,6
18489,25,28,35,52,65,21,35,28
18490,62,62,52,3,40,11,46,21
18491,25,65,62,3,40,159,46,45
18492,28,28,40,37,43,40,48,45
18494,11,2,62,40,28,62,40,3
18495,25,11,3,52,161,21,46,52
18496,2,11,57,3,65,25,40,28
18497,62,25,35,52,65,40,35,62
18498,62,21,3,40,65,2,35,40
18499,65,25,35,52,40,62,17,57
18500,11,62,57,3,161,21,40,52
18501,25,21,14,46,62,28,57,38
18502,21,62,46,45,2,25,38,57
18503,25,28,35,57,62,2,17,45
18504,62,25,35,45,2,2,35,45
18556,62,25,35,57,14,63,46,46
18557,30,31,31,28,31,29,34,31
18558,32,30,67,64,64,62,159,156
18559,28,28,45,45,47,47,47,47
18560,14,23,3,45,153,25,1,44
18562,57,16,46,47,159,161,3,154
18563,25,153,35,34,6,159,46,32
18564,62,25,35,153,6,156,44,159
18565,14,154,35,35,25,159,11,11
18610,23,23,43,39,23,23,43,43
18611,5,5,43,71,158,158,,
18615,55,55,43,43,59,59,33,33
18698,33,33,47,47,38,38,154,154
18699,23,20,22,23,30,27,31,28
18700,6,15,46,35,25,14,5,46
18701,66,47,12,34,11,156,44,6
18702,66,14,16,152,11,15,35,5
18703,14,63,11,15,154,65,49,153
18704,25,22,36,33,29,26,35,32
18705,22,20,34,31,35,32,40,37
18706,35,65,46,2,6,66,4,9
18707,161,14,46,16,31,66,35,65
18708,65,65,31,6,63,14,34,5
18709,16,17,23,20,22,20,26,23
18710,30,28,42,38,27,25,158,156
18711,32,33,62,60,159,156,159,157
18712,31,31,40,36,62,58,62,59
18713,11,25,35,6,70,15,14,31
18714,25,25,159,32,13,14,58,3
18715,23,162,3,25,153,14,44,25
18716,32,27,58,56,51,49,65,62
18717,21,63,35,35,14,66,5,63
18718,47,20,35,3,14,66,2,40
18719,13,14,13,14,6,16,3,44
18720,62,153,11,3,159,162,5,158
18721,52,47,35,35,16,62,2,9
18722,156,2,35,35,62,66,158,16
18723,13,6,35,3,161,16,44,40
18724,66,25,5,3,154,6,40,5
18725,6,25,62,46,61,16,60,25
18726,153,25,46,6,160,15,35,34
18727,66,6,28,34,15,25,44,24
18728,6,66,35,35,154,11,25,159
18853,15,17,36,33,28,26,24,20
18854,157,157,69,69,61,61,49,49
18855,66,21,46,153,153,154,46,21
18856,25,25,46,46,66,66,46,46
18857,11,160,35,14,157,157,35,35
18858,16,16,31,31,11,11,40,40
18859,24,23,30,27,37,35,53,51
18860,38,40,157,153,65,61,158,154
18861,66,14,46,153,16,28,46,65
18862,28,28,46,46,14,14,46,46
18863,14,65,31,5,11,11,31,52
18864,19,15,60,57,34,31,36,33
18865,28,25,153,72,61,58,158,155
18866,28,26,63,61,44,41,154,73
18867,37,34,70,67,69,65,59,55
18868,6,61,35,25,25,61,35,35
18869,13,14,159,159,11,62,45,52
18870,158,158,3,3,25,25,44,52
18871,26,26,38,38,56,56,68,68
18872,63,16,35,11,5,5,35,35
18873,62,14,35,52,47,62,35,57
18874,6,6,3,14,13,52,44,57
18875,47,159,11,52,14,162,5,158
18876,152,152,52,46,40,40,62,46
18877,156,2,35,62,158,62,35,2
18878,62,13,35,154,13,13,35,154
18879,66,25,5,3,154,6,40,5
18880,156,154,46,46,154,154,46,46
18881,21,25,46,57,160,160,46,45
18882,156,15,35,28,35,35,35,35
18883,25,11,35,154,66,159,35,11
18998,20,58,43,43,55,59,3,42
18999,55,59,4,4,20,58,51,51
19000,19,19,22,22,155,154,44,1
19001,20,42,22,38,55,52,58,59
19002,58,23,43,33,55,155,42,33
19003,32,59,44,44,39,43,60,42
19004,70,42,43,51,39,20,12,59
19005,47,71,43,58,42,51,38,20
19006,70,59,4,4,20,32,44,44
19007,12,155,22,53,39,51,38,37
19008,39,48,44,44,23,5,60,32
19009,58,37,38,22,5,43,44,32
19010,37,39,4,4,70,12,51,51
19011,20,58,22,51,4,12,32,38
19012,70,51,4,4,33,32,38,38
19013,5,37,4,4,23,19,44,44
19014,19,44,22,38,12,51,43,43
19015,5,19,43,43,22,12,53,51
19016,48,51,38,22,22,32,44,44
19017,53,53,22,22,5,5,43,43
19018,37,59,44,44,23,19,4,4
19019,20,70,38,58,39,71,43,37
19020,5,37,43,43,70,48,4,42
19021,71,19,43,70,42,55,44,20
19022,58,20,44,43,48,42,4,43
19023,20,42,43,44,23,58,4,5
19169,20,20,43,19,59,59,3,60
19170,33,154,39,15,71,19,44,32
19171,20,59,38,4,155,52,44,152
19174,20,42,70,59,51,51,32,4
19175,66,15,32,51,47,39,8,38
19176,70,32,20,38,66,55,44,38
19177,51,155,4,4,154,53,44,44
19178,5,23,3,3,153,154,48,32
19179,20,58,43,44,37,37,38,38
19180,33,37,51,32,70,70,38,20
19181,42,70,4,4,58,51,43,43
19182,12,39,44,44,32,22,38,38
19183,5,12,44,32,153,23,38,37
19184,,,,,,,,
19185,19,19,22,22,37,51,32,32
19186,153,71,53,12,51,32,22,48
19187,5,153,4,4,66,154,43,43
19188,42,20,4,4,32,5,38,38
19189,154,154,43,70,32,51,22,48
19190,70,48,43,37,5,19,44,22
19191,20,23,4,4,152,153,44,44
19192,42,37,4,4,20,5,43,43
19193,37,37,70,70,23,5,43,55
19194,5,42,43,22,71,71,55,55
19195,66,23,4,4,5,153,44,44
19196,37,19,4,4,58,33,22,22
19197,42,20,4,4,19,154,43,43
19198,42,23,4,4,20,58,44,44
19323,157,157,35,57,69,69,35,57
19324,157,156,35,62,156,11,38,25
19325,62,25,3,3,153,157,1,1
19326,25,25,35,35,25,25,35,35
19327,160,160,3,3,157,157,3,3
19329,157,157,46,46,156,156,46,69
19330,11,160,46,45,161,161,46,46
19331,157,160,35,45,2,2,52,52
19332,160,160,35,35,156,156,35,35
19334,17,17,30,30,25,25,34,34
19335,160,160,46,46,157,157,46,46
19336,160,160,46,46,157,157,46,46
19337,156,156,35,45,156,156,35,35
19338,157,157,31,31,157,157,52,52
19339,15,11,25,25,22,22,51,51
19340,,,48,48,64,64,69,69
19341,157,157,46,46,160,160,46,46
19342,62,25,31,52,158,158,11,11
19343,35,35,22,22,40,40,39,39
19344,8,5,157,157,38,38,36,36
19345,28,26,36,36,20,20,8,8
19346,65,65,31,31,60,60,31,31
19347,21,19,23,23,26,23,32,32
19348,25,62,2,3,2,3,38,38
19349,29,27,68,65,65,62,39,36
19350,157,157,35,35,154,154,35,35
19351,157,157,35,69,156,156,35,35
19352,2,2,3,57,160,160,3,3
19353,160,2,45,3,157,157,156,156
19478,66,66,43,43,154,154,152,152
19479,66,58,4,4,59,42,43,43
19480,15,59,4,4,154,71,44,44
19481,152,15,4,4,154,20,44,44
19482,66,15,4,4,152,154,51,51
19483,154,59,42,3,152,15,44,43
19484,154,15,15,152,43,51,43,154
19485,66,15,43,22,20,42,154,152
19486,15,152,4,4,66,20,55,55
19487,154,8,44,38,15,152,44,4
19488,60,154,44,44,60,153,3,48
19489,153,51,43,44,153,152,44,43
19490,15,153,4,4,154,70,51,51
19491,20,15,43,71,22,4,70,42
19492,15,13,4,4,33,154,20,20
19493,5,12,43,153,37,71,32,15
19494,12,32,43,43,153,154,38,38
19495,15,154,44,44,153,15,44,44
19496,22,5,43,58,153,53,154,51
19497,5,66,43,153,37,23,32,154
19498,66,20,4,155,59,153,44,48
19499,39,32,22,22,154,153,38,43
19500,154,153,22,22,66,5,22,22
19501,152,70,38,39,20,23,44,44
19502,153,153,4,4,66,71,43,43
19503,70,37,44,55,42,152,1,48
19504,5,66,44,47,71,19,44,1
19505,66,15,4,4,11,66,44,44
19506,,,,,,,,
19507,153,154,4,4,15,59,48,48
19508,15,66,43,58,5,42,153,152
19633,61,61,35,46,35,11,46,60
19634,23,23,26,26,27,27,22,22
19635,153,3,46,57,21,62,35,46
19636,25,35,45,57,62,25,3,2
19637,23,23,37,37,38,38,50,50
19638,157,28,31,40,157,28,31,40
19639,157,65,35,1,65,2,35,57
19640,157,157,35,2,11,11,35,11
19641,2,28,40,52,65,11,35,2
19642,157,35,31,161,65,40,31,57
19643,157,46,40,40,156,156,31,31
19644,25,25,27,27,22,22,37,37
19645,160,65,35,52,161,160,35,35
19646,156,156,35,52,157,157,35,45
19647,11,160,31,52,156,156,31,31
19648,21,21,26,26,23,23,30,30
19649,20,20,23,23,33,33,25,25
19650,40,40,46,52,62,2,46,45
19651,65,161,35,45,160,157,35,65
19652,40,28,35,17,11,21,35,17
19653,65,11,11,52,49,2,35,57
19654,40,40,46,57,2,62,49,52
19655,158,62,46,52,65,158,49,52
19656,62,65,35,57,61,61,35,35
19657,2,158,35,40,62,156,35,40
19658,23,23,41,41,46,43,42,42
19659,25,156,46,57,158,158,46,46
19660,154,25,35,17,62,35,35,57
19661,62,157,3,156,160,62,35,35
19662,22,22,32,32,25,25,40,40
19663,34,34,157,157,63,63,155,155
19733,,,21,21,,,40,40
19745,65,65,46,17,65,154,38,46
19765,59,16,31,32,20,15,31,46
19775,65,154,46,60,154,154,65,46
19776,65,65,49,49,11,11,49,49
19783,156,156,31,60,157,157,31,31
19836,65,65,46,46,62,62,46,46
19837,65,65,46,46,11,11,46,46
19838,65,161,35,25,65,65,35,35
19839,10,10,27,27,13,13,25,25
19840,161,161,46,46,158,11,57,38
19841,65,65,46,46,11,11,46,46
19842,30,30,47,47,30,30,44,44
19843,161,161,46,46,161,158,46,57
19844,25,158,31,57,62,156,38,38
19845,62,160,3,156,156,160,45,57
19846,24,24,37,37,39,39,61,61
19847,24,21,42,42,40,40,41,41
19848,62,11,1,3,157,160,3,11
19849,31,27,8,8,8,8,28,28
19850,65,35,35,57,65,156,60,35
19851,157,157,35,57,65,65,156,1
19852,11,161,38,3,65,161,156,45
19853,11,161,57,52,38,38,57,52
19854,23,23,46,46,65,154,60,60
19855,65,161,35,65,161,161,35,35
19856,65,161,35,11,11,11,35,35
19857,11,65,31,52,158,158,31,31
19905,37,19,43,43,5,5,4,4
19918,25,25,40,57,62,47,52,46
19929,,,158,158,,,21,21
19930,158,158,21,21,21,21,158,158
19931,,,,,21,21,158,158
19967,59,59,44,2,2,2,2,2
19981,17,17,32,32,40,40,43,43
19993,13,159,44,44,161,16,44,44
20004,5,5,44,44,4,4,158,158
20021,33,33,44,55,59,59,44,55
20043,53,70,22,48,22,22,53,53
20072,71,19,44,34,71,71,44,44
20076,42,37,22,22,70,71,34,9
20081,,,21,21,21,21,21,21
20092,48,48,22,22,48,48,22,22
20163,29,29,17,17,44,44,40,40
20164,11,61,46,63,65,14,1,35
20165,15,13,46,11,61,161,1,45
20166,21,21,9,47,11,15,35,35
20167,154,21,35,35,161,14,31,60
20168,27,25,39,36,47,43,52,49
20169,25,22,37,33,30,27,40,36
20170,47,47,46,46,11,11,9,9
20171,14,14,46,46,61,21,49,49
20172,162,164,35,11,159,61,47,31
20173,58,153,31,31,61,23,49,49
20174,24,21,35,32,33,30,42,39
20175,26,26,27,27,26,26,41,41
20176,61,25,46,52,13,16,60,57
20177,61,61,46,57,153,16,35,35
20178,61,58,31,31,25,13,59,49
20179,13,25,31,16,58,46,60,60
20180,30,30,43,43,35,35,44,44
20181,159,25,59,3,16,16,1,1
20182,63,16,35,21,25,62,31,14
20183,46,58,60,15,13,63,31,16
20184,63,13,57,45,165,165,31,31
20185,25,61,3,3,,,59,34
20186,63,21,35,161,14,13,2,17
20187,165,164,35,16,63,161,35,58
20188,21,21,31,62,47,59,1,14
20189,14,159,31,31,11,11,3,25
20190,21,161,46,13,14,65,46,63
20191,165,15,21,13,154,65,35,47
20192,161,13,9,159,156,164,35,14
20193,65,161,40,1,11,61,25,152
20318,25,25,38,34,37,34,38,35
20319,25,14,46,11,21,161,45,11
20320,61,161,52,46,13,65,46,45
20321,154,164,35,52,162,162,45,52
20322,162,35,162,35,21,161,21,161
20323,28,28,35,35,35,35,54,54
20324,28,25,55,51,42,38,70,67
20325,65,161,46,52,65,59,46,46
20326,61,61,46,40,161,61,46,52
20327,47,61,35,164,159,11,35,164
20328,62,161,31,31,59,59,158,158
20329,29,26,47,44,33,29,62,60
20330,28,26,25,23,30,28,31,28
20331,62,161,46,46,16,16,46,46
20332,66,66,46,46,158,61,40,46
20333,59,59,31,31,58,58,31,31
20334,11,11,31,31,25,61,31,31
20335,19,19,25,25,32,32,28,28
20336,33,164,3,57,154,164,45,160
20337,62,14,35,16,157,157,35,57
20338,21,21,31,31,66,66,31,31
20339,21,157,31,31,165,165,31,31
20340,33,33,57,45,59,59,33,3
20341,161,21,35,33,157,15,35,2
20342,165,160,35,2,164,156,35,156
20343,21,21,31,31,,,31,31
20344,21,14,31,31,161,161,31,31
20345,21,25,46,52,65,161,63,15
20346,154,157,35,35,154,154,35,165
20347,47,65,35,164,21,161,35,65
20348,65,161,40,157,25,25,40,40
20455,161,161,35,65,65,65,35,161
20456,65,161,35,34,65,161,35,35
20457,161,161,35,35,161,161,35,35
20458,11,161,31,31,59,59,31,31
20459,161,59,31,31,11,161,31,31
20460,11,11,3,38,3,3,38,38
20461,161,65,46,46,59,158,46,46
20462,161,11,35,35,11,161,35,35
20463,161,11,35,59,65,65,35,35
20464,161,11,31,31,161,161,31,31
20465,161,161,31,31,161,11,31,38
20466,62,11,46,57,59,59,46,24
20467,62,62,46,46,11,62,38,38
20468,62,156,35,11,11,160,35,59
20469,65,65,46,52,161,59,38,57
20470,19,19,58,58,155,155,42,42
20471,59,59,46,46,65,161,60,60
20472,59,161,46,46,156,161,46,57
20473,156,157,31,31,65,161,31,31
20474,29,27,50,47,45,41,43,39
20475,17,17,29,29,34,34,34,34
20476,161,161,46,46,38,156,46,45
20583,157,157,46,46,157,157,46,46
20584,65,65,31,31,157,157,31,31
20585,157,160,31,11,62,161,35,35
20586,157,21,62,45,158,158,158,158
20587,11,157,45,3,25,25,160,160
20588,161,161,46,46,2,2,158,57
20589,161,161,46,46,161,161,46,46
20590,62,62,35,52,2,2,35,35
20591,32,32,37,37,34,34,42,42
20592,62,62,31,31,62,62,31,31
20593,30,30,29,29,37,37,44,44
20594,17,15,38,35,33,30,49,47
20595,62,62,46,57,156,156,46,57
20596,27,23,34,34,39,39,43,43
20597,59,59,35,52,11,11,35,35
20598,21,21,29,29,28,28,41,41
20599,28,28,33,30,28,28,21,21
20600,62,62,35,57,156,156,157,45
20601,156,156,46,38,156,156,46,46
20602,37,37,53,53,47,47,50,50
20603,40,36,32,28,32,29,38,34
20604,156,156,46,46,59,59,46,46
20605,160,156,35,59,11,11,157,157
20606,160,157,31,57,21,21,57,57
20607,59,160,31,31,59,59,31,31
20608,27,24,29,26,31,28,36,33
20609,160,160,3,2,2,160,161,3
20610,21,21,35,45,157,157,35,35
20611,21,21,31,31,21,21,31,31
20612,156,156,31,31,160,160,31,31
20613,21,21,161,3,161,161,3,3
20738,65,46,35,52,65,65,52,35
20739,65,21,35,28,11,11,35,65
20740,28,161,35,11,161,11,35,45
20741,157,161,31,45,21,21,31,40
20742,6,3,31,31,161,161,40,40
20743,2,65,35,17,11,11,35,35
20744,2,11,35,52,45,62,45,52
20745,161,65,31,31,11,11,31,52
20746,158,161,46,52,161,161,46,40
20747,11,11,31,57,40,40,31,52
20748,11,159,46,46,159,159,46,46
20749,156,59,35,11,156,59,35,11
20750,161,156,35,57,161,156,35,57
20751,49,40,31,31,62,62,31,31
20752,11,35,31,57,40,156,31,31
20753,17,17,24,24,22,22,54,54
20754,20,20,28,28,23,23,30,30
20755,35,62,46,45,2,35,57,46
20756,157,59,35,2,11,2,35,59
20757,160,62,35,35,160,2,35,49
20758,29,29,58,58,48,48,62,62
20759,21,21,30,30,29,29,31,31
20760,28,35,57,45,21,61,57,45
20761,21,161,46,57,65,35,31,52
20762,51,47,47,44,54,54,54,56
20763,28,25,36,34,39,37,68,65
20764,21,161,40,46,2,28,45,52
20765,35,156,31,157,21,65,31,31
20766,50,47,32,29,38,35,33,29
20767,28,156,40,3,156,35,40,3
20768,161,161,46,46,21,3,40,46
20893,53,19,4,4,70,32,43,43
20894,39,70,4,22,53,155,5,70
20895,39,70,44,12,42,19,38,4
20896,32,42,44,43,19,70,38,5
20897,164,154,38,43,32,42,44,153
20898,58,5,4,4,39,154,60,60
20899,19,23,37,8,43,49,25,153
20900,55,42,44,164,22,70,38,39
20901,163,42,4,4,39,37,38,38
20902,19,55,44,38,55,48,38,44
20903,5,153,43,43,51,23,22,60
20904,37,153,22,22,153,37,4,22
20905,25,42,22,20,19,19,38,4
20906,39,164,44,48,163,163,44,38
20907,164,153,4,4,19,71,60,60
20908,19,157,43,51,153,153,44,44
20909,,,43,155,25,25,43,155
20910,23,37,43,25,71,5,4,33
20911,4,5,60,154,71,19,43,43
20912,66,37,44,38,58,23,38,44
20913,12,39,51,15,163,25,44,66
20914,22,37,43,153,71,33,62,15
20915,25,33,4,4,155,43,71,71
20916,58,15,4,4,25,66,44,44
20917,23,154,4,4,15,58,43,43
20918,51,37,43,43,32,62,22,60
20919,33,33,43,163,37,55,38,38
20920,70,5,4,4,12,33,44,44
20921,25,164,4,4,163,23,44,44
20922,5,51,43,164,66,42,44,15
20923,42,153,44,164,51,66,38,43
21048,15,70,22,12,19,19,43,4
21049,15,153,4,4,155,153,60,60
21050,19,23,4,4,70,42,22,22
21051,15,70,4,19,163,163,43,5
21052,163,163,43,43,154,154,33,33
21053,,,55,55,60,60,43,43
21054,55,5,4,4,153,155,43,43
21055,,,22,22,155,155,,
21056,163,15,4,42,164,19,44,38
21057,55,55,164,164,43,43,38,38
21058,42,25,22,22,25,25,22,22
21059,42,58,4,4,37,19,43,43
21060,19,42,4,4,164,5,22,22
21061,42,33,4,4,154,19,44,44
21062,39,19,44,44,155,71,66,66
21063,15,66,44,38,58,25,38,44
21064,153,15,44,51,15,153,44,55
21065,154,5,4,4,37,42,43,43
21066,25,154,4,4,71,19,48,48
21067,23,51,43,25,58,55,44,38
21068,15,15,44,155,25,25,43,43
21069,153,8,22,62,8,153,22,62
21070,12,12,66,155,163,163,43,43
21071,25,15,38,38,,,44,44
21072,12,39,33,33,15,58,43,43
21073,,,44,44,163,164,44,44
21074,163,71,44,44,,,38,38
21075,33,15,70,153,,,44,25
21076,32,23,163,44,164,153,70,44
21077,66,42,43,43,,,25,15
21078,12,39,43,43,153,163,44,44
21191,19,53,22,4,39,70,43,34
21192,42,53,4,4,5,70,44,44
21193,12,154,22,22,39,19,38,38
21194,42,32,4,4,19,39,43,43
21195,32,154,43,12,42,70,44,39
21196,153,153,22,22,39,32,60,60
21197,,,,,,,,
21198,42,23,4,4,70,19,44,44
21199,51,51,22,22,155,55,38,38
21200,19,19,55,48,44,44,43,38
21201,51,37,44,20,155,23,22,5
21202,5,42,4,4,37,23,43,43
21203,42,37,4,4,19,33,43,43
21204,39,19,44,44,60,71,60,42
21205,51,23,4,4,155,55,44,44
21206,37,12,20,20,66,39,43,38
21207,153,33,20,37,19,55,44,37
21208,70,70,43,43,33,33,60,60
21209,12,66,38,32,20,70,43,4
21210,23,66,43,20,12,39,44,32
21212,55,43,12,12,33,37,44,38
21285,27,24,29,25,28,28,22,25
21286,11,61,46,14,28,16,31,63
21287,14,61,35,35,161,11,31,3
21288,162,162,31,31,16,16,158,158
21289,32,32,50,50,40,40,41,41
21291,61,153,46,57,16,61,35,52
21292,13,61,31,63,59,16,1,1
21293,13,13,31,31,16,61,153,153
21294,31,27,42,42,28,28,37,37
21295,,,63,63,,,59,63
21296,61,61,31,31,11,63,49,165
21297,,,16,14,165,165,59,61
21355,53,5,4,4,5,5,4,4
21356,12,5,4,4,33,33,1,1
21357,32,5,19,19,153,153,33,43
21358,19,19,43,39,42,19,43,39
21359,23,23,4,4,19,19,4,4
21361,71,71,4,4,42,42,4,4
21362,22,22,22,22,51,153,22,5
21363,5,154,,,155,19,44,155
21364,66,23,43,160,23,66,43,160
21365,,,22,22,,,22,22
21366,66,66,44,154,55,19,44,155
21367,71,71,66,19,43,37,43,37
21459,14,14,35,35,162,162,9,9
21460,,,31,31,13,63,31,31
21461,159,162,31,31,,,31,31
21462,164,164,31,31,163,163,31,31
21463,164,164,3,3,163,163,35,35
21464,153,35,35,35,2,2,49,49
21465,162,161,35,35,162,162,35,35
21466,16,61,31,31,31,31,31,31
21467,164,164,31,31,16,162,17,17
21468,162,162,158,3,11,11,3,158
21469,16,16,46,46,16,162,46,46
21470,154,32,35,35,32,158,35,35
21471,65,161,35,16,162,162,35,16
21472,162,164,31,31,163,163,31,31
21473,159,159,31,31,164,164,9,9
21474,13,13,46,46,15,16,46,158
21475,25,25,31,27,36,33,45,42
21476,13,160,35,35,160,13,60,60
21477,159,164,35,1,164,159,35,1
21478,25,22,16,13,38,35,16,12
21479,30,30,29,29,49,49,49,45
21480,27,21,36,30,35,29,40,34
21481,165,154,35,35,154,165,35,1
21482,14,16,31,31,35,15,9,9
21483,37,34,32,28,42,39,31,28
21484,16,17,27,27,22,22,25,25
21485,159,162,46,46,25,2,1,1
21486,21,161,31,31,13,65,46,46
21487,32,28,34,31,39,36,36,33
21488,162,159,31,161,164,156,31,52
21489,66,159,46,46,159,14,3,34
21635,161,162,35,35,28,70,9,9
21636,153,153,31,31,63,63,31,31
21637,154,15,31,31,65,65,31,31
21638,158,158,35,52,153,158,35,35
21639,25,25,35,35,11,154,35,25
21640,55,61,31,31,31,31,31,31
21641,70,153,31,31,159,159,31,31
21642,,,3,164,35,158,40,164
21643,16,70,46,46,158,16,46,46
21644,154,2,35,57,2,2,35,35
21645,16,15,46,57,13,13,59,59
21646,23,23,49,47,36,36,37,37
21647,11,160,35,63,13,63,35,33
21648,154,164,35,159,159,159,35,34
21649,27,25,30,26,21,17,31,27
21650,29,26,58,55,43,39,40,36
21651,23,25,40,37,39,35,52,49
21652,154,35,35,35,154,21,35,45
21653,37,14,31,31,66,65,60,16
21654,32,29,53,51,43,39,48,44
21655,15,12,28,25,16,14,26,24
21656,40,47,34,34,40,25,,
21657,14,25,31,31,66,161,31,31
21658,23,19,39,36,31,28,33,30
21659,159,156,31,31,164,33,28,28
21660,162,159,46,46,152,33,34,34
21801,42,12,43,43,9,9,39,39
21802,70,153,22,22,153,5,22,22
21803,32,154,4,4,5,33,9,9
21804,19,163,44,163,164,164,32,32
21805,,,44,44,,,44,44
21806,42,53,43,39,9,9,155,155
21807,23,37,43,43,53,53,1,1
21808,28,154,44,44,28,28,154,154
21809,55,70,44,42,153,55,44,44
21810,164,153,44,44,,,44,44
21811,51,51,22,22,51,51,20,20
21812,23,5,4,4,42,37,22,22
21813,158,158,43,43,155,155,,
21814,164,164,22,22,163,163,55,55
21815,164,164,44,44,39,155,44,44
21816,66,58,43,43,155,155,,
21817,42,42,43,43,25,25,43,43
21818,19,5,4,4,23,23,22,37
21819,19,37,4,4,42,71,43,43
21820,20,20,43,43,33,33,8,8
21821,55,55,43,43,155,155,37,37
21822,23,23,43,43,2,2,153,153
21823,66,37,4,4,71,154,55,55
21824,,,44,9,,,44,9
21825,25,25,43,43,33,33,55,55
21826,33,37,51,51,20,20,44,71
21827,66,37,43,154,153,153,55,55
21828,33,25,4,4,53,42,5,5
21829,164,163,44,39,70,70,44,44
21830,5,153,43,154,13,13,,
21831,5,5,22,22,154,154,51,51
21956,15,16,46,52,14,61,1,45
21957,14,65,35,11,21,61,35,9
21958,13,161,35,63,61,63,35,15
21959,13,14,11,3,61,21,1,15
21960,61,159,31,31,11,14,47,47
21961,13,61,46,52,11,16,9,1
21962,14,61,47,45,16,11,46,58
21963,9,47,35,35,11,2,1,52
21964,31,31,29,22,30,27,41,34
21965,14,159,31,31,61,61,47,47
21966,31,29,35,32,37,34,39,36
21967,65,25,46,52,58,61,49,52
21968,13,25,46,46,61,16,60,60
21969,37,37,25,15,40,33,42,36
21970,16,61,35,11,153,25,35,11
21971,36,33,42,39,46,43,47,47
21972,13,61,46,45,16,25,60,17
21973,63,61,46,46,25,16,60,46
21974,63,16,46,25,11,59,34,34
21975,61,58,31,25,63,14,35,57
21976,58,13,46,61,15,25,31,57
21977,13,61,46,46,25,63,1,1
21978,59,25,46,46,61,14,34,34
21979,58,13,46,25,21,65,157,57
21980,63,58,31,160,162,161,31,160
21981,59,16,46,15,14,25,46,45
21982,21,14,11,3,47,31,40,34
21983,14,21,35,70,14,25,35,161
21984,21,15,31,13,65,25,52,13
21985,24,19,36,30,31,26,46,40
21986,14,63,28,3,153,25,1,28
22049,23,21,44,40,36,36,53,50
22050,65,11,46,52,21,25,28,52
22051,21,28,46,52,161,11,60,62
22052,11,28,35,62,21,161,35,52
22053,11,160,35,25,21,161,40,25
22054,3,6,55,52,23,20,27,24
22055,52,62,2,35,11,59,35,49
22056,28,59,46,52,11,161,17,2
22057,25,21,46,52,61,21,9,46
22058,11,161,35,59,2,158,40,52
22059,59,2,31,52,62,161,31,57
22060,59,11,46,52,2,161,62,57
22061,40,36,37,31,44,38,43,37
22062,2,59,46,52,62,161,57,40
22063,59,11,46,161,62,40,38,52
22064,59,11,31,45,62,60,46,160
22065,11,59,31,31,62,160,45,38
22066,13,61,31,31,63,16,46,46
22067,59,11,2,3,160,62,34,45
22068,59,70,31,57,28,62,57,35
22069,21,160,57,62,11,59,31,45
22070,21,59,31,45,28,160,45,62
22071,61,21,34,45,62,28,46,57
22072,59,21,35,45,65,161,35,46
22073,65,2,35,57,161,21,35,59
22074,65,59,31,28,21,161,52,45
22075,161,21,31,45,28,59,40,52
22076,21,161,46,45,65,160,38,52
22077,21,65,35,57,21,65,35,57
22078,21,160,35,45,65,49,35,52
22079,161,160,31,52,21,161,40,28
22126,1,21,46,46,14,15,1,45
22127,65,61,35,11,21,161,35,9
22128,70,61,35,63,11,13,35,63
22129,11,21,46,57,16,13,1,52
22130,28,65,46,59,58,11,1,52
22131,30,27,44,42,48,46,66,63
22132,58,11,46,52,66,70,1,9
22133,29,26,43,39,44,40,52,48
22134,11,58,46,45,13,25,60,61
22135,21,63,31,16,61,14,60,16
22136,63,61,46,25,21,66,60,31
22137,65,21,46,58,16,63,52,60
22138,16,161,31,160,63,66,1,45
22139,66,70,4,4,65,63,9,9
22140,65,161,31,31,70,23,31,25
22172,21,15,47,3,13,14,3,13
22173,61,25,31,47,14,161,3,16
22174,11,158,35,35,2,47,1,1
22175,42,39,51,48,32,29,27,24
22176,162,159,31,31,55,70,31,47
22177,66,62,46,46,13,61,60,60
22178,29,26,46,43,32,34,43,39
22179,61,159,35,11,153,16,1,52
22180,13,61,46,46,13,25,60,60
22181,16,59,46,160,61,11,1,33
22182,63,13,46,46,61,25,1,1
22183,25,14,46,46,61,16,34,59
22184,162,62,22,16,14,13,39,47
22185,21,14,3,70,11,70,59,3
22186,13,161,35,3,14,63,47,49
22187,14,153,28,3,25,70,1,3
22206,14,13,4,4,16,35,9,9
22207,25,23,4,4,58,57,1,1
22241,42,33,22,9,53,19,1,5
22242,23,70,44,9,5,33,44,1
22243,42,19,1,70,5,23,44,70
22245,19,32,4,4,60,34,9,9
22246,37,23,22,22,70,58,1,9
22247,42,19,4,4,5,37,43,43
22248,19,23,22,22,42,70,1,5
22249,19,37,4,4,5,42,60,60
22250,37,42,43,43,5,19,60,32
22251,70,5,44,9,19,2,9,1
22252,14,14,43,43,5,5,11,42
22253,37,23,22,22,70,42,38,38
22254,42,37,4,4,71,5,44,44
22255,42,71,22,22,37,5,9,1
22256,19,42,44,1,5,37,44,1
22257,5,5,22,22,42,23,60,23
22258,37,19,4,4,5,71,60,60
22259,5,37,43,33,42,19,71,1
22260,23,37,44,60,21,66,60,44
22261,23,60,44,38,22,33,51,60
22262,19,71,22,22,37,66,1,20
22263,37,66,32,1,71,19,22,22
22264,66,55,4,4,37,33,51,51
22265,58,23,4,4,32,33,1,1
22266,71,66,43,47,37,55,33,44
22267,71,37,22,22,33,70,1,43
22268,14,33,22,53,42,5,4,70
22269,33,23,4,4,70,42,1,1
22270,13,33,44,1,42,66,44,70
22271,33,32,44,44,66,42,1,1
22318,32,70,4,4,43,19,34,34
22319,5,42,22,22,70,33,4,44
22320,42,70,4,4,23,19,44,44
22321,19,19,43,43,4,39,60,60
22322,37,23,4,4,9,5,43,43
22323,70,44,43,155,23,37,51,22
22324,155,23,22,22,37,37,43,19
22325,157,5,44,33,37,23,43,66
22326,5,5,22,22,155,23,43,38
22327,66,37,43,43,44,23,55,38
22328,155,155,22,22,12,39,43,51
22329,70,20,44,51,53,32,5,38
22330,33,12,4,4,37,23,43,43
22331,12,12,44,44,39,42,44,23
22332,12,39,44,44,4,42,32,32
22360,32,19,4,4,5,39,51,51
22361,39,42,22,4,155,19,38,44
22362,51,19,44,155,4,42,38,39
22363,19,37,4,4,5,48,43,43
22364,19,5,22,37,155,23,4,38
22365,5,19,22,71,4,4,4,4
22366,155,37,22,20,19,71,44,55
22367,71,4,22,66,70,66,22,51
22368,51,66,43,43,42,5,44,44
22369,71,5,22,22,51,153,44,38
22386,,,,,,,,
22387,42,42,44,44,5,22,38,4
22388,39,37,22,22,155,71,4,4
22389,22,37,44,33,71,43,12,32
22390,66,55,38,38,37,71,43,43
22397,,,,,,,,
22451,5,23,44,53,53,19,22,42
22452,70,42,22,19,42,70,22,23
22454,32,71,4,4,70,42,38,38
22455,5,19,5,22,58,70,60,22
22456,19,23,22,37,23,37,22,19
22457,23,19,4,4,55,19,44,44
22458,44,51,22,38,51,55,22,38
22459,19,70,4,4,48,19,44,44
22460,5,23,44,60,58,37,43,51
22461,5,23,43,22,5,23,37,43
22462,42,19,43,23,66,66,22,22
22463,5,42,22,38,55,5,38,22
22464,60,71,22,25,37,71,22,48
22465,37,58,22,38,37,58,22,38
22466,58,33,22,37,58,33,22,37
22467,37,5,22,38,37,5,38,33
22468,5,19,22,60,5,19,22,60
22469,55,23,4,4,55,23,44,44
22470,37,23,22,22,37,23,22,22
22471,33,55,44,51,37,20,44,60
22472,37,71,22,70,51,37,22,71
22473,66,58,4,32,37,20,43,70
22474,23,66,44,60,32,37,44,60
22475,71,32,22,43,32,71,22,43
22476,37,70,22,33,55,33,22,37
22477,70,5,22,60,5,70,22,60
22478,23,70,43,33,32,32,4,42
22479,5,42,4,4,5,71,38,38
22480,51,71,22,22,42,71,38,38
22973,21,21,158,158,21,21,158,158
22982,,,,,,,,
23005,28,28,2,2,2,2,28,28
23015,2,2,,,158,158,,
23017,,,2,2,,,158,158
23019,21,21,2,2,2,2,21,21
23059,,,158,158,2,2,,
23072,11,59,35,35,159,25,47,16
23073,14,16,46,25,162,11,34,34
23074,59,160,46,46,63,16,34,34
23075,14,13,60,28,25,165,11,3
23076,14,16,46,46,162,159,153,34
23077,2,47,31,31,61,13,31,31
23090,59,42,35,159,25,33,35,47
23091,21,16,46,46,162,14,34,25
23092,59,160,46,46,159,14,34,34
23093,25,14,165,28,154,42,11,3
23094,,,,,,,,
23095,61,13,31,52,33,2,9,28
23108,66,42,22,22,19,71,1,1
23109,66,19,4,4,37,71,22,22
23110,37,32,4,4,66,28,9,9
23111,66,66,42,42,71,71,22,22
23112,42,42,44,44,33,19,51,32
23113,19,153,44,44,42,55,1,48
23126,42,19,4,4,37,22,44,44
23127,22,37,4,4,19,154,43,43
23128,37,66,38,38,12,4,43,43
23129,42,66,22,22,71,71,38,43
23130,33,19,44,43,,,38,42
23131,39,19,60,32,42,48,44,153
23144,59,11,46,60,2,62,46,45
23145,59,21,46,28,62,160,46,57
23146,2,160,11,3,28,161,40,3
23147,161,160,31,31,40,28,34,45
23148,157,160,31,152,40,28,161,59
23149,158,11,35,2,17,161,40,57
23180,3,11,35,14,25,62,35,11
23184,3,14,35,156,156,160,35,1
23188,159,25,46,46,14,47,34,34
23191,159,61,46,45,14,20,34,60
23194,59,67,3,3,65,14,34,67
23200,13,66,31,31,25,62,57,159
23252,164,152,22,62,42,37,4,71
23256,25,25,22,22,62,71,37,37
23260,33,71,4,4,47,37,46,46
23263,159,61,43,43,153,162,20,20
23272,70,70,44,44,42,66,1,48
23324,2,152,3,42,11,13,62,66
23328,71,34,44,44,37,71,44,12
23332,37,14,43,33,66,70,60,157
23335,66,66,4,4,42,70,22,22
23344,161,13,43,19,37,66,40,39
23396,37,4,22,22,33,71,44,4
23400,71,32,44,12,37,33,22,38
23404,37,70,33,33,,,43,43
23407,33,70,4,4,71,42,43,43
23410,19,23,43,43,32,70,22,153
23416,70,37,4,4,42,19,43,43
23468,59,160,46,34,157,11,57,2
23472,160,11,46,57,2,28,34,45
23476,160,28,3,2,156,157,3,34
23479,156,158,3,40,156,157,3,40
23482,11,11,40,40,154,154,164,164
23485,17,17,59,59,158,158,52,52
23488,11,152,35,156,2,40,35,156
23522,60,42,44,42,19,66,44,33
23523,71,71,4,66,32,19,43,43
23524,32,37,22,38,32,37,22,71
23525,43,43,43,43,22,43,44,32
23526,70,42,44,22,32,19,44,22
23527,48,70,4,4,70,48,32,32
23564,48,37,22,71,37,71,4,71
23568,22,71,44,22,71,71,44,44
23572,51,51,4,4,71,70,22,22
23575,32,51,38,71,66,70,22,71
23584,70,42,44,60,25,71,44,44
24068,2,2,2,2,28,28,28,28
24096,47,15,9,21,63,14,35,11
24105,42,5,43,153,33,33,,
24168,159,159,31,31,14,14,34,34
24169,14,16,63,1,62,62,31,61
24173,162,63,35,35,13,165,1,35
24174,162,159,46,35,62,14,31,165
24177,165,165,35,35,3,162,35,164
24178,3,156,35,35,25,2,60,60
24181,154,154,46,46,16,16,9,9
24182,20,61,35,35,162,159,35,3
24185,59,164,3,3,,,153,153
24186,61,61,46,46,65,14,34,34
24189,14,16,35,3,164,164,9,9
24193,13,159,31,31,61,61,17,17
24342,159,159,31,31,14,14,31,31
24343,13,159,31,31,159,159,31,31
24347,163,163,35,35,162,162,35,57
24348,163,163,31,31,14,159,34,34
24351,70,164,35,165,165,165,35,35
24352,157,67,35,35,157,67,35,35
24355,154,154,46,46,16,16,9,9
24356,161,163,35,35,162,162,35,35
24359,,,3,11,70,70,3,3
24360,61,61,46,46,1,1,1,1
24363,164,164,158,3,164,164,1,1
24367,11,11,3,40,,,40,40
24518,19,42,4,4,37,71,34,34
24519,,,44,44,,,44,44
24523,37,19,22,22,55,55,55,55
24524,25,71,22,22,,,55,55
24528,71,153,43,43,,,,
24529,71,70,4,4,33,67,32,32
24532,154,42,32,22,164,163,153,60
24533,28,32,43,43,163,163,43,43
24536,153,153,43,43,19,19,154,154
24537,21,21,38,38,45,45,64,64
24540,19,42,1,32,33,33,9,9
24544,42,19,4,4,70,37,44,44
24651,44,42,38,4,19,51,44,42
24679,21,21,11,11,47,47,40,40
24680,157,154,40,40,65,158,34,11
24727,16,47,46,46,11,14,35,35
24728,156,156,46,46,35,11,3,3
24732,16,162,3,57,14,13,34,45
24733,162,162,46,46,14,159,60,60
24736,14,14,31,31,16,162,3,159
24737,13,14,3,45,16,61,34,46
24740,165,165,1,1,11,11,35,17
24812,37,71,44,12,66,66,22,22
24813,42,37,4,4,19,71,44,44
24817,19,19,43,43,66,22,12,155
24818,70,42,4,4,33,33,12,12
24821,33,19,22,12,42,19,22,33
24822,19,19,31,31,23,23,70,70
24825,62,62,44,164,163,163,44,25
24927,14,159,46,46,61,61,35,34
24931,25,16,14,3,21,14,59,3
24932,159,16,46,46,47,14,35,34
24936,14,159,165,47,16,160,3,35
24937,,,3,3,159,14,3,3
24940,25,14,31,164,163,42,3,11
24941,165,65,3,3,14,65,3,3
24944,161,161,31,31,16,162,31,31
24945,24,21,28,25,38,34,29,26
24948,47,161,35,35,47,161,35,35
24952,161,159,35,35,161,161,35,35
25074,66,164,44,44,154,25,38,38
25078,12,19,43,43,32,32,71,66
25079,71,71,22,22,154,154,4,4
25083,12,33,38,51,39,37,22,4
25084,38,38,70,70,66,66,22,22
25087,22,43,38,44,12,164,33,71
25088,51,51,43,33,42,70,38,22
25091,70,70,43,43,19,19,22,22
25092,153,31,32,43,153,70,22,22
25095,155,4,32,70,43,39,60,48
25099,70,39,43,43,4,4,32,32
25219,157,157,31,31,11,156,62,62
25220,160,165,31,31,59,59,165,156
25224,28,160,31,57,160,156,52,38
25228,156,161,35,38,59,160,35,38
25229,28,156,35,45,65,160,34,57
25232,156,161,46,160,11,11,34,34
25233,161,65,35,160,160,160,35,35
25236,160,59,46,46,161,161,38,46
25237,161,161,46,46,65,65,45,46
25240,11,161,38,3,2,2,52,57
25241,161,65,46,52,59,161,46,20
25244,59,161,60,3,2,161,11,3
25366,66,33,22,42,,,48,4
25367,71,154,4,4,19,33,48,48
25371,37,154,4,4,19,25,22,22
25372,71,33,4,4,25,154,32,32
25376,12,37,4,4,39,70,22,22
25377,71,154,4,4,67,37,43,43
25380,42,71,43,25,32,163,44,33
25381,33,70,4,4,12,42,22,22
25384,42,19,43,43,39,37,22,22
25385,31,31,31,31,153,70,43,43
25388,163,163,44,44,33,32,44,44
25392,70,39,43,43,42,42,48,48
25666,16,66,4,4,19,71,60,60
25667,154,154,,,,,44,44
25671,66,66,22,22,12,12,38,38
25672,,,,,,,,
25676,163,163,43,43,25,70,33,33
25677,,,43,43,66,66,48,48
25680,32,33,43,43,163,163,22,42
25681,25,25,43,43,163,163,38,38
25684,164,164,43,43,33,33,163,163
25685,163,163,31,32,19,19,43,43
25688,39,60,43,43,,,43,43
25692,42,19,4,4,16,70,43,43
25816,11,158,31,31,158,156,35,35
25817,11,11,31,31,160,164,31,31
25821,21,28,57,3,35,35,45,28
25822,3,35,52,52,156,45,31,57
25826,46,2,35,3,59,160,35,40
25827,40,156,35,45,40,13,52,35
25830,3,28,46,46,40,40,46,46
25831,160,69,35,67,67,161,35,45
25834,3,59,46,46,161,161,45,46
25835,160,160,46,3,52,52,46,46
25838,40,2,35,3,31,62,52,57
25842,11,31,3,57,156,152,11,3
25915,,,,,,,,
25918,2,2,21,21,2,2,21,21
25923,,,,,158,158,40,40
25984,158,59,35,35,158,59,35,35
25985,11,152,35,3,3,3,35,35
25989,59,156,35,157,11,160,62,45
25990,3,3,35,45,156,156,35,45
25994,59,59,46,46,160,160,46,46
25995,13,13,46,46,40,40,52,52
25998,11,11,3,157,157,157,3,3
25999,160,160,46,46,158,158,52,52
26002,62,45,3,3,62,62,3,3
26003,152,152,52,3,152,152,3,3
26006,62,62,31,31,11,2,38,38
26007,158,59,164,3,164,164,3,3
26010,31,31,31,31,31,31,31,31
26080,160,25,34,34,160,154,34,34
26112,28,28,2,2,2,2,28,28
26114,,,,,,,,
26141,59,59,40,40,59,59,40,40
26147,23,153,31,31,33,70,22,22