no_correlativo,otp_pxs,demoras_equipaje_pxs,danos_equipaje_pxs,cargado_equipaje_prioritario_pxs,saqueo_equipaje_pxs,otp_sap,cumplimiento_capacitacion_sap,demoras_equipaje_sap,otp_pxs_mensual,cumplimiento_capacitacion_pxs_mensual,demoras_equipaje_pxs_mensual,danos_equipaje_pxs_mensual,cargado_equipaje_prioritario_pxs_mensual,saqueo_equipaje_pxs_mensual,otp_sap_mensual,cumplimiento_capacitacion_sap_mensual,demoras_equipaje_sap_mensual
69,0,0,0,0,0,0,0,0,0,0,0,0,0,0,0,0,0
71,0,0,0,0,0,0,0,0,0,0,0,0,0,0,0,0,0
814,100,0,0,0,100,0,0,0,0,0,0,0,0,0,0,0,0
2404,0,0,0,0,0,0,0,0,0,0,0,0,0,0,0,0,0
3041,0,0,0,0,0,0,0,0,0,0,0,0,0,0,0,0,0
3749,0,0,0,0,0,0,0,0,0,0,0,0,0,0,0,0,0
3838,0,0,0,0,0,0,0,0,0,0,0,0,0,0,0,0,0
4000,0,0,0,0,0,0,0,0,0,0,0,0,0,0,0,0,0
4425,0,0,0,0,0,0,0,0,0,0,0,0,0,0,0,0,0
4599,0,0,0,0,0,0,0,0,0,0,0,0,0,0,0,0,0
5042,0,0,0,0,0,0,0,0,0,0,0,0,0,0,0,0,0
5618,0,0,0,0,0,0,0,0,0,0,0,0,0,0,0,0,0
5767,0,0,0,0,0,0,0,0,0,0,0,0,0,0,0,0,0
5966,0,0,0,0,0,0,0,0,0,0,0,0,0,0,0,0,0
6153,0,0,0,0,0,0,0,0,0,0,0,0,0,0,0,0,0
6159,0,0,0,0,0,0,0,0,0,0,0,0,0,0,0,0,0
6244,0,0,0,0,0,0,0,0,0,0,0,0,0,0,0,0,0
6394,99.8,0,1,0,100,0,0,0,0,0,0,0,0,0,0,0,0
6395,99.8,0,0,0,100,0,0,0,0,0,0,0,0,0,0,0,0
6396,99.8,0,0,0,100,0,0,0,0,0,0,0,0,0,0,0,0
6397,99.8,0,0,0,100,0,0,0,0,0,0,0,0,0,0,0,0
6398,99.8,0,0,0,100,0,0,0,0,0,0,0,0,0,0,0,0
6399,99.8,0,1,0,100,0,0,0,0,0,0,0,0,0,0,0,0
6401,99.8,0,0,0,100,0,0,0,0,0,0,0,0,0,0,0,0
6402,99.8,0,0,0,100,0,0,0,0,0,0,0,0,0,0,0,0
6403,99.8,0,0,0,100,0,0,0,0,0,0,0,0,0,0,0,0
6404,99.8,0,1,0,100,0,0,0,0,0,0,0,0,0,0,0,0
6405,99.8,0,0,0,100,0,0,0,0,0,0,0,0,0,0,0,0
6406,99.8,0,0,0,100,0,0,0,0,0,0,0,0,0,0,0,0
6407,99.8,0,0,0,100,0,0,0,0,0,0,0,0,0,0,0,0
6408,99.8,0,0,0,100,0,0,0,0,0,0,0,0,0,0,0,0
6409,99.8,0,0,0,100,0,0,0,0,0,0,0,0,0,0,0,0
6410,99.8,0,0,0,100,0,0,0,0,0,0,0,0,0,0,0,0
6412,99.8,0,0,0,100,0,0,0,0,0,0,0,0,0,0,0,0
6413,99.8,0,0,0,100,0,0,0,0,0,0,0,0,0,0,0,0
6414,99.8,0,0,0,100,0,0,0,0,0,0,0,0,0,0,0,0
6415,99.8,0,0,0,100,0,0,0,0,0,0,0,0,0,0,0,0
6416,99.8,0,0,0,100,0,0,0,0,0,0,0,0,0,0,0,0
6417,99.8,0,0,0,100,0,0,0,0,0,0,0,0,0,0,0,0
6418,99.8,0,0,0,100,0,0,0,0,0,0,0,0,0,0,0,0
6419,99.8,0,0,0,100,0,0,0,0,0,0,0,0,0,0,0,0
6420,99.8,0,0,0,100,0,0,0,0,0,0,0,0,0,0,0,0
6421,99.8,0,0,0,100,0,0,0,0,0,0,0,0,0,0,0,0
6422,99.8,0,0,0,100,0,0,0,0,0,0,0,0,0,0,0,0
6423,99.8,0,0,0,100,0,0,0,0,0,0,0,0,0,0,0,0
6518,0,0,0,0,0,0,0,0,0,0,0,0,0,0,0,0,0
6528,0,0,0,0,0,0,0,0,0,0,0,0,0,0,0,0,0
6603,99.8,0,0,0,100,0,0,0,0,0,0,0,0,0,0,0,0
6604,99.8,0,0,0,100,0,0,0,0,0,0,0,0,0,0,0,0
6605,99.8,0,0,0,100,0,0,0,0,0,0,0,0,0,0,0,0
6607,99.8,0,0,0,100,0,0,0,0,0,0,0,0,0,0,0,0
6608,99.8,0,0,0,100,0,0,0,0,0,0,0,0,0,0,0,0
6609,99.8,0,0,0,100,0,0,0,0,0,0,0,0,0,0,0,0
6610,99.8,0,0,0,100,0,0,0,0,0,0,0,0,0,0,0,0
6611,99.8,0,0,0,100,0,0,0,0,0,0,0,0,0,0,0,0
6612,99.8,0,0,0,100,0,0,0,0,0,0,0,0,0,0,0,0
6613,99.8,0,0,0,100,0,0,0,0,0,0,0,0,0,0,0,0
6614,99.8,0,0,0,100,0,0,0,0,0,0,0,0,0,0,0,0
6615,99.8,0,0,0,100,0,0,0,0,0,0,0,0,0,0,0,0
6616,99.8,0,0,0,100,0,0,0,0,0,0,0,0,0,0,0,0
6617,99.8,0,0,0,100,0,0,0,0,0,0,0,0,0,0,0,0
6618,99.8,0,0,0,100,0,0,0,0,0,0,0,0,0,0,0,0
6619,99.8,0,0,0,100,0,0,0,0,0,0,0,0,0,0,0,0
6720,0,0,0,0,0,0,0,0,0,0,0,0,0,0,0,0,0
6729,0,0,0,0,0,0,0,0,0,0,0,0,0,0,0,0,0
6742,99.8,0,1,0,100,0,0,0,0,0,0,0,0,0,0,0,0
6864,99.8,0,0,0,100,0,0,0,0,0,0,0,0,0,0,0,0
6865,99.8,0,0,0,100,0,0,0,0,0,0,0,0,0,0,0,0
6866,99.8,0,0,0,100,0,0,0,0,0,0,0,0,0,0,0,0
6867,99.8,0,0,0,100,0,0,0,0,0,0,0,0,0,0,0,0
6868,99.8,0,0,0,100,0,0,0,0,0,0,0,0,0,0,0,0
6869,99.8,0,0,0,100,0,0,0,0,0,0,0,0,0,0,0,0
6870,99.8,0,0,0,100,0,0,0,0,0,0,0,0,0,0,0,0
6871,99.8,0,0,0,100,0,0,0,0,0,0,0,0,0,0,0,0
6873,99.8,0,0,0,100,0,0,0,0,0,0,0,0,0,0,0,0
6874,99.8,0,0,0,100,0,0,0,0,0,0,0,0,0,0,0,0
6875,99.8,0,0,0,100,0,0,0,0,0,0,0,0,0,0,0,0
6876,99.8,0,0,0,100,0,0,0,0,0,0,0,0,0,0,0,0
6877,99.8,0,0,0,100,0,0,0,0,0,0,0,0,0,0,0,0
6878,99.8,0,0,0,100,0,0,0,0,0,0,0,0,0,0,0,0
6879,99.8,0,0,0,100,0,0,0,0,0,0,0,0,0,0,0,0
6880,99.8,0,0,0,100,0,0,0,0,0,0,0,0,0,0,0,0
6881,99.8,0,0,0,100,0,0,0,0,0,0,0,0,0,0,0,0
6882,99.8,0,0,0,100,0,0,0,0,0,0,0,0,0,0,0,0
6883,99.8,0,0,0,100,0,0,0,0,0,0,0,0,0,0,0,0
6884,99.8,0,0,0,100,0,0,0,0,0,0,0,0,0,0,0,0
6885,99.8,0,0,0,100,0,0,0,0,0,0,0,0,0,0,0,0
6886,99.8,0,0,0,100,0,0,0,0,0,0,0,0,0,0,0,0
6887,99.8,0,0,0,100,0,0,0,0,0,0,0,0,0,0,0,0
6888,99.8,0,0,0,100,0,0,0,0,0,0,0,0,0,0,0,0
6889,99.8,0,0,0,100,0,0,0,0,0,0,0,0,0,0,0,0
6890,99.8,0,0,0,100,0,0,0,0,0,0,0,0,0,0,0,0
6891,99.8,0,0,0,100,0,0,0,0,0,0,0,0,0,0,0,0
6892,99.8,0,0,0,100,0,0,0,0,0,0,0,0,0,0,0,0
6893,99.8,0,0,0,100,0,0,0,0,0,0,0,0,0,0,0,0
7164,99.8,0,0,0,100,0,0,0,0,0,0,0,0,0,0,0,0
7165,99.8,0,0,0,100,0,0,0,0,0,0,0,0,0,0,0,0
7166,99.8,0,0,0,100,0,0,0,0,0,0,0,0,0,0,0,0
7167,99.8,0,0,0,100,0,0,0,0,0,0,0,0,0,0,0,0
7168,99.8,0,0,0,100,0,0,0,0,0,0,0,0,0,0,0,0
7169,99.8,0,0,0,100,0,0,0,0,0,0,0,0,0,0,0,0
7170,99.8,0,0,0,100,0,0,0,0,0,0,0,0,0,0,0,0
7171,99.8,0,0,0,100,0,0,0,0,0,0,0,0,0,0,0,0
7173,99.8,0,0,0,100,0,0,0,0,0,0,0,0,0,0,0,0
7174,99.8,0,0,0,100,0,0,0,0,0,0,0,0,0,0,0,0
7175,99.8,0,0,0,100,0,0,0,0,0,0,0,0,0,0,0,0
7176,99.8,0,0,0,100,0,0,0,0,0,0,0,0,0,0,0,0
7177,99.8,0,0,0,100,0,0,0,0,0,0,0,0,0,0,0,0
7178,99.8,0,0,0,100,0,0,0,0,0,0,0,0,0,0,0,0
7179,99.8,0,0,0,100,0,0,0,0,0,0,0,0,0,0,0,0
7180,99.8,0,0,0,100,0,0,0,0,0,0,0,0,0,0,0,0
7181,99.8,0,0,0,100,0,0,0,0,0,0,0,0,0,0,0,0
7182,99.8,0,0,0,100,0,0,0,0,0,0,0,0,0,0,0,0
7183,99.8,0,0,0,100,0,0,0,0,0,0,0,0,0,0,0,0
7184,99.8,0,0,0,100,0,0,0,0,0,0,0,0,0,0,0,0
7185,99.8,0,0,0,100,0,0,0,0,0,0,0,0,0,0,0,0
7186,99.8,0,0,0,100,0,0,0,0,0,0,0,0,0,0,0,0
7187,99.8,0,0,0,100,0,0,0,0,0,0,0,0,0,0,0,0
7188,99.8,0,0,0,100,0,0,0,0,0,0,0,0,0,0,0,0
7189,99.8,0,0,0,100,0,0,0,0,0,0,0,0,0,0,0,0
7190,99.8,0,0,0,100,0,0,0,0,0,0,0,0,0,0,0,0
7191,99.8,0,0,0,100,0,0,0,0,0,0,0,0,0,0,0,0
7192,99.8,0,0,0,100,0,0,0,0,0,0,0,0,0,0,0,0
7193,99.8,0,0,0,100,0,0,0,0,0,0,0,0,0,0,0,0
7258,0,0,0,0,0,0,0,0,0,0,0,0,0,0,0,0,0
7270,0,0,0,0,0,0,0,0,0,0,0,0,0,0,0,0,0
7282,0,0,0,0,0,0,0,0,0,0,0,0,0,0,0,0,0
7346,0,0,0,0,0,0,0,0,0,0,0,0,0,0,0,0,0
7353,100,0,0,0,100,0,0,0,0,0,0,0,0,0,0,0,0
7521,0,0,0,0,0,0,0,0,0,0,0,0,0,0,0,0,0
8485,0,0,0,0,0,0,0,0,0,0,0,0,0,0,0,0,0
9428,0,0,0,0,0,0,0,0,0,0,0,0,0,0,0,0,0
9472,0,0,0,0,0,0,0,0,0,0,0,0,0,0,0,0,0
9553,0,0,0,0,0,0,0,0,0,0,0,0,0,0,0,0,0
9631,0,0,0,0,0,0,0,0,0,0,0,0,0,0,0,0,0
9701,0,0,0,0,0,0,0,0,0,0,0,0,0,0,0,0,0
9750,0,0,0,0,0,0,0,0,0,0,0,0,0,0,0,0,0
9947,0,0,0,0,0,0,0,0,0,0,0,0,0,0,0,0,0
10232,0,0,0,0,0,0,0,0,0,0,0,0,0,0,0,0,0
11150,0,0,0,0,0,0,0,0,0,0,0,0,0,0,0,0,0
11169,0,0,0,0,0,0,0,0,0,0,0,0,0,0,0,0,0
11197,0,0,0,0,0,0,0,0,0,0,0,0,0,0,0,0,0
11676,0,0,0,0,0,0,0,0,0,0,0,0,0,0,0,0,0
11802,0,0,0,0,0,0,0,0,0,0,0,0,0,0,0,0,0
12115,0,0,0,0,0,0,0,0,0,0,0,0,0,0,0,0,0
12171,99.8,0,0,0,100,0,0,0,0,0,0,0,0,0,0,0,0
12180,99.8,0,0,0,100,0,0,0,0,0,0,0,0,0,0,0,0
12183,99.8,0,0,0,100,0,0,0,0,0,0,0,0,0,0,0,0
12212,99.8,0,0,0,100,0,0,0,0,0,0,0,0,0,0,0,0
12232,99.8,0,0,0,100,0,0,0,0,0,0,0,0,0,0,0,0
12241,99.8,0,0,0,100,0,0,0,0,0,0,0,0,0,0,0,0
12244,99.8,0,1,0,100,0,0,0,0,0,0,0,0,0,0,0,0
12245,99.8,0,0,0,100,0,0,0,0,0,0,0,0,0,0,0,0
12246,99.8,0,0,0,100,0,0,0,0,0,0,0,0,0,0,0,0
12254,99.8,0,0,0,100,0,0,0,0,0,0,0,0,0,0,0,0
12255,99.8,0,0,0,100,0,0,0,0,0,0,0,0,0,0,0,0
12262,99.8,0,0,0,100,0,0,0,0,0,0,0,0,0,0,0,0
12264,99.8,0,0,0,100,0,0,0,0,0,0,0,0,0,0,0,0
12266,0,0,0,0,0,0,0,0,0,0,0,0,0,0,0,0,0
12267,99.8,0,0,0,100,0,0,0,0,0,0,0,0,0,0,0,0
12268,99.8,0,0,0,100,0,0,0,0,0,0,0,0,0,0,0,0
12269,99.8,0,0,0,100,0,0,0,0,0,0,0,0,0,0,0,0
12274,99.8,0,0,0,100,0,0,0,0,0,0,0,0,0,0,0,0
12277,99.8,0,0,0,100,0,0,0,0,0,0,0,0,0,0,0,0
12279,99.8,0,0,0,100,0,0,0,0,0,0,0,0,0,0,0,0
12287,99.8,0,0,0,100,0,0,0,0,0,0,0,0,0,0,0,0
12289,99.8,0,0,0,100,0,0,0,0,0,0,0,0,0,0,0,0
12290,99.8,0,0,0,100,0,0,0,0,0,0,0,0,0,0,0,0
12291,99.8,0,1,0,100,0,0,0,0,0,0,0,0,0,0,0,0
12295,99.8,0,0,0,100,0,0,0,0,0,0,0,0,0,0,0,0
12296,99.8,0,0,0,100,0,0,0,0,0,0,0,0,0,0,0,0
12299,99.8,0,0,0,100,0,0,0,0,0,0,0,0,0,0,0,0
12303,99.8,0,0,0,100,0,0,0,0,0,0,0,0,0,0,0,0
12305,99.8,0,0,0,100,0,0,0,0,0,0,0,0,0,0,0,0
12307,99.8,0,0,0,100,0,0,0,0,0,0,0,0,0,0,0,0
12325,99.8,0,0,0,100,0,0,0,0,0,0,0,0,0,0,0,0
12350,0,0,0,0,0,0,0,0,0,0,0,0,0,0,0,0,0
12398,99.8,0,1,0,100,0,0,0,0,0,0,0,0,0,0,0,0
12416,99.8,0,0,0,100,0,0,0,0,0,0,0,0,0,0,0,0
12442,0,0,0,0,0,0,0,0,0,0,0,0,0,0,0,0,0
12490,99.8,0,0,0,100,0,0,0,0,0,0,0,0,0,0,0,0
12523,99.8,0,0,0,100,0,0,0,0,0,0,0,0,0,0,0,0
12535,99.8,0,0,0,100,0,0,0,0,0,0,0,0,0,0,0,0
12547,99.8,0,0,0,100,0,0,0,0,0,0,0,0,0,0,0,0
12551,99.8,0,0,0,100,0,0,0,0,0,0,0,0,0,0,0,0
12552,99.8,0,0,0,100,0,0,0,0,0,0,0,0,0,0,0,0
12559,99.8,0,0,0,100,0,0,0,0,0,0,0,0,0,0,0,0
12567,99.8,0,0,0,100,0,0,0,0,0,0,0,0,0,0,0,0
12568,99.8,0,0,0,100,0,0,0,0,0,0,0,0,0,0,0,0
12569,99.8,0,0,0,100,0,0,0,0,0,0,0,0,0,0,0,0
12570,99.8,0,0,0,100,0,0,0,0,0,0,0,0,0,0,0,0
12571,99.8,0,0,0,100,0,0,0,0,0,0,0,0,0,0,0,0
12573,99.8,0,0,0,100,0,0,0,0,0,0,0,0,0,0,0,0
12576,99.8,0,0,0,100,0,0,0,0,0,0,0,0,0,0,0,0
12578,99.8,0,0,0,100,0,0,0,0,0,0,0,0,0,0,0,0
12579,99.8,0,0,0,100,0,0,0,0,0,0,0,0,0,0,0,0
12580,99.8,0,0,0,100,0,0,0,0,0,0,0,0,0,0,0,0
12581,99.8,0,0,0,100,0,0,0,0,0,0,0,0,0,0,0,0
12583,99.8,0,0,0,100,0,0,0,0,0,0,0,0,0,0,0,0
12585,99.8,0,0,0,100,0,0,0,0,0,0,0,0,0,0,0,0
12587,99.8,0,0,0,100,0,0,0,0,0,0,0,0,0,0,0,0
12588,99.8,0,0,0,100,0,0,0,0,0,0,0,0,0,0,0,0
12589,99.8,0,0,0,100,0,0,0,0,0,0,0,0,0,0,0,0
12591,99.8,0,0,0,100,0,0,0,0,0,0,0,0,0,0,0,0
12595,99.8,0,0,0,100,0,0,0,0,0,0,0,0,0,0,0,0
12599,99.8,0,0,0,100,0,0,0,0,0,0,0,0,0,0,0,0
12600,99.8,0,0,0,100,0,0,0,0,0,0,0,0,0,0,0,0
12602,99.8,0,0,0,100,0,0,0,0,0,0,0,0,0,0,0,0
12605,99.8,0,0,0,100,0,0,0,0,0,0,0,0,0,0,0,0
12611,99.8,0,0,0,100,0,0,0,0,0,0,0,0,0,0,0,0
12613,99.8,0,0,0,100,0,0,0,0,0,0,0,0,0,0,0,0
12651,99.8,0,1,0,100,0,0,0,0,0,0,0,0,0,0,0,0
12717,99.8,0,0,0,100,0,0,0,0,0,0,0,0,0,0,0,0
12718,99.8,0,0,0,100,0,0,0,0,0,0,0,0,0,0,0,0
12724,99.8,0,1,0,100,0,0,0,0,0,0,0,0,0,0,0,0
12736,0,0,0,0,0,0,0,0,0,0,0,0,0,0,0,0,0
12754,99.8,0,0,0,100,0,0,0,0,0,0,0,0,0,0,0,0
12798,99.8,0,0,0,100,0,0,0,0,0,0,0,0,0,0,0,0
12840,99.8,0,0,0,100,0,0,0,0,0,0,0,0,0,0,0,0
12843,99.8,0,0,0,100,0,0,0,0,0,0,0,0,0,0,0,0
12845,99.8,0,0,0,100,0,0,0,0,0,0,0,0,0,0,0,0
12850,99.8,0,0,0,100,0,0,0,0,0,0,0,0,0,0,0,0
12851,99.8,0,0,0,100,0,0,0,0,0,0,0,0,0,0,0,0
12852,99.8,0,0,0,100,0,0,0,0,0,0,0,0,0,0,0,0
12857,99.8,0,0,0,100,0,0,0,0,0,0,0,0,0,0,0,0
12858,99.8,0,0,0,100,0,0,0,0,0,0,0,0,0,0,0,0
12860,99.8,0,0,0,100,0,0,0,0,0,0,0,0,0,0,0,0
12863,99.8,0,0,0,100,0,0,0,0,0,0,0,0,0,0,0,0
12864,0,0,0,0,0,0,0,0,0,0,0,0,0,0,0,0,0
12866,99.8,0,0,0,100,0,0,0,0,0,0,0,0,0,0,0,0
12869,99.8,0,0,0,100,0,0,0,0,0,0,0,0,0,0,0,0
12872,99.8,0,1,0,100,0,0,0,0,0,0,0,0,0,0,0,0
12873,99.8,0,0,0,100,0,0,0,0,0,0,0,0,0,0,0,0
12874,99.8,0,0,0,100,0,0,0,0,0,0,0,0,0,0,0,0
12875,99.8,0,0,0,100,0,0,0,0,0,0,0,0,0,0,0,0
12879,99.8,0,0,0,100,0,0,0,0,0,0,0,0,0,0,0,0
12881,99.8,0,0,0,100,0,0,0,0,0,0,0,0,0,0,0,0
12882,99.8,0,0,0,100,0,0,0,0,0,0,0,0,0,0,0,0
12887,99.8,0,0,0,100,0,0,0,0,0,0,0,0,0,0,0,0
12890,99.8,0,0,0,100,0,0,0,0,0,0,0,0,0,0,0,0
12892,99.8,0,0,0,100,0,0,0,0,0,0,0,0,0,0,0,0
12893,99.8,0,0,0,100,0,0,0,0,0,0,0,0,0,0,0,0
12896,99.8,0,0,0,100,0,0,0,0,0,0,0,0,0,0,0,0
12898,99.8,0,0,0,100,0,0,0,0,0,0,0,0,0,0,0,0
12901,99.8,0,0,0,100,0,0,0,0,0,0,0,0,0,0,0,0
12905,99.8,0,0,0,100,0,0,0,0,0,0,0,0,0,0,0,0
12910,99.8,0,0,0,100,0,0,0,0,0,0,0,0,0,0,0,0
12918,99.8,0,0,0,100,0,0,0,0,0,0,0,0,0,0,0,0
12970,99.8,0,0,0,100,0,0,0,0,0,0,0,0,0,0,0,0
12994,99.8,0,0,0,100,0,0,0,0,0,0,0,0,0,0,0,0
12997,99.8,0,0,0,100,0,0,0,0,0,0,0,0,0,0,0,0
13003,99.8,0,0,0,100,0,0,0,0,0,0,0,0,0,0,0,0
13004,99.8,0,0,0,100,0,0,0,0,0,0,0,0,0,0,0,0
13005,99.8,0,0,0,100,0,0,0,0,0,0,0,0,0,0,0,0
13008,99.8,0,0,0,100,0,0,0,0,0,0,0,0,0,0,0,0
13010,99.8,0,0,0,100,0,0,0,0,0,0,0,0,0,0,0,0
13017,99.8,0,0,0,100,0,0,0,0,0,0,0,0,0,0,0,0
13018,99.8,0,0,0,100,0,0,0,0,0,0,0,0,0,0,0,0
13022,99.8,0,0,0,100,0,0,0,0,0,0,0,0,0,0,0,0
13026,99.8,0,0,0,100,0,0,0,0,0,0,0,0,0,0,0,0
13027,99.8,0,0,0,100,0,0,0,0,0,0,0,0,0,0,0,0
13030,99.8,0,0,0,100,0,0,0,0,0,0,0,0,0,0,0,0
13031,99.8,0,0,0,100,0,0,0,0,0,0,0,0,0,0,0,0
13037,99.8,0,0,0,100,0,0,0,0,0,0,0,0,0,0,0,0
13041,99.8,0,0,0,100,0,0,0,0,0,0,0,0,0,0,0,0
13045,99.8,0,0,0,100,0,0,0,0,0,0,0,0,0,0,0,0
13122,0,0,0,0,0,0,0,0,0,0,0,0,0,0,0,0,0
13205,99.8,0,1,0,100,0,0,0,0,0,0,0,0,0,0,0,0
13218,99.8,0,0,0,100,0,0,0,0,0,0,0,0,0,0,0,0
13647,0,0,0,0,0,0,0,0,0,0,0,0,0,0,0,0,0
15230,0,0,0,0,0,0,0,0,0,0,0,0,0,0,0,0,0
15314,0,0,0,0,0,0,0,0,0,0,0,0,0,0,0,0,0
15651,99.8,0,0,0,100,0,0,0,0,0,0,0,0,0,0,0,0
15656,99.8,0,0,0,100,0,0,0,0,0,0,0,0,0,0,0,0
15666,99.8,0,0,0,100,0,0,0,0,0,0,0,0,0,0,0,0
15671,99.8,0,0,0,100,0,0,0,0,0,0,0,0,0,0,0,0
15676,99.8,0,0,0,100,0,0,0,0,0,0,0,0,0,0,0,0
15681,99.8,0,0,0,100,0,0,0,0,0,0,0,0,0,0,0,0
15695,0,0,0,0,0,0,0,0,0,0,0,0,0,0,0,0,0
15720,99.8,0,0,0,100,0,0,0,0,0,0,0,0,0,0,0,0
15721,99.8,0,0,0,100,0,0,0,0,0,0,0,0,0,0,0,0
15722,99.8,0,0,0,100,0,0,0,0,0,0,0,0,0,0,0,0
15723,99.8,0,0,0,100,0,0,0,0,0,0,0,0,0,0,0,0
15771,99.8,0,0,0,100,0,0,0,0,0,0,0,0,0,0,0,0
15772,99.8,0,0,0,100,0,0,0,0,0,0,0,0,0,0,0,0
15773,99.8,0,0,0,100,0,0,0,0,0,0,0,0,0,0,0,0
15821,99.8,0,0,0,100,0,0,0,0,0,0,0,0,0,0,0,0
15822,99.8,0,0,0,100,0,0,0,0,0,0,0,0,0,0,0,0
15823,99.8,0,0,0,100,0,0,0,0,0,0,0,0,0,0,0,0
15981,99.8,0,0,0,100,0,0,0,0,0,0,0,0,0,0,0,0
16000,0,0,0,0,0,0,0,0,0,0,0,0,0,0,0,0,0
16007,99.8,0,0,0,100,0,0,0,0,0,0,0,0,0,0,0,0
16012,99.8,0,0,0,100,0,0,0,0,0,0,0,0,0,0,0,0
16078,99.8,0,0,0,100,0,0,0,0,0,0,0,0,0,0,0,0
16084,0,0,0,0,0,0,0,0,0,0,0,0,0,0,0,0,0
16090,0,0,0,0,0,0,0,0,0,0,0,0,0,0,0,0,0
16093,0,0,0,0,0,0,0,0,0,0,0,0,0,0,0,0,0
16097,0,0,0,0,0,0,0,0,0,0,0,0,0,0,0,0,0
16203,99.8,0,0,0,100,0,0,0,0,0,0,0,0,0,0,0,0
16204,99.8,0,0,0,100,0,0,0,0,0,0,0,0,0,0,0,0
16205,99.8,0,0,0,100,0,0,0,0,0,0,0,0,0,0,0,0
16206,99.8,0,0,0,100,0,0,0,0,0,0,0,0,0,0,0,0
16207,99.8,0,0,0,100,0,0,0,0,0,0,0,0,0,0,0,0
16208,99.8,0,0,0,100,0,0,0,0,0,0,0,0,0,0,0,0
16209,99.8,0,0,0,100,0,0,0,0,0,0,0,0,0,0,0,0
16210,0,0,0,0,0,0,0,0,0,0,0,0,0,0,0,0,0
16211,99.8,0,0,0,100,0,0,0,0,0,0,0,0,0,0,0,0
16213,99.8,0,0,0,100,0,0,0,0,0,0,0,0,0,0,0,0
16214,0,0,0,0,0,0,0,0,0,0,0,0,0,0,0,0,0
16215,99.8,0,0,0,100,0,0,0,0,0,0,0,0,0,0,0,0
16216,99.8,0,0,0,100,0,0,0,0,0,0,0,0,0,0,0,0
16217,99.8,0,0,0,100,0,0,0,0,0,0,0,0,0,0,0,0
16218,0,0,0,0,0,0,0,0,0,0,0,0,0,0,0,0,0
16219,99.8,0,0,0,100,0,0,0,0,0,0,0,0,0,0,0,0
16220,99.8,0,0,0,100,0,0,0,0,0,0,0,0,0,0,0,0
16221,99.8,0,0,0,100,0,0,0,0,0,0,0,0,0,0,0,0
16222,99.8,0,0,0,100,0,0,0,0,0,0,0,0,0,0,0,0
16223,99.8,0,0,0,100,0,0,0,0,0,0,0,0,0,0,0,0
16224,99.8,0,0,0,100,0,0,0,0,0,0,0,0,0,0,0,0
16225,99.8,0,0,0,100,0,0,0,0,0,0,0,0,0,0,0,0
16226,99.8,0,0,0,100,0,0,0,0,0,0,0,0,0,0,0,0
16227,99.8,0,0,0,100,0,0,0,0,0,0,0,0,0,0,0,0
16351,0,0,0,0,0,0,0,0,0,0,0,0,0,0,0,0,0
16465,0,0,0,0,0,0,0,0,0,0,0,0,0,0,0,0,0
16579,99.8,0,0,0,100,0,0,0,0,0,0,0,0,0,0,0,0
16580,99.8,0,0,0,100,0,0,0,0,0,0,0,0,0,0,0,0
16581,99.8,0,0,0,100,0,0,0,0,0,0,0,0,0,0,0,0
16582,99.8,0,0,0,100,0,0,0,0,0,0,0,0,0,0,0,0
16583,99.8,0,0,0,100,0,0,0,0,0,0,0,0,0,0,0,0
16584,99.8,0,0,0,100,0,0,0,0,0,0,0,0,0,0,0,0
16585,99.8,0,0,0,100,0,0,0,0,0,0,0,0,0,0,0,0
16587,99.8,0,0,0,100,0,0,0,0,0,0,0,0,0,0,0,0
16588,0,0,0,0,0,0,0,0,0,0,0,0,0,0,0,0,0
16589,0,0,0,0,0,0,0,0,0,0,0,0,0,0,0,0,0
16590,99.8,0,0,0,100,0,0,0,0,0,0,0,0,0,0,0,0
16591,99.8,0,0,0,100,0,0,0,0,0,0,0,0,0,0,0,0
16592,99.8,0,0,0,100,0,0,0,0,0,0,0,0,0,0,0,0
16593,0,0,0,0,0,0,0,0,0,0,0,0,0,0,0,0,0
16594,99.8,0,0,0,100,0,0,0,0,0,0,0,0,0,0,0,0
16595,99.8,0,0,0,100,0,0,0,0,0,0,0,0,0,0,0,0
16596,99.8,0,0,0,100,0,0,0,0,0,0,0,0,0,0,0,0
16597,99.8,0,0,0,100,0,0,0,0,0,0,0,0,0,0,0,0
16598,99.8,0,0,0,100,0,0,0,0,0,0,0,0,0,0,0,0
16599,99.8,0,0,0,100,0,0,0,0,0,0,0,0,0,0,0,0
16600,0,0,0,0,0,0,0,0,0,0,0,0,0,0,0,0,0
16601,99.8,0,0,0,100,0,0,0,0,0,0,0,0,0,0,0,0
16602,99.8,0,0,0,100,0,0,0,0,0,0,0,0,0,0,0,0
16704,99.8,0,0,0,100,0,0,0,0,0,0,0,0,0,0,0,0
16705,99.8,0,0,0,100,0,0,0,0,0,0,0,0,0,0,0,0
16706,99.8,0,0,0,100,0,0,0,0,0,0,0,0,0,0,0,0
16707,99.8,0,0,0,100,0,0,0,0,0,0,0,0,0,0,0,0
16709,99.8,0,0,0,100,0,0,0,0,0,0,0,0,0,0,0,0
16710,99.8,0,0,0,100,0,0,0,0,0,0,0,0,0,0,0,0
16712,99.8,0,0,0,100,0,0,0,0,0,0,0,0,0,0,0,0
16713,99.8,0,0,0,100,0,0,0,0,0,0,0,0,0,0,0,0
16714,0,0,0,0,0,0,0,0,0,0,0,0,0,0,0,0,0
16715,99.8,0,0,0,100,0,0,0,0,0,0,0,0,0,0,0,0
16716,99.8,0,0,0,100,0,0,0,0,0,0,0,0,0,0,0,0
16717,99.8,0,0,0,100,0,0,0,0,0,0,0,0,0,0,0,0
16718,0,0,0,0,0,0,0,0,0,0,0,0,0,0,0,0,0
16719,99.8,0,0,0,100,0,0,0,0,0,0,0,0,0,0,0,0
16721,99.8,0,0,0,100,0,0,0,0,0,0,0,0,0,0,0,0
16722,99.8,0,0,0,100,0,0,0,0,0,0,0,0,0,0,0,0
16723,99.8,0,0,0,100,0,0,0,0,0,0,0,0,0,0,0,0
16724,99.8,0,0,0,100,0,0,0,0,0,0,0,0,0,0,0,0
16726,99.8,0,0,0,100,0,0,0,0,0,0,0,0,0,0,0,0
16727,99.8,0,0,0,100,0,0,0,0,0,0,0,0,0,0,0,0
16812,99.8,0,0,0,100,0,0,0,0,0,0,0,0,0,0,0,0
16813,99.8,0,0,0,100,0,0,0,0,0,0,0,0,0,0,0,0
16814,99.8,0,0,0,100,0,0,0,0,0,0,0,0,0,0,0,0
16815,99.8,0,0,0,100,0,0,0,0,0,0,0,0,0,0,0,0
16816,99.8,0,0,0,100,0,0,0,0,0,0,0,0,0,0,0,0
16817,99.8,0,0,0,100,0,0,0,0,0,0,0,0,0,0,0,0
16818,99.8,0,0,0,100,0,0,0,0,0,0,0,0,0,0,0,0
16819,99.8,0,0,0,100,0,0,0,0,0,0,0,0,0,0,0,0
16820,99.8,0,0,0,100,0,0,0,0,0,0,0,0,0,0,0,0
16821,99.8,0,0,0,100,0,0,0,0,0,0,0,0,0,0,0,0
16822,0,0,0,0,0,0,0,0,0,0,0,0,0,0,0,0,0
16823,99.8,0,0,0,100,0,0,0,0,0,0,0,0,0,0,0,0
16824,99.8,0,0,0,100,0,0,0,0,0,0,0,0,0,0,0,0
16825,99.8,0,0,0,100,0,0,0,0,0,0,0,0,0,0,0,0
16826,99.8,0,0,0,100,0,0,0,0,0,0,0,0,0,0,0,0
16827,99.8,0,0,0,100,0,0,0,0,0,0,0,0,0,0,0,0
16828,99.8,0,0,0,100,0,0,0,0,0,0,0,0,0,0,0,0
16895,0,0,0,0,0,0,0,0,0,0,0,0,0,0,0,0,0
16896,0,0,0,0,0,0,0,0,0,0,0,0,0,0,0,0,0
16909,0,0,0,0,0,0,0,0,0,0,0,0,0,0,0,0,0
17369,0,0,0,0,0,0,0,0,0,0,0,0,0,0,0,0,0
17381,0,0,0,0,0,0,0,0,0,0,0,0,0,0,0,0,0
17749,0,0,0,0,0,0,0,0,0,0,0,0,0,0,0,0,0
17755,0,0,0,0,0,0,0,0,0,0,0,0,0,0,0,0,0
17935,0,0,0,0,0,0,0,0,0,0,0,0,0,0,0,0,0
17941,0,0,0,0,0,0,0,0,0,0,0,0,0,0,0,0,0
17951,0,0,0,0,0,0,0,0,0,0,0,0,0,0,0,0,0
18558,0,0,0,0,0,0,0,0,0,0,0,0,0,0,0,0,0
18610,0,0,0,0,0,0,0,0,0,0,0,0,0,0,0,0,0
18611,0,0,0,0,0,0,0,0,0,0,0,0,0,0,0,0,0
18615,0,0,0,0,0,0,0,0,0,0,0,0,0,0,0,0,0
18701,0,0,0,0,0,0,0,0,0,0,0,0,0,0,0,0,0
18702,0,0,0,0,0,0,0,0,0,0,0,0,0,0,0,0,0
18720,0,0,0,0,0,0,0,0,0,0,0,0,0,0,0,0,0
18853,0,0,0,0,0,0,0,0,0,0,0,0,0,0,0,0,0
18854,0,0,0,0,0,0,0,0,0,0,0,0,0,0,0,0,0
18855,0,0,0,0,0,0,0,0,0,0,0,0,0,0,0,0,0
18856,0,0,0,0,0,0,0,0,0,0,0,0,0,0,0,0,0
18857,0,0,0,0,0,0,0,0,0,0,0,0,0,0,0,0,0
18858,0,0,0,0,0,0,0,0,0,0,0,0,0,0,0,0,0
18859,0,0,0,0,0,0,0,0,0,0,0,0,0,0,0,0,0
18860,0,0,0,0,0,0,0,0,0,0,0,0,0,0,0,0,0
18861,0,0,0,0,0,0,0,0,0,0,0,0,0,0,0,0,0
18862,0,0,0,0,0,0,0,0,0,0,0,0,0,0,0,0,0
18863,0,0,0,0,0,0,0,0,0,0,0,0,0,0,0,0,0
18864,0,0,0,0,0,0,0,0,0,0,0,0,0,0,0,0,0
18865,0,0,0,0,0,0,0,0,0,0,0,0,0,0,0,0,0
18866,0,0,0,0,0,0,0,0,0,0,0,0,0,0,0,0,0
18867,0,0,0,0,0,0,0,0,0,0,0,0,0,0,0,0,0
18868,0,0,0,0,0,0,0,0,0,0,0,0,0,0,0,0,0
18869,0,0,0,0,0,0,0,0,0,0,0,0,0,0,0,0,0
18870,0,0,0,0,0,0,0,0,0,0,0,0,0,0,0,0,0
18871,0,0,0,0,0,0,0,0,0,0,0,0,0,0,0,0,0
18872,0,0,0,0,0,0,0,0,0,0,0,0,0,0,0,0,0
18873,0,0,0,0,0,0,0,0,0,0,0,0,0,0,0,0,0
18874,0,0,0,0,0,0,0,0,0,0,0,0,0,0,0,0,0
18875,0,0,0,0,0,0,0,0,0,0,0,0,0,0,0,0,0
18876,0,0,0,0,0,0,0,0,0,0,0,0,0,0,0,0,0
18877,0,0,0,0,0,0,0,0,0,0,0,0,0,0,0,0,0
18878,0,0,0,0,0,0,0,0,0,0,0,0,0,0,0,0,0
18879,0,0,0,0,0,0,0,0,0,0,0,0,0,0,0,0,0
18880,0,0,0,0,0,0,0,0,0,0,0,0,0,0,0,0,0
18881,0,0,0,0,0,0,0,0,0,0,0,0,0,0,0,0,0
18882,0,0,0,0,0,0,0,0,0,0,0,0,0,0,0,0,0
18883,0,0,0,0,0,0,0,0,0,0,0,0,0,0,0,0,0
19005,0,0,0,0,0,0,0,0,0,0,0,0,0,0,0,0,0
19006,0,0,0,0,0,0,0,0,0,0,0,0,0,0,0,0,0
19016,0,0,0,0,0,0,0,0,0,0,0,0,0,0,0,0,0
19193,0,0,0,0,0,0,0,0,0,0,0,0,0,0,0,0,0
19197,0,0,0,0,0,0,0,0,0,0,0,0,0,0,0,0,0
19323,0,0,0,0,0,0,0,0,0,0,0,0,0,0,0,0,0
19324,0,0,0,0,0,0,0,0,0,0,0,0,0,0,0,0,0
19325,0,0,0,0,0,0,0,0,0,0,0,0,0,0,0,0,0
19326,0,0,0,0,0,0,0,0,0,0,0,0,0,0,0,0,0
19327,0,0,0,0,0,0,0,0,0,0,0,0,0,0,0,0,0
19329,0,0,0,0,0,0,0,0,0,0,0,0,0,0,0,0,0
19330,0,0,0,0,0,0,0,0,0,0,0,0,0,0,0,0,0
19331,0,0,0,0,0,0,0,0,0,0,0,0,0,0,0,0,0
19332,0,0,0,0,0,0,0,0,0,0,0,0,0,0,0,0,0
19334,0,0,0,0,0,0,0,0,0,0,0,0,0,0,0,0,0
19335,0,0,0,0,0,0,0,0,0,0,0,0,0,0,0,0,0
19336,0,0,0,0,0,0,0,0,0,0,0,0,0,0,0,0,0
19337,0,0,0,0,0,0,0,0,0,0,0,0,0,0,0,0,0
19338,0,0,0,0,0,0,0,0,0,0,0,0,0,0,0,0,0
19339,0,0,0,0,0,0,0,0,0,0,0,0,0,0,0,0,0
19340,0,0,0,0,0,0,0,0,0,0,0,0,0,0,0,0,0
19341,0,0,0,0,0,0,0,0,0,0,0,0,0,0,0,0,0
19342,0,0,0,0,0,0,0,0,0,0,0,0,0,0,0,0,0
19343,0,0,0,0,0,0,0,0,0,0,0,0,0,0,0,0,0
19344,0,0,0,0,0,0,0,0,0,0,0,0,0,0,0,0,0
19345,0,0,0,0,0,0,0,0,0,0,0,0,0,0,0,0,0
19346,0,0,0,0,0,0,0,0,0,0,0,0,0,0,0,0,0
19347,0,0,0,0,0,0,0,0,0,0,0,0,0,0,0,0,0
19348,0,0,0,0,0,0,0,0,0,0,0,0,0,0,0,0,0
19349,0,0,0,0,0,0,0,0,0,0,0,0,0,0,0,0,0
19350,0,0,0,0,0,0,0,0,0,0,0,0,0,0,0,0,0
19351,0,0,0,0,0,0,0,0,0,0,0,0,0,0,0,0,0
19352,0,0,0,0,0,0,0,0,0,0,0,0,0,0,0,0,0
19353,0,0,0,0,0,0,0,0,0,0,0,0,0,0,0,0,0
19485,0,0,0,0,0,0,0,0,0,0,0,0,0,0,0,0,0
19490,0,0,0,0,0,0,0,0,0,0,0,0,0,0,0,0,0
19491,0,0,0,0,0,0,0,0,0,0,0,0,0,0,0,0,0
19633,0,0,0,0,0,0,0,0,0,0,0,0,0,0,0,0,0
19634,0,0,0,0,0,0,0,0,0,0,0,0,0,0,0,0,0
19635,0,0,0,0,0,0,0,0,0,0,0,0,0,0,0,0,0
19636,0,0,0,0,0,0,0,0,0,0,0,0,0,0,0,0,0
19637,0,0,0,0,0,0,0,0,0,0,0,0,0,0,0,0,0
19638,0,0,0,0,0,0,0,0,0,0,0,0,0,0,0,0,0
19639,0,0,0,0,0,0,0,0,0,0,0,0,0,0,0,0,0
19640,0,0,0,0,0,0,0,0,0,0,0,0,0,0,0,0,0
19641,0,0,0,0,0,0,0,0,0,0,0,0,0,0,0,0,0
19642,0,0,0,0,0,0,0,0,0,0,0,0,0,0,0,0,0
19643,0,0,0,0,0,0,0,0,0,0,0,0,0,0,0,0,0
19644,0,0,0,0,0,0,0,0,0,0,0,0,0,0,0,0,0
19645,0,0,0,0,0,0,0,0,0,0,0,0,0,0,0,0,0
19646,0,0,0,0,0,0,0,0,0,0,0,0,0,0,0,0,0
19647,0,0,0,0,0,0,0,0,0,0,0,0,0,0,0,0,0
19648,0,0,0,0,0,0,0,0,0,0,0,0,0,0,0,0,0
19649,0,0,0,0,0,0,0,0,0,0,0,0,0,0,0,0,0
19650,0,0,0,0,0,0,0,0,0,0,0,0,0,0,0,0,0
19651,0,0,0,0,0,0,0,0,0,0,0,0,0,0,0,0,0
19652,0,0,0,0,0,0,0,0,0,0,0,0,0,0,0,0,0
19653,0,0,0,0,0,0,0,0,0,0,0,0,0,0,0,0,0
19654,0,0,0,0,0,0,0,0,0,0,0,0,0,0,0,0,0
19655,0,0,0,0,0,0,0,0,0,0,0,0,0,0,0,0,0
19656,0,0,0,0,0,0,0,0,0,0,0,0,0,0,0,0,0
19657,0,0,0,0,0,0,0,0,0,0,0,0,0,0,0,0,0
19658,0,0,0,0,0,0,0,0,0,0,0,0,0,0,0,0,0
19659,0,0,0,0,0,0,0,0,0,0,0,0,0,0,0,0,0
19660,0,0,0,0,0,0,0,0,0,0,0,0,0,0,0,0,0
19661,0,0,0,0,0,0,0,0,0,0,0,0,0,0,0,0,0
19662,0,0,0,0,0,0,0,0,0,0,0,0,0,0,0,0,0
19663,0,0,0,0,0,0,0,0,0,0,0,0,0,0,0,0,0
19745,0,0,0,0,0,0,0,0,0,0,0,0,0,0,0,0,0
19765,0,0,0,0,0,0,0,0,0,0,0,0,0,0,0,0,0
19775,0,0,0,0,0,0,0,0,0,0,0,0,0,0,0,0,0
19776,0,0,0,0,0,0,0,0,0,0,0,0,0,0,0,0,0
19783,0,0,0,0,0,0,0,0,0,0,0,0,0,0,0,0,0
19836,0,0,0,0,0,0,0,0,0,0,0,0,0,0,0,0,0
19837,0,0,0,0,0,0,0,0,0,0,0,0,0,0,0,0,0
19838,0,0,0,0,0,0,0,0,0,0,0,0,0,0,0,0,0
19839,0,0,0,0,0,0,0,0,0,0,0,0,0,0,0,0,0
19840,0,0,0,0,0,0,0,0,0,0,0,0,0,0,0,0,0
19841,0,0,0,0,0,0,0,0,0,0,0,0,0,0,0,0,0
19842,0,0,0,0,0,0,0,0,0,0,0,0,0,0,0,0,0
19843,0,0,0,0,0,0,0,0,0,0,0,0,0,0,0,0,0
19844,0,0,0,0,0,0,0,0,0,0,0,0,0,0,0,0,0
19845,0,0,0,0,0,0,0,0,0,0,0,0,0,0,0,0,0
19846,0,0,0,0,0,0,0,0,0,0,0,0,0,0,0,0,0
19847,0,0,0,0,0,0,0,0,0,0,0,0,0,0,0,0,0
19848,0,0,0,0,0,0,0,0,0,0,0,0,0,0,0,0,0
19849,0,0,0,0,0,0,0,0,0,0,0,0,0,0,0,0,0
19850,0,0,0,0,0,0,0,0,0,0,0,0,0,0,0,0,0
19851,0,0,0,0,0,0,0,0,0,0,0,0,0,0,0,0,0
19852,0,0,0,0,0,0,0,0,0,0,0,0,0,0,0,0,0
19853,0,0,0,0,0,0,0,0,0,0,0,0,0,0,0,0,0
19854,0,0,0,0,0,0,0,0,0,0,0,0,0,0,0,0,0
19855,0,0,0,0,0,0,0,0,0,0,0,0,0,0,0,0,0
19856,0,0,0,0,0,0,0,0,0,0,0,0,0,0,0,0,0
19857,0,0,0,0,0,0,0,0,0,0,0,0,0,0,0,0,0
19981,0,0,0,0,0,0,0,0,0,0,0,0,0,0,0,0,0
20004,0,0,0,0,0,0,0,0,0,0,0,0,0,0,0,0,0
20021,0,0,0,0,0,0,0,0,0,0,0,0,0,0,0,0,0
20043,0,0,0,0,0,0,0,0,0,0,0,0,0,0,0,0,0
20092,0,0,0,0,0,0,0,0,0,0,0,0,0,0,0,0,0
20165,0,0,0,0,0,0,0,0,0,0,0,0,0,0,0,0,0
20318,0,0,0,0,0,0,0,0,0,0,0,0,0,0,0,0,0
20319,0,0,0,0,0,0,0,0,0,0,0,0,0,0,0,0,0
20320,0,0,0,0,0,0,0,0,0,0,0,0,0,0,0,0,0
20321,0,0,0,0,0,0,0,0,0,0,0,0,0,0,0,0,0
20322,0,0,0,0,0,0,0,0,0,0,0,0,0,0,0,0,0
20323,0,0,0,0,0,0,0,0,0,0,0,0,0,0,0,0,0
20324,0,0,0,0,0,0,0,0,0,0,0,0,0,0,0,0,0
20325,0,0,0,0,0,0,0,0,0,0,0,0,0,0,0,0,0
20326,0,0,0,0,0,0,0,0,0,0,0,0,0,0,0,0,0
20327,0,0,0,0,0,0,0,0,0,0,0,0,0,0,0,0,0
20328,0,0,0,0,0,0,0,0,0,0,0,0,0,0,0,0,0
20329,0,0,0,0,0,0,0,0,0,0,0,0,0,0,0,0,0
20330,0,0,0,0,0,0,0,0,0,0,0,0,0,0,0,0,0
20331,0,0,0,0,0,0,0,0,0,0,0,0,0,0,0,0,0
20332,0,0,0,0,0,0,0,0,0,0,0,0,0,0,0,0,0
20333,0,0,0,0,0,0,0,0,0,0,0,0,0,0,0,0,0
20334,0,0,0,0,0,0,0,0,0,0,0,0,0,0,0,0,0
20335,0,0,0,0,0,0,0,0,0,0,0,0,0,0,0,0,0
20336,0,0,0,0,0,0,0,0,0,0,0,0,0,0,0,0,0
20337,0,0,0,0,0,0,0,0,0,0,0,0,0,0,0,0,0
20338,0,0,0,0,0,0,0,0,0,0,0,0,0,0,0,0,0
20339,0,0,0,0,0,0,0,0,0,0,0,0,0,0,0,0,0
20340,0,0,0,0,0,0,0,0,0,0,0,0,0,0,0,0,0
20341,0,0,0,0,0,0,0,0,0,0,0,0,0,0,0,0,0
20342,0,0,0,0,0,0,0,0,0,0,0,0,0,0,0,0,0
20343,0,0,0,0,0,0,0,0,0,0,0,0,0,0,0,0,0
20344,0,0,0,0,0,0,0,0,0,0,0,0,0,0,0,0,0
20345,0,0,0,0,0,0,0,0,0,0,0,0,0,0,0,0,0
20346,0,0,0,0,0,0,0,0,0,0,0,0,0,0,0,0,0
20347,0,0,0,0,0,0,0,0,0,0,0,0,0,0,0,0,0
20348,0,0,0,0,0,0,0,0,0,0,0,0,0,0,0,0,0
20455,0,0,0,0,0,0,0,0,0,0,0,0,0,0,0,0,0
20456,0,0,0,0,0,0,0,0,0,0,0,0,0,0,0,0,0
20457,0,0,0,0,0,0,0,0,0,0,0,0,0,0,0,0,0
20458,0,0,0,0,0,0,0,0,0,0,0,0,0,0,0,0,0
20459,0,0,0,0,0,0,0,0,0,0,0,0,0,0,0,0,0
20460,0,0,0,0,0,0,0,0,0,0,0,0,0,0,0,0,0
20461,0,0,0,0,0,0,0,0,0,0,0,0,0,0,0,0,0
20462,0,0,0,0,0,0,0,0,0,0,0,0,0,0,0,0,0
20463,0,0,0,0,0,0,0,0,0,0,0,0,0,0,0,0,0
20464,0,0,0,0,0,0,0,0,0,0,0,0,0,0,0,0,0
20465,0,0,0,0,0,0,0,0,0,0,0,0,0,0,0,0,0
20466,0,0,0,0,0,0,0,0,0,0,0,0,0,0,0,0,0
20467,0,0,0,0,0,0,0,0,0,0,0,0,0,0,0,0,0
20468,0,0,0,0,0,0,0,0,0,0,0,0,0,0,0,0,0
20469,0,0,0,0,0,0,0,0,0,0,0,0,0,0,0,0,0
20470,0,0,0,0,0,0,0,0,0,0,0,0,0,0,0,0,0
20471,0,0,0,0,0,0,0,0,0,0,0,0,0,0,0,0,0
20472,0,0,0,0,0,0,0,0,0,0,0,0,0,0,0,0,0
20473,0,0,0,0,0,0,0,0,0,0,0,0,0,0,0,0,0
20474,0,0,0,0,0,0,0,0,0,0,0,0,0,0,0,0,0
20475,0,0,0,0,0,0,0,0,0,0,0,0,0,0,0,0,0
20476,0,0,0,0,0,0,0,0,0,0,0,0,0,0,0,0,0
20583,0,0,0,0,0,0,0,0,0,0,0,0,0,0,0,0,0
20584,0,0,0,0,0,0,0,0,0,0,0,0,0,0,0,0,0
20585,0,0,0,0,0,0,0,0,0,0,0,0,0,0,0,0,0
20586,0,0,0,0,0,0,0,0,0,0,0,0,0,0,0,0,0
20587,0,0,0,0,0,0,0,0,0,0,0,0,0,0,0,0,0
20588,0,0,0,0,0,0,0,0,0,0,0,0,0,0,0,0,0
20589,0,0,0,0,0,0,0,0,0,0,0,0,0,0,0,0,0
20590,0,0,0,0,0,0,0,0,0,0,0,0,0,0,0,0,0
20591,0,0,0,0,0,0,0,0,0,0,0,0,0,0,0,0,0
20592,0,0,0,0,0,0,0,0,0,0,0,0,0,0,0,0,0
20593,0,0,0,0,0,0,0,0,0,0,0,0,0,0,0,0,0
20594,0,0,0,0,0,0,0,0,0,0,0,0,0,0,0,0,0
20595,0,0,0,0,0,0,0,0,0,0,0,0,0,0,0,0,0
20596,0,0,0,0,0,0,0,0,0,0,0,0,0,0,0,0,0
20597,0,0,0,0,0,0,0,0,0,0,0,0,0,0,0,0,0
20598,0,0,0,0,0,0,0,0,0,0,0,0,0,0,0,0,0
20599,0,0,0,0,0,0,0,0,0,0,0,0,0,0,0,0,0
20600,0,0,0,0,0,0,0,0,0,0,0,0,0,0,0,0,0
20601,0,0,0,0,0,0,0,0,0,0,0,0,0,0,0,0,0
20602,0,0,0,0,0,0,0,0,0,0,0,0,0,0,0,0,0
20603,0,0,0,0,0,0,0,0,0,0,0,0,0,0,0,0,0
20604,0,0,0,0,0,0,0,0,0,0,0,0,0,0,0,0,0
20605,0,0,0,0,0,0,0,0,0,0,0,0,0,0,0,0,0
20606,0,0,0,0,0,0,0,0,0,0,0,0,0,0,0,0,0
20607,0,0,0,0,0,0,0,0,0,0,0,0,0,0,0,0,0
20608,0,0,0,0,0,0,0,0,0,0,0,0,0,0,0,0,0
20609,0,0,0,0,0,0,0,0,0,0,0,0,0,0,0,0,0
20610,0,0,0,0,0,0,0,0,0,0,0,0,0,0,0,0,0
20611,0,0,0,0,0,0,0,0,0,0,0,0,0,0,0,0,0
20612,0,0,0,0,0,0,0,0,0,0,0,0,0,0,0,0,0
20613,0,0,0,0,0,0,0,0,0,0,0,0,0,0,0,0,0
20738,0,0,0,0,0,0,0,0,0,0,0,0,0,0,0,0,0
20739,0,0,0,0,0,0,0,0,0,0,0,0,0,0,0,0,0
20740,0,0,0,0,0,0,0,0,0,0,0,0,0,0,0,0,0
20741,0,0,0,0,0,0,0,0,0,0,0,0,0,0,0,0,0
20742,0,0,0,0,0,0,0,0,0,0,0,0,0,0,0,0,0
20743,0,0,0,0,0,0,0,0,0,0,0,0,0,0,0,0,0
20744,0,0,0,0,0,0,0,0,0,0,0,0,0,0,0,0,0
20745,0,0,0,0,0,0,0,0,0,0,0,0,0,0,0,0,0
20746,0,0,0,0,0,0,0,0,0,0,0,0,0,0,0,0,0
20747,0,0,0,0,0,0,0,0,0,0,0,0,0,0,0,0,0
20748,0,0,0,0,0,0,0,0,0,0,0,0,0,0,0,0,0
20749,0,0,0,0,0,0,0,0,0,0,0,0,0,0,0,0,0
20750,0,0,0,0,0,0,0,0,0,0,0,0,0,0,0,0,0
20751,0,0,0,0,0,0,0,0,0,0,0,0,0,0,0,0,0
20752,0,0,0,0,0,0,0,0,0,0,0,0,0,0,0,0,0
20753,0,0,0,0,0,0,0,0,0,0,0,0,0,0,0,0,0
20754,0,0,0,0,0,0,0,0,0,0,0,0,0,0,0,0,0
20755,0,0,0,0,0,0,0,0,0,0,0,0,0,0,0,0,0
20756,0,0,0,0,0,0,0,0,0,0,0,0,0,0,0,0,0
20757,0,0,0,0,0,0,0,0,0,0,0,0,0,0,0,0,0
20758,0,0,0,0,0,0,0,0,0,0,0,0,0,0,0,0,0
20759,0,0,0,0,0,0,0,0,0,0,0,0,0,0,0,0,0
20760,0,0,0,0,0,0,0,0,0,0,0,0,0,0,0,0,0
20761,0,0,0,0,0,0,0,0,0,0,0,0,0,0,0,0,0
20762,0,0,0,0,0,0,0,0,0,0,0,0,0,0,0,0,0
20763,0,0,0,0,0,0,0,0,0,0,0,0,0,0,0,0,0
20764,0,0,0,0,0,0,0,0,0,0,0,0,0,0,0,0,0
20765,0,0,0,0,0,0,0,0,0,0,0,0,0,0,0,0,0
20766,0,0,0,0,0,0,0,0,0,0,0,0,0,0,0,0,0
20767,0,0,0,0,0,0,0,0,0,0,0,0,0,0,0,0,0
20768,0,0,0,0,0,0,0,0,0,0,0,0,0,0,0,0,0
20900,0,0,0,0,0,0,0,0,0,0,0,0,0,0,0,0,0
21052,0,0,0,0,0,0,0,0,0,0,0,0,0,0,0,0,0
21056,0,0,0,0,0,0,0,0,0,0,0,0,0,0,0,0,0
21058,0,0,0,0,0,0,0,0,0,0,0,0,0,0,0,0,0
21059,0,0,0,0,0,0,0,0,0,0,0,0,0,0,0,0,0
21061,0,0,0,0,0,0,0,0,0,0,0,0,0,0,0,0,0
21064,0,0,0,0,0,0,0,0,0,0,0,0,0,0,0,0,0
21075,0,0,0,0,0,0,0,0,0,0,0,0,0,0,0,0,0
21191,0,0,0,0,0,0,0,0,0,0,0,0,0,0,0,0,0
21195,0,0,0,0,0,0,0,0,0,0,0,0,0,0,0,0,0
21200,0,0,0,0,0,0,0,0,0,0,0,0,0,0,0,0,0
21204,0,0,0,0,0,0,0,0,0,0,0,0,0,0,0,0,0
21285,0,0,0,0,0,0,0,0,0,0,0,0,0,0,0,0,0
21355,0,0,0,0,0,0,0,0,0,0,0,0,0,0,0,0,0
21356,0,0,0,0,0,0,0,0,0,0,0,0,0,0,0,0,0
21357,0,0,0,0,0,0,0,0,0,0,0,0,0,0,0,0,0
21358,0,0,0,0,0,0,0,0,0,0,0,0,0,0,0,0,0
21359,0,0,0,0,0,0,0,0,0,0,0,0,0,0,0,0,0
21361,0,0,0,0,0,0,0,0,0,0,0,0,0,0,0,0,0
21362,0,0,0,0,0,0,0,0,0,0,0,0,0,0,0,0,0
21363,0,0,0,0,0,0,0,0,0,0,0,0,0,0,0,0,0
21364,0,0,0,0,0,0,0,0,0,0,0,0,0,0,0,0,0
21365,0,0,0,0,0,0,0,0,0,0,0,0,0,0,0,0,0
21366,0,0,0,0,0,0,0,0,0,0,0,0,0,0,0,0,0
21367,0,0,0,0,0,0,0,0,0,0,0,0,0,0,0,0,0
21484,0,0,0,0,0,0,0,0,0,0,0,0,0,0,0,0,0
21489,0,0,0,0,0,0,0,0,0,0,0,0,0,0,0,0,0
21655,0,0,0,0,0,0,0,0,0,0,0,0,0,0,0,0,0
21826,0,0,0,0,0,0,0,0,0,0,0,0,0,0,0,0,0
22813,0,0,0,0,0,0,0,0,0,0,0,0,0,0,0,0,0
23262,0,0,0,0,0,0,0,0,0,0,0,0,0,0,0,0,0
24105,0,0,0,0,0,0,0,0,0,0,0,0,0,0,0,0,0
24541,0,0,0,0,0,0,0,0,0,0,0,0,0,0,0,0,0
24812,0,0,0,0,0,0,0,0,0,0,0,0,0,0,0,0,0
24813,0,0,0,0,0,0,0,0,0,0,0,0,0,0,0,0,0
24814,0,0,0,0,0,0,0,0,0,0,0,0,0,0,0,0,0
24815,0,0,0,0,0,0,0,0,0,0,0,0,0,0,0,0,0
24816,0,0,0,0,0,0,0,0,0,0,0,0,0,0,0,0,0
24817,0,0,0,0,0,0,0,0,0,0,0,0,0,0,0,0,0
24818,0,0,0,0,0,0,0,0,0,0,0,0,0,0,0,0,0
24819,0,0,0,0,0,0,0,0,0,0,0,0,0,0,0,0,0
24820,0,0,0,0,0,0,0,0,0,0,0,0,0,0,0,0,0
24821,0,0,0,0,0,0,0,0,0,0,0,0,0,0,0,0,0
24822,0,0,0,0,0,0,0,0,0,0,0,0,0,0,0,0,0
24824,0,0,0,0,0,0,0,0,0,0,0,0,0,0,0,0,0
24825,0,0,0,0,0,0,0,0,0,0,0,0,0,0,0,0,0
24827,0,0,0,0,0,0,0,0,0,0,0,0,0,0,0,0,0
24828,0,0,0,0,0,0,0,0,0,0,0,0,0,0,0,0,0
24927,0,0,0,0,0,0,0,0,0,0,0,0,0,0,0,0,0
24928,0,0,0,0,0,0,0,0,0,0,0,0,0,0,0,0,0
24929,0,0,0,0,0,0,0,0,0,0,0,0,0,0,0,0,0
24930,0,0,0,0,0,0,0,0,0,0,0,0,0,0,0,0,0
24931,0,0,0,0,0,0,0,0,0,0,0,0,0,0,0,0,0
24932,0,0,0,0,0,0,0,0,0,0,0,0,0,0,0,0,0
24933,0,0,0,0,0,0,0,0,0,0,0,0,0,0,0,0,0
24934,0,0,0,0,0,0,0,0,0,0,0,0,0,0,0,0,0
24935,0,0,0,0,0,0,0,0,0,0,0,0,0,0,0,0,0
24936,0,0,0,0,0,0,0,0,0,0,0,0,0,0,0,0,0
24937,0,0,0,0,0,0,0,0,0,0,0,0,0,0,0,0,0
24938,0,0,0,0,0,0,0,0,0,0,0,0,0,0,0,0,0
24939,0,0,0,0,0,0,0,0,0,0,0,0,0,0,0,0,0
24940,0,0,0,0,0,0,0,0,0,0,0,0,0,0,0,0,0
24941,0,0,0,0,0,0,0,0,0,0,0,0,0,0,0,0,0
24942,0,0,0,0,0,0,0,0,0,0,0,0,0,0,0,0,0
24943,0,0,0,0,0,0,0,0,0,0,0,0,0,0,0,0,0
24944,0,0,0,0,0,0,0,0,0,0,0,0,0,0,0,0,0
24945,0,0,0,0,0,0,0,0,0,0,0,0,0,0,0,0,0
24947,0,0,0,0,0,0,0,0,0,0,0,0,0,0,0,0,0
24948,0,0,0,0,0,0,0,0,0,0,0,0,0,0,0,0,0
24949,0,0,0,0,0,0,0,0,0,0,0,0,0,0,0,0,0
24950,0,0,0,0,0,0,0,0,0,0,0,0,0,0,0,0,0
24951,0,0,0,0,0,0,0,0,0,0,0,0,0,0,0,0,0
24952,0,0,0,0,0,0,0,0,0,0,0,0,0,0,0,0,0
24953,0,0,0,0,0,0,0,0,0,0,0,0,0,0,0,0,0
24954,0,0,0,0,0,0,0,0,0,0,0,0,0,0,0,0,0
24955,0,0,0,0,0,0,0,0,0,0,0,0,0,0,0,0,0
25074,0,0,0,0,0,0,0,0,0,0,0,0,0,0,0,0,0
25081,0,0,0,0,0,0,0,0,0,0,0,0,0,0,0,0,0
25219,0,0,0,0,0,0,0,0,0,0,0,0,0,0,0,0,0
25220,0,0,0,0,0,0,0,0,0,0,0,0,0,0,0,0,0
25221,0,0,0,0,0,0,0,0,0,0,0,0,0,0,0,0,0
25222,0,0,0,0,0,0,0,0,0,0,0,0,0,0,0,0,0
25223,0,0,0,0,0,0,0,0,0,0,0,0,0,0,0,0,0
25224,0,0,0,0,0,0,0,0,0,0,0,0,0,0,0,0,0
25225,0,0,0,0,0,0,0,0,0,0,0,0,0,0,0,0,0
25226,0,0,0,0,0,0,0,0,0,0,0,0,0,0,0,0,0
25227,0,0,0,0,0,0,0,0,0,0,0,0,0,0,0,0,0
25228,0,0,0,0,0,0,0,0,0,0,0,0,0,0,0,0,0
25229,0,0,0,0,0,0,0,0,0,0,0,0,0,0,0,0,0
25230,0,0,0,0,0,0,0,0,0,0,0,0,0,0,0,0,0
25231,0,0,0,0,0,0,0,0,0,0,0,0,0,0,0,0,0
25232,0,0,0,0,0,0,0,0,0,0,0,0,0,0,0,0,0
25233,0,0,0,0,0,0,0,0,0,0,0,0,0,0,0,0,0
25234,0,0,0,0,0,0,0,0,0,0,0,0,0,0,0,0,0
25235,0,0,0,0,0,0,0,0,0,0,0,0,0,0,0,0,0
25236,0,0,0,0,0,0,0,0,0,0,0,0,0,0,0,0,0
25237,0,0,0,0,0,0,0,0,0,0,0,0,0,0,0,0,0
25238,0,0,0,0,0,0,0,0,0,0,0,0,0,0,0,0,0
25239,0,0,0,0,0,0,0,0,0,0,0,0,0,0,0,0,0
25240,0,0,0,0,0,0,0,0,0,0,0,0,0,0,0,0,0
25241,0,0,0,0,0,0,0,0,0,0,0,0,0,0,0,0,0
25242,0,0,0,0,0,0,0,0,0,0,0,0,0,0,0,0,0
25243,0,0,0,0,0,0,0,0,0,0,0,0,0,0,0,0,0
25244,0,0,0,0,0,0,0,0,0,0,0,0,0,0,0,0,0
25245,0,0,0,0,0,0,0,0,0,0,0,0,0,0,0,0,0
25246,0,0,0,0,0,0,0,0,0,0,0,0,0,0,0,0,0
25247,0,0,0,0,0,0,0,0,0,0,0,0,0,0,0,0,0
25394,0,0,0,0,0,0,0,0,0,0,0,0,0,0,0,0,0
25673,0,0,0,0,0,0,0,0,0,0,0,0,0,0,0,0,0
25681,0,0,0,0,0,0,0,0,0,0,0,0,0,0,0,0,0
25684,0,0,0,0,0,0,0,0,0,0,0,0,0,0,0,0,0
25690,0,0,0,0,0,0,0,0,0,0,0,0,0,0,0,0,0
25691,0,0,0,0,0,0,0,0,0,0,0,0,0,0,0,0,0
25816,0,0,0,0,0,0,0,0,0,0,0,0,0,0,0,0,0
25817,0,0,0,0,0,0,0,0,0,0,0,0,0,0,0,0,0
25818,0,0,0,0,0,0,0,0,0,0,0,0,0,0,0,0,0
25819,0,0,0,0,0,0,0,0,0,0,0,0,0,0,0,0,0
25820,0,0,0,0,0,0,0,0,0,0,0,0,0,0,0,0,0
25821,0,0,0,0,0,0,0,0,0,0,0,0,0,0,0,0,0
25822,0,0,0,0,0,0,0,0,0,0,0,0,0,0,0,0,0
25823,0,0,0,0,0,0,0,0,0,0,0,0,0,0,0,0,0
25824,0,0,0,0,0,0,0,0,0,0,0,0,0,0,0,0,0
25825,0,0,0,0,0,0,0,0,0,0,0,0,0,0,0,0,0
25826,0,0,0,0,0,0,0,0,0,0,0,0,0,0,0,0,0
25827,0,0,0,0,0,0,0,0,0,0,0,0,0,0,0,0,0
25828,0,0,0,0,0,0,0,0,0,0,0,0,0,0,0,0,0
25829,0,0,0,0,0,0,0,0,0,0,0,0,0,0,0,0,0
25830,0,0,0,0,0,0,0,0,0,0,0,0,0,0,0,0,0
25831,0,0,0,0,0,0,0,0,0,0,0,0,0,0,0,0,0
25832,0,0,0,0,0,0,0,0,0,0,0,0,0,0,0,0,0
25833,0,0,0,0,0,0,0,0,0,0,0,0,0,0,0,0,0
25834,0,0,0,0,0,0,0,0,0,0,0,0,0,0,0,0,0
25835,0,0,0,0,0,0,0,0,0,0,0,0,0,0,0,0,0
25837,0,0,0,0,0,0,0,0,0,0,0,0,0,0,0,0,0
25838,0,0,0,0,0,0,0,0,0,0,0,0,0,0,0,0,0
25839,0,0,0,0,0,0,0,0,0,0,0,0,0,0,0,0,0
25840,0,0,0,0,0,0,0,0,0,0,0,0,0,0,0,0,0
25841,0,0,0,0,0,0,0,0,0,0,0,0,0,0,0,0,0
25842,0,0,0,0,0,0,0,0,0,0,0,0,0,0,0,0,0
25843,0,0,0,0,0,0,0,0,0,0,0,0,0,0,0,0,0
25844,0,0,0,0,0,0,0,0,0,0,0,0,0,0,0,0,0
25845,0,0,0,0,0,0,0,0,0,0,0,0,0,0,0,0,0
25984,0,0,0,0,0,0,0,0,0,0,0,0,0,0,0,0,0
25985,0,0,0,0,0,0,0,0,0,0,0,0,0,0,0,0,0
25986,0,0,0,0,0,0,0,0,0,0,0,0,0,0,0,0,0
25987,0,0,0,0,0,0,0,0,0,0,0,0,0,0,0,0,0
25988,0,0,0,0,0,0,0,0,0,0,0,0,0,0,0,0,0
25989,0,0,0,0,0,0,0,0,0,0,0,0,0,0,0,0,0
25990,0,0,0,0,0,0,0,0,0,0,0,0,0,0,0,0,0
25991,0,0,0,0,0,0,0,0,0,0,0,0,0,0,0,0,0
25992,0,0,0,0,0,0,0,0,0,0,0,0,0,0,0,0,0
25993,0,0,0,0,0,0,0,0,0,0,0,0,0,0,0,0,0
25994,0,0,0,0,0,0,0,0,0,0,0,0,0,0,0,0,0
25995,0,0,0,0,0,0,0,0,0,0,0,0,0,0,0,0,0
25996,0,0,0,0,0,0,0,0,0,0,0,0,0,0,0,0,0
25997,0,0,0,0,0,0,0,0,0,0,0,0,0,0,0,0,0
25998,0,0,0,0,0,0,0,0,0,0,0,0,0,0,0,0,0
25999,0,0,0,0,0,0,0,0,0,0,0,0,0,0,0,0,0
26000,0,0,0,0,0,0,0,0,0,0,0,0,0,0,0,0,0
26001,0,0,0,0,0,0,0,0,0,0,0,0,0,0,0,0,0
26002,0,0,0,0,0,0,0,0,0,0,0,0,0,0,0,0,0
26003,0,0,0,0,0,0,0,0,0,0,0,0,0,0,0,0,0
26004,0,0,0,0,0,0,0,0,0,0,0,0,0,0,0,0,0
26005,0,0,0,0,0,0,0,0,0,0,0,0,0,0,0,0,0
26006,0,0,0,0,0,0,0,0,0,0,0,0,0,0,0,0,0
26007,0,0,0,0,0,0,0,0,0,0,0,0,0,0,0,0,0
26008,0,0,0,0,0,0,0,0,0,0,0,0,0,0,0,0,0
26009,0,0,0,0,0,0,0,0,0,0,0,0,0,0,0,0,0
26010,0,0,0,0,0,0,0,0,0,0,0,0,0,0,0,0,0
26011,0,0,0,0,0,0,0,0,0,0,0,0,0,0,0,0,0
26012,0,0,0,0,0,0,0,0,0,0,0,0,0,0,0,0,0
26013,0,0,0,0,0,0,0,0,0,0,0,0,0,0,0,0,0
26179,0,0,0,0,0,0,0,0,0,0,0,0,0,0,0,0,0
26184,0,0,0,0,0,0,0,0,0,0,0,0,0,0,0,0,0
26189,0,0,0,0,0,0,0,0,0,0,0,0,0,0,0,0,0
27195,0,0,0,0,0,0,0,0,0,0,0,0,0,0,0,0,0
27196,0,0,0,0,0,0,0,0,0,0,0,0,0,0,0,0,0
27197,0,0,0,0,0,0,0,0,0,0,0,0,0,0,0,0,0
27198,0,0,0,0,0,0,0,0,0,0,0,0,0,0,0,0,0
27199,0,0,0,0,0,0,0,0,0,0,0,0,0,0,0,0,0
27200,0,0,0,0,0,0,0,0,0,0,0,0,0,0,0,0,0
27201,0,0,0,0,0,0,0,0,0,0,0,0,0,0,0,0,0
27202,0,0,0,0,0,0,0,0,0,0,0,0,0,0,0,0,0
27203,0,0,0,0,0,0,0,0,0,0,0,0,0,0,0,0,0
27204,0,0,0,0,0,0,0,0,0,0,0,0,0,0,0,0,0
27205,0,0,0,0,0,0,0,0,0,0,0,0,0,0,0,0,0
27206,0,0,0,0,0,0,0,0,0,0,0,0,0,0,0,0,0
27292,0,0,0,0,0,0,0,0,0,0,0,0,0,0,0,0,0
27293,0,0,0,0,0,0,0,0,0,0,0,0,0,0,0,0,0
27294,0,0,0,0,0,0,0,0,0,0,0,0,0,0,0,0,0
27295,0,0,0,0,0,0,0,0,0,0,0,0,0,0,0,0,0
27296,0,0,0,0,0,0,0,0,0,0,0,0,0,0,0,0,0
27298,0,0,0,0,0,0,0,0,0,0,0,0,0,0,0,0,0
27300,0,0,0,0,0,0,0,0,0,0,0,0,0,0,0,0,0
27301,0,0,0,0,0,0,0,0,0,0,0,0,0,0,0,0,0
27302,0,0,0,0,0,0,0,0,0,0,0,0,0,0,0,0,0
27303,0,0,0,0,0,0,0,0,0,0,0,0,0,0,0,0,0
27304,0,0,0,0,0,0,0,0,0,0,0,0,0,0,0,0,0
27306,0,0,0,0,0,0,0,0,0,0,0,0,0,0,0,0,0
27307,0,0,0,0,0,0,0,0,0,0,0,0,0,0,0,0,0
27308,0,0,0,0,0,0,0,0,0,0,0,0,0,0,0,0,0
27309,0,0,0,0,0,0,0,0,0,0,0,0,0,0,0,0,0
27310,0,0,0,0,0,0,0,0,0,0,0,0,0,0,0,0,0
27311,0,0,0,0,0,0,0,0,0,0,0,0,0,0,0,0,0
27312,0,0,0,0,0,0,0,0,0,0,0,0,0,0,0,0,0
27313,0,0,0,0,0,0,0,0,0,0,0,0,0,0,0,0,0
27314,0,0,0,0,0,0,0,0,0,0,0,0,0,0,0,0,0
27316,0,0,0,0,0,0,0,0,0,0,0,0,0,0,0,0,0
27317,0,0,0,0,0,0,0,0,0,0,0,0,0,0,0,0,0
27318,0,0,0,0,0,0,0,0,0,0,0,0,0,0,0,0,0
27319,0,0,0,0,0,0,0,0,0,0,0,0,0,0,0,0,0
27320,0,0,0,0,0,0,0,0,0,0,0,0,0,0,0,0,0
27321,0,0,0,0,0,0,0,0,0,0,0,0,0,0,0,0,0
27322,0,0,0,0,0,0,0,0,0,0,0,0,0,0,0,0,0
27588,0,0,0,0,0,0,0,0,0,0,0,0,0,0,0,0,0
27589,0,0,0,0,0,0,0,0,0,0,0,0,0,0,0,0,0
27590,0,0,0,0,0,0,0,0,0,0,0,0,0,0,0,0,0
27591,0,0,0,0,0,0,0,0,0,0,0,0,0,0,0,0,0
27592,0,0,0,0,0,0,0,0,0,0,0,0,0,0,0,0,0
27593,0,0,0,0,0,0,0,0,0,0,0,0,0,0,0,0,0
27594,0,0,0,0,0,0,0,0,0,0,0,0,0,0,0,0,0
27595,0,0,0,0,0,0,0,0,0,0,0,0,0,0,0,0,0
27596,0,0,0,0,0,0,0,0,0,0,0,0,0,0,0,0,0
27597,0,0,0,0,0,0,0,0,0,0,0,0,0,0,0,0,0
27598,0,0,0,0,0,0,0,0,0,0,0,0,0,0,0,0,0
27599,0,0,0,0,0,0,0,0,0,0,0,0,0,0,0,0,0
27600,0,0,0,0,0,0,0,0,0,0,0,0,0,0,0,0,0
27601,0,0,0,0,0,0,0,0,0,0,0,0,0,0,0,0,0
27602,0,0,0,0,0,0,0,0,0,0,0,0,0,0,0,0,0
27603,0,0,0,0,0,0,0,0,0,0,0,0,0,0,0,0,0
27604,0,0,0,0,0,0,0,0,0,0,0,0,0,0,0,0,0
27605,0,0,0,0,0,0,0,0,0,0,0,0,0,0,0,0,0
27606,0,0,0,0,0,0,0,0,0,0,0,0,0,0,0,0,0
27607,0,0,0,0,0,0,0,0,0,0,0,0,0,0,0,0,0
27608,0,0,0,0,0,0,0,0,0,0,0,0,0,0,0,0,0
27609,0,0,0,0,0,0,0,0,0,0,0,0,0,0,0,0,0
27610,0,0,0,0,0,0,0,0,0,0,0,0,0,0,0,0,0
27611,0,0,0,0,0,0,0,0,0,0,0,0,0,0,0,0,0
27612,0,0,0,0,0,0,0,0,0,0,0,0,0,0,0,0,0
27613,0,0,0,0,0,0,0,0,0,0,0,0,0,0,0,0,0
27614,0,0,0,0,0,0,0,0,0,0,0,0,0,0,0,0,0
27615,0,0,0,0,0,0,0,0,0,0,0,0,0,0,0,0,0
27616,0,0,0,0,0,0,0,0,0,0,0,0,0,0,0,0,0
27754,0,0,0,0,0,0,0,0,0,0,0,0,0,0,0,0,0
27892,0,0,0,0,0,0,0,0,0,0,0,0,0,0,0,0,0
27893,0,0,0,0,0,0,0,0,0,0,0,0,0,0,0,0,0
27894,0,0,0,0,0,0,0,0,0,0,0,0,0,0,0,0,0
27895,0,0,0,0,0,0,0,0,0,0,0,0,0,0,0,0,0
27896,0,0,0,0,0,0,0,0,0,0,0,0,0,0,0,0,0
27897,0,0,0,0,0,0,0,0,0,0,0,0,0,0,0,0,0
27898,0,0,0,0,0,0,0,0,0,0,0,0,0,0,0,0,0
27899,0,0,0,0,0,0,0,0,0,0,0,0,0,0,0,0,0
27900,0,0,0,0,0,0,0,0,0,0,0,0,0,0,0,0,0
27901,0,0,0,0,0,0,0,0,0,0,0,0,0,0,0,0,0
27902,0,0,0,0,0,0,0,0,0,0,0,0,0,0,0,0,0
27903,0,0,0,0,0,0,0,0,0,0,0,0,0,0,0,0,0
27904,0,0,0,0,0,0,0,0,0,0,0,0,0,0,0,0,0
27905,0,0,0,0,0,0,0,0,0,0,0,0,0,0,0,0,0
27906,0,0,0,0,0,0,0,0,0,0,0,0,0,0,0,0,0
27907,0,0,0,0,0,0,0,0,0,0,0,0,0,0,0,0,0
27908,0,0,0,0,0,0,0,0,0,0,0,0,0,0,0,0,0
27909,0,0,0,0,0,0,0,0,0,0,0,0,0,0,0,0,0
27911,0,0,0,0,0,0,0,0,0,0,0,0,0,0,0,0,0
27912,0,0,0,0,0,0,0,0,0,0,0,0,0,0,0,0,0
27913,0,0,0,0,0,0,0,0,0,0,0,0,0,0,0,0,0
27914,0,0,0,0,0,0,0,0,0,0,0,0,0,0,0,0,0
27915,0,0,0,0,0,0,0,0,0,0,0,0,0,0,0,0,0
27916,0,0,0,0,0,0,0,0,0,0,0,0,0,0,0,0,0
27917,0,0,0,0,0,0,0,0,0,0,0,0,0,0,0,0,0
27918,0,0,0,0,0,0,0,0,0,0,0,0,0,0,0,0,0
27919,0,0,0,0,0,0,0,0,0,0,0,0,0,0,0,0,0
27920,0,0,0,0,0,0,0,0,0,0,0,0,0,0,0,0,0
27921,0,0,0,0,0,0,0,0,0,0,0,0,0,0,0,0,0
27922,0,0,0,0,0,0,0,0,0,0,0,0,0,0,0,0,0
28202,0,0,0,0,0,0,0,0,0,0,0,0,0,0,0,0,0
28203,0,0,0,0,0,0,0,0,0,0,0,0,0,0,0,0,0
28204,0,0,0,0,0,0,0,0,0,0,0,0,0,0,0,0,0
28205,0,0,0,0,0,0,0,0,0,0,0,0,0,0,0,0,0
28206,0,0,0,0,0,0,0,0,0,0,0,0,0,0,0,0,0
28207,0,0,0,0,0,0,0,0,0,0,0,0,0,0,0,0,0
28208,0,0,0,0,0,0,0,0,0,0,0,0,0,0,0,0,0
28209,0,0,0,0,0,0,0,0,0,0,0,0,0,0,0,0,0
28210,0,0,0,0,0,0,0,0,0,0,0,0,0,0,0,0,0
28211,0,0,0,0,0,0,0,0,0,0,0,0,0,0,0,0,0
28212,0,0,0,0,0,0,0,0,0,0,0,0,0,0,0,0,0
28213,0,0,0,0,0,0,0,0,0,0,0,0,0,0,0,0,0
28214,0,0,0,0,0,0,0,0,0,0,0,0,0,0,0,0,0
28215,0,0,0,0,0,0,0,0,0,0,0,0,0,0,0,0,0
28216,0,0,0,0,0,0,0,0,0,0,0,0,0,0,0,0,0
28217,0,0,0,0,0,0,0,0,0,0,0,0,0,0,0,0,0
28219,0,0,0,0,0,0,0,0,0,0,0,0,0,0,0,0,0
28221,0,0,0,0,0,0,0,0,0,0,0,0,0,0,0,0,0
28222,0,0,0,0,0,0,0,0,0,0,0,0,0,0,0,0,0
28223,0,0,0,0,0,0,0,0,0,0,0,0,0,0,0,0,0
28224,0,0,0,0,0,0,0,0,0,0,0,0,0,0,0,0,0
28225,0,0,0,0,0,0,0,0,0,0,0,0,0,0,0,0,0
28226,0,0,0,0,0,0,0,0,0,0,0,0,0,0,0,0,0
28227,0,0,0,0,0,0,0,0,0,0,0,0,0,0,0,0,0
28228,0,0,0,0,0,0,0,0,0,0,0,0,0,0,0,0,0
28229,0,0,0,0,0,0,0,0,0,0,0,0,0,0,0,0,0
28230,0,0,0,0,0,0,0,0,0,0,0,0,0,0,0,0,0
28231,0,0,0,0,0,0,0,0,0,0,0,0,0,0,0,0,0
28232,0,0,0,0,0,0,0,0,0,0,0,0,0,0,0,0,0
28670,0,0,0,0,0,0,0,0,0,0,0,0,0,0,0,0,0
29308,0,0,0,0,0,0,0,0,0,0,0,0,0,0,0,0,0
30610,0,0,0,0,0,0,0,0,0,0,0,0,0,0,0,0,0
30615,0,0,0,0,0,0,0,0,0,0,0,0,0,0,0,0,0
30620,0,0,0,0,0,0,0,0,0,0,0,0,0,0,0,0,0
30689,0,0,0,0,0,0,0,0,0,0,0,0,0,0,0,0,0
30690,0,0,0,0,0,0,0,0,0,0,0,0,0,0,0,0,0
30691,0,0,0,0,0,0,0,0,0,0,0,0,0,0,0,0,0
30694,0,0,0,0,0,0,0,0,0,0,0,0,0,0,0,0,0
30695,0,0,0,0,0,0,0,0,0,0,0,0,0,0,0,0,0
30696,0,0,0,0,0,0,0,0,0,0,0,0,0,0,0,0,0
30698,0,0,0,0,0,0,0,0,0,0,0,0,0,0,0,0,0
30699,0,0,0,0,0,0,0,0,0,0,0,0,0,0,0,0,0
30700,0,0,0,0,0,0,0,0,0,0,0,0,0,0,0,0,0
30702,0,0,0,0,0,0,0,0,0,0,0,0,0,0,0,0,0
30703,0,0,0,0,0,0,0,0,0,0,0,0,0,0,0,0,0
30795,0,0,0,0,0,0,0,0,0,0,0,0,0,0,0,0,0
30796,0,0,0,0,0,0,0,0,0,0,0,0,0,0,0,0,0
30797,0,0,0,0,0,0,0,0,0,0,0,0,0,0,0,0,0
30800,0,0,0,0,0,0,0,0,0,0,0,0,0,0,0,0,0
30801,0,0,0,0,0,0,0,0,0,0,0,0,0,0,0,0,0
30802,0,0,0,0,0,0,0,0,0,0,0,0,0,0,0,0,0
30805,0,0,0,0,0,0,0,0,0,0,0,0,0,0,0,0,0
30806,0,0,0,0,0,0,0,0,0,0,0,0,0,0,0,0,0
30807,0,0,0,0,0,0,0,0,0,0,0,0,0,0,0,0,0
30809,0,0,0,0,0,0,0,0,0,0,0,0,0,0,0,0,0
30810,0,0,0,0,0,0,0,0,0,0,0,0,0,0,0,0,0
30811,0,0,0,0,0,0,0,0,0,0,0,0,0,0,0,0,0
30813,0,0,0,0,0,0,0,0,0,0,0,0,0,0,0,0,0
30814,0,0,0,0,0,0,0,0,0,0,0,0,0,0,0,0,0
30815,0,0,0,0,0,0,0,0,0,0,0,0,0,0,0,0,0
30817,0,0,0,0,0,0,0,0,0,0,0,0,0,0,0,0,0
30818,0,0,0,0,0,0,0,0,0,0,0,0,0,0,0,0,0
30819,0,0,0,0,0,0,0,0,0,0,0,0,0,0,0,0,0
30821,0,0,0,0,0,0,0,0,0,0,0,0,0,0,0,0,0
30822,0,0,0,0,0,0,0,0,0,0,0,0,0,0,0,0,0
30960,0,0,0,0,0,0,0,0,0,0,0,0,0,0,0,0,0
30964,0,0,0,0,0,0,0,0,0,0,0,0,0,0,0,0,0
31085,0,0,0,0,0,0,0,0,0,0,0,0,0,0,0,0,0
31086,0,0,0,0,0,0,0,0,0,0,0,0,0,0,0,0,0
31087,0,0,0,0,0,0,0,0,0,0,0,0,0,0,0,0,0
31088,0,0,0,0,0,0,0,0,0,0,0,0,0,0,0,0,0
31090,0,0,0,0,0,0,0,0,0,0,0,0,0,0,0,0,0
31091,0,0,0,0,0,0,0,0,0,0,0,0,0,0,0,0,0
31092,0,0,0,0,0,0,0,0,0,0,0,0,0,0,0,0,0
31095,0,0,0,0,0,0,0,0,0,0,0,0,0,0,0,0,0
31096,0,0,0,0,0,0,0,0,0,0,0,0,0,0,0,0,0
31098,0,0,0,0,0,0,0,0,0,0,0,0,0,0,0,0,0
31099,0,0,0,0,0,0,0,0,0,0,0,0,0,0,0,0,0
31100,0,0,0,0,0,0,0,0,0,0,0,0,0,0,0,0,0
31102,0,0,0,0,0,0,0,0,0,0,0,0,0,0,0,0,0
31103,0,0,0,0,0,0,0,0,0,0,0,0,0,0,0,0,0
31104,0,0,0,0,0,0,0,0,0,0,0,0,0,0,0,0,0
31106,0,0,0,0,0,0,0,0,0,0,0,0,0,0,0,0,0
31107,0,0,0,0,0,0,0,0,0,0,0,0,0,0,0,0,0
31108,0,0,0,0,0,0,0,0,0,0,0,0,0,0,0,0,0
31110,0,0,0,0,0,0,0,0,0,0,0,0,0,0,0,0,0
31111,0,0,0,0,0,0,0,0,0,0,0,0,0,0,0,0,0
31112,0,0,0,0,0,0,0,0,0,0,0,0,0,0,0,0,0
31382,0,0,0,0,0,0,0,0,0,0,0,0,0,0,0,0,0
31383,0,0,0,0,0,0,0,0,0,0,0,0,0,0,0,0,0
31384,0,0,0,0,0,0,0,0,0,0,0,0,0,0,0,0,0
31385,0,0,0,0,0,0,0,0,0,0,0,0,0,0,0,0,0
31387,0,0,0,0,0,0,0,0,0,0,0,0,0,0,0,0,0
31388,0,0,0,0,0,0,0,0,0,0,0,0,0,0,0,0,0
31389,0,0,0,0,0,0,0,0,0,0,0,0,0,0,0,0,0
31392,0,0,0,0,0,0,0,0,0,0,0,0,0,0,0,0,0
31393,0,0,0,0,0,0,0,0,0,0,0,0,0,0,0,0,0
31394,0,0,0,0,0,0,0,0,0,0,0,0,0,0,0,0,0
31396,0,0,0,0,0,0,0,0,0,0,0,0,0,0,0,0,0
31397,0,0,0,0,0,0,0,0,0,0,0,0,0,0,0,0,0
31398,0,0,0,0,0,0,0,0,0,0,0,0,0,0,0,0,0
31400,0,0,0,0,0,0,0,0,0,0,0,0,0,0,0,0,0
31401,0,0,0,0,0,0,0,0,0,0,0,0,0,0,0,0,0
31402,0,0,0,0,0,0,0,0,0,0,0,0,0,0,0,0,0
31404,0,0,0,0,0,0,0,0,0,0,0,0,0,0,0,0,0
31405,0,0,0,0,0,0,0,0,0,0,0,0,0,0,0,0,0
31406,0,0,0,0,0,0,0,0,0,0,0,0,0,0,0,0,0
31408,0,0,0,0,0,0,0,0,0,0,0,0,0,0,0,0,0
31409,0,0,0,0,0,0,0,0,0,0,0,0,0,0,0,0,0
31410,0,0,0,0,0,0,0,0,0,0,0,0,0,0,0,0,0
31682,0,0,0,0,0,0,0,0,0,0,0,0,0,0,0,0,0
31683,0,0,0,0,0,0,0,0,0,0,0,0,0,0,0,0,0
31684,0,0,0,0,0,0,0,0,0,0,0,0,0,0,0,0,0
31685,0,0,0,0,0,0,0,0,0,0,0,0,0,0,0,0,0
31687,0,0,0,0,0,0,0,0,0,0,0,0,0,0,0,0,0
31688,0,0,0,0,0,0,0,0,0,0,0,0,0,0,0,0,0
31689,0,0,0,0,0,0,0,0,0,0,0,0,0,0,0,0,0
31692,0,0,0,0,0,0,0,0,0,0,0,0,0,0,0,0,0
31694,0,0,0,0,0,0,0,0,0,0,0,0,0,0,0,0,0
31696,0,0,0,0,0,0,0,0,0,0,0,0,0,0,0,0,0
31697,0,0,0,0,0,0,0,0,0,0,0,0,0,0,0,0,0
31698,0,0,0,0,0,0,0,0,0,0,0,0,0,0,0,0,0
31700,0,0,0,0,0,0,0,0,0,0,0,0,0,0,0,0,0
31701,0,0,0,0,0,0,0,0,0,0,0,0,0,0,0,0,0
31702,0,0,0,0,0,0,0,0,0,0,0,0,0,0,0,0,0
31704,0,0,0,0,0,0,0,0,0,0,0,0,0,0,0,0,0
31705,0,0,0,0,0,0,0,0,0,0,0,0,0,0,0,0,0
31706,0,0,0,0,0,0,0,0,0,0,0,0,0,0,0,0,0
31708,0,0,0,0,0,0,0,0,0,0,0,0,0,0,0,0,0
31709,0,0,0,0,0,0,0,0,0,0,0,0,0,0,0,0,0
31710,0,0,0,0,0,0,0,0,0,0,0,0,0,0,0,0,0
31945,0,0,0,0,0,0,0,0,0,0,0,0,0,0,0,0,0
32019,0,0,0,0,0,0,0,0,0,0,0,0,0,0,0,0,0